base_name,extension,first_frame,last_frame,frame_count,missing_frame_count,total_size_bytes,total_size_human,directory,first_frame_path,width,height,fps,codec,pix_fmt,duration_sec
Brush,.jpg,1,30,30,0,5112697,4.9 MB,S:\_POST_PRODUCTION\_VFX_ELEMENTS\(-RIOT_GEAR-)\Brush_Paint_ Images\High,S:\_POST_PRODUCTION\_VFX_ELEMENTS\(-RIOT_GEAR-)\Brush_Paint_ Images\High\Brush_01.jpg,,,,,,
Brush,.jpg,1,30,30,0,2021936,1.9 MB,S:\_POST_PRODUCTION\_VFX_ELEMENTS\(-RIOT_GEAR-)\Brush_Paint_ Images\Low,S:\_POST_PRODUCTION\_VFX_ELEMENTS\(-RIOT_GEAR-)\Brush_Paint_ Images\Low\Brush_01.jpg,,,,,,
Grunge,.jpg,1,20,20,0,38455613,36.7 MB,S:\_POST_PRODUCTION\_VFX_ELEMENTS\(-RIOT_GEAR-)\Grungy_Textures\High\Color,S:\_POST_PRODUCTION\_VFX_ELEMENTS\(-RIOT_GEAR-)\Grungy_Textures\High\Color\Grunge_01.jpg,,,,,,
Grunge_gray,.jpg,1,20,20,0,33843730,32.3 MB,S:\_POST_PRODUCTION\_VFX_ELEMENTS\(-RIOT_GEAR-)\Grungy_Textures\High\Grayscale,S:\_POST_PRODUCTION\_VFX_ELEMENTS\(-RIOT_GEAR-)\Grungy_Textures\High\Grayscale\Grunge_gray_01.jpg,,,,,,
Grunge,.jpg,1,20,20,0,6237997,5.9 MB,S:\_POST_PRODUCTION\_VFX_ELEMENTS\(-RIOT_GEAR-)\Grungy_Textures\Low\Color,S:\_POST_PRODUCTION\_VFX_ELEMENTS\(-RIOT_GEAR-)\Grungy_Textures\Low\Color\Grunge_01.jpg,,,,,,
Grunge_gray,.jpg,1,20,20,0,5565725,5.3 MB,S:\_POST_PRODUCTION\_VFX_ELEMENTS\(-RIOT_GEAR-)\Grungy_Textures\Low\Grayscale,S:\_POST_PRODUCTION\_VFX_ELEMENTS\(-RIOT_GEAR-)\Grungy_Textures\Low\Grayscale\Grunge_gray_01.jpg,,,,,,
Paper,.jpg,1,10,10,0,10740748,10.2 MB,S:\_POST_PRODUCTION\_VFX_ELEMENTS\(-RIOT_GEAR-)\Paper_Textures\High,S:\_POST_PRODUCTION\_VFX_ELEMENTS\(-RIOT_GEAR-)\Paper_Textures\High\Paper_01.jpg,,,,,,
Paper,.jpg,1,10,10,0,2938511,2.8 MB,S:\_POST_PRODUCTION\_VFX_ELEMENTS\(-RIOT_GEAR-)\Paper_Textures\Low,S:\_POST_PRODUCTION\_VFX_ELEMENTS\(-RIOT_GEAR-)\Paper_Textures\Low\Paper_01.jpg,,,,,,
Drip,.jpg,1,8,8,0,1318152,1.3 MB,S:\_POST_PRODUCTION\_VFX_ELEMENTS\(-RIOT_GEAR-)\Splatter_Images\High\Dripping_Ink,S:\_POST_PRODUCTION\_VFX_ELEMENTS\(-RIOT_GEAR-)\Splatter_Images\High\Dripping_Ink\Drip_01.jpg,,,,,,
Splatter,.jpg,1,22,22,0,2437907,2.3 MB,S:\_POST_PRODUCTION\_VFX_ELEMENTS\(-RIOT_GEAR-)\Splatter_Images\High\Splatter_Ink,S:\_POST_PRODUCTION\_VFX_ELEMENTS\(-RIOT_GEAR-)\Splatter_Images\High\Splatter_Ink\Splatter_01.jpg,,,,,,
Drip,.jpg,1,8,8,0,719632,702.8 KB,S:\_POST_PRODUCTION\_VFX_ELEMENTS\(-RIOT_GEAR-)\Splatter_Images\Low\Dripping_Ink,S:\_POST_PRODUCTION\_VFX_ELEMENTS\(-RIOT_GEAR-)\Splatter_Images\Low\Dripping_Ink\Drip_01.jpg,,,,,,
Splatter,.jpg,1,22,22,0,1466689,1.4 MB,S:\_POST_PRODUCTION\_VFX_ELEMENTS\(-RIOT_GEAR-)\Splatter_Images\Low\Splatter_Ink,S:\_POST_PRODUCTION\_VFX_ELEMENTS\(-RIOT_GEAR-)\Splatter_Images\Low\Splatter_Ink\Splatter_01.jpg,,,,,,
A6M2N,.jpg,1,3,3,0,668412,652.7 KB,S:\_POST_PRODUCTION\_VFX_ELEMENTS\3D Models\3Ds Max 500 Models And Textures\500_Modeles_HQ+Textures_FR_ZIP_by_SRC.powaa\DATA\AIRCRAFT\A6M2N,S:\_POST_PRODUCTION\_VFX_ELEMENTS\3D Models\3Ds Max 500 Models And Textures\500_Modeles_HQ+Textures_FR_ZIP_by_SRC.powaa\DATA\AIRCRAFT\A6M2N\A6M2N_01.jpg,,,,,,
AIRBUS,.jpg,1,3,3,0,593428,579.5 KB,S:\_POST_PRODUCTION\_VFX_ELEMENTS\3D Models\3Ds Max 500 Models And Textures\500_Modeles_HQ+Textures_FR_ZIP_by_SRC.powaa\DATA\AIRCRAFT\AIRBUS,S:\_POST_PRODUCTION\_VFX_ELEMENTS\3D Models\3Ds Max 500 Models And Textures\500_Modeles_HQ+Textures_FR_ZIP_by_SRC.powaa\DATA\AIRCRAFT\AIRBUS\AIRBUS01.jpg,,,,,,
B29,.jpg,1,3,3,0,704742,688.2 KB,S:\_POST_PRODUCTION\_VFX_ELEMENTS\3D Models\3Ds Max 500 Models And Textures\500_Modeles_HQ+Textures_FR_ZIP_by_SRC.powaa\DATA\AIRCRAFT\B29,S:\_POST_PRODUCTION\_VFX_ELEMENTS\3D Models\3Ds Max 500 Models And Textures\500_Modeles_HQ+Textures_FR_ZIP_by_SRC.powaa\DATA\AIRCRAFT\B29\B29_01.jpg,,,,,,
B52,.jpg,1,3,3,0,705130,688.6 KB,S:\_POST_PRODUCTION\_VFX_ELEMENTS\3D Models\3Ds Max 500 Models And Textures\500_Modeles_HQ+Textures_FR_ZIP_by_SRC.powaa\DATA\AIRCRAFT\B52,S:\_POST_PRODUCTION\_VFX_ELEMENTS\3D Models\3Ds Max 500 Models And Textures\500_Modeles_HQ+Textures_FR_ZIP_by_SRC.powaa\DATA\AIRCRAFT\B52\B52_01.jpg,,,,,,
B52-,.jpg,3,14,10,2,174985,170.9 KB,S:\_POST_PRODUCTION\_VFX_ELEMENTS\3D Models\3Ds Max 500 Models And Textures\500_Modeles_HQ+Textures_FR_ZIP_by_SRC.powaa\DATA\AIRCRAFT\B52\B52,S:\_POST_PRODUCTION\_VFX_ELEMENTS\3D Models\3Ds Max 500 Models And Textures\500_Modeles_HQ+Textures_FR_ZIP_by_SRC.powaa\DATA\AIRCRAFT\B52\B52\B52-003.JPG,,,,,,
B6MG,.jpg,2,3,2,0,290503,283.7 KB,S:\_POST_PRODUCTION\_VFX_ELEMENTS\3D Models\3Ds Max 500 Models And Textures\500_Modeles_HQ+Textures_FR_ZIP_by_SRC.powaa\DATA\AIRCRAFT\B6MG,S:\_POST_PRODUCTION\_VFX_ELEMENTS\3D Models\3Ds Max 500 Models And Textures\500_Modeles_HQ+Textures_FR_ZIP_by_SRC.powaa\DATA\AIRCRAFT\B6MG\B6MG_02.jpg,,,,,,
B747,.jpg,1,3,3,0,633386,618.5 KB,S:\_POST_PRODUCTION\_VFX_ELEMENTS\3D Models\3Ds Max 500 Models And Textures\500_Modeles_HQ+Textures_FR_ZIP_by_SRC.powaa\DATA\AIRCRAFT\B747,S:\_POST_PRODUCTION\_VFX_ELEMENTS\3D Models\3Ds Max 500 Models And Textures\500_Modeles_HQ+Textures_FR_ZIP_by_SRC.powaa\DATA\AIRCRAFT\B747\B747_01.jpg,,,,,,
BA146,.jpg,1,3,3,0,623072,608.5 KB,S:\_POST_PRODUCTION\_VFX_ELEMENTS\3D Models\3Ds Max 500 Models And Textures\500_Modeles_HQ+Textures_FR_ZIP_by_SRC.powaa\DATA\AIRCRAFT\BA146,S:\_POST_PRODUCTION\_VFX_ELEMENTS\3D Models\3Ds Max 500 Models And Textures\500_Modeles_HQ+Textures_FR_ZIP_by_SRC.powaa\DATA\AIRCRAFT\BA146\BA146_01.jpg,,,,,,
BAJAGU,.jpg,1,3,3,0,645558,630.4 KB,S:\_POST_PRODUCTION\_VFX_ELEMENTS\3D Models\3Ds Max 500 Models And Textures\500_Modeles_HQ+Textures_FR_ZIP_by_SRC.powaa\DATA\AIRCRAFT\BAJAGUAR,S:\_POST_PRODUCTION\_VFX_ELEMENTS\3D Models\3Ds Max 500 Models And Textures\500_Modeles_HQ+Textures_FR_ZIP_by_SRC.powaa\DATA\AIRCRAFT\BAJAGUAR\BAJAGU01.jpg,,,,,,
BEECH,.jpg,1,3,3,0,595744,581.8 KB,S:\_POST_PRODUCTION\_VFX_ELEMENTS\3D Models\3Ds Max 500 Models And Textures\500_Modeles_HQ+Textures_FR_ZIP_by_SRC.powaa\DATA\AIRCRAFT\BEECH,S:\_POST_PRODUCTION\_VFX_ELEMENTS\3D Models\3Ds Max 500 Models And Textures\500_Modeles_HQ+Textures_FR_ZIP_by_SRC.powaa\DATA\AIRCRAFT\BEECH\BEECH_01.jpg,,,,,,
BOEI7,.jpg,1,3,3,0,647794,632.6 KB,S:\_POST_PRODUCTION\_VFX_ELEMENTS\3D Models\3Ds Max 500 Models And Textures\500_Modeles_HQ+Textures_FR_ZIP_by_SRC.powaa\DATA\AIRCRAFT\BOEIN707,S:\_POST_PRODUCTION\_VFX_ELEMENTS\3D Models\3Ds Max 500 Models And Textures\500_Modeles_HQ+Textures_FR_ZIP_by_SRC.powaa\DATA\AIRCRAFT\BOEIN707\BOEI7_01.jpg,,,,,,
BRTLMK,.jpg,1,3,3,0,669812,654.1 KB,S:\_POST_PRODUCTION\_VFX_ELEMENTS\3D Models\3Ds Max 500 Models And Textures\500_Modeles_HQ+Textures_FR_ZIP_by_SRC.powaa\DATA\AIRCRAFT\BRTLMK32,S:\_POST_PRODUCTION\_VFX_ELEMENTS\3D Models\3Ds Max 500 Models And Textures\500_Modeles_HQ+Textures_FR_ZIP_by_SRC.powaa\DATA\AIRCRAFT\BRTLMK32\BRTLMK01.jpg,,,,,,
BUCCAN,.jpg,1,3,3,0,681703,665.7 KB,S:\_POST_PRODUCTION\_VFX_ELEMENTS\3D Models\3Ds Max 500 Models And Textures\500_Modeles_HQ+Textures_FR_ZIP_by_SRC.powaa\DATA\AIRCRAFT\BUCCANE,S:\_POST_PRODUCTION\_VFX_ELEMENTS\3D Models\3Ds Max 500 Models And Textures\500_Modeles_HQ+Textures_FR_ZIP_by_SRC.powaa\DATA\AIRCRAFT\BUCCANE\BUCCAN01.jpg,,,,,,
BV138M,.jpg,1,3,3,0,804151,785.3 KB,S:\_POST_PRODUCTION\_VFX_ELEMENTS\3D Models\3Ds Max 500 Models And Textures\500_Modeles_HQ+Textures_FR_ZIP_by_SRC.powaa\DATA\AIRCRAFT\BV138MS,S:\_POST_PRODUCTION\_VFX_ELEMENTS\3D Models\3Ds Max 500 Models And Textures\500_Modeles_HQ+Textures_FR_ZIP_by_SRC.powaa\DATA\AIRCRAFT\BV138MS\BV138M01.jpg,,,,,,
CANDAI,.jpg,1,3,3,0,716325,699.5 KB,S:\_POST_PRODUCTION\_VFX_ELEMENTS\3D Models\3Ds Max 500 Models And Textures\500_Modeles_HQ+Textures_FR_ZIP_by_SRC.powaa\DATA\AIRCRAFT\CANDAIR,S:\_POST_PRODUCTION\_VFX_ELEMENTS\3D Models\3Ds Max 500 Models And Textures\500_Modeles_HQ+Textures_FR_ZIP_by_SRC.powaa\DATA\AIRCRAFT\CANDAIR\CANDAI01.jpg,,,,,,
CATALI,.jpg,1,3,3,0,727294,710.2 KB,S:\_POST_PRODUCTION\_VFX_ELEMENTS\3D Models\3Ds Max 500 Models And Textures\500_Modeles_HQ+Textures_FR_ZIP_by_SRC.powaa\DATA\AIRCRAFT\CATALINA,S:\_POST_PRODUCTION\_VFX_ELEMENTS\3D Models\3Ds Max 500 Models And Textures\500_Modeles_HQ+Textures_FR_ZIP_by_SRC.powaa\DATA\AIRCRAFT\CATALINA\CATALI01.jpg,,,,,,
CESSNA,.jpg,1,3,3,0,571859,558.5 KB,S:\_POST_PRODUCTION\_VFX_ELEMENTS\3D Models\3Ds Max 500 Models And Textures\500_Modeles_HQ+Textures_FR_ZIP_by_SRC.powaa\DATA\AIRCRAFT\CESSNA,S:\_POST_PRODUCTION\_VFX_ELEMENTS\3D Models\3Ds Max 500 Models And Textures\500_Modeles_HQ+Textures_FR_ZIP_by_SRC.powaa\DATA\AIRCRAFT\CESSNA\CESSNA01.jpg,,,,,,
COCKPI,.jpg,1,2,2,0,828618,809.2 KB,S:\_POST_PRODUCTION\_VFX_ELEMENTS\3D Models\3Ds Max 500 Models And Textures\500_Modeles_HQ+Textures_FR_ZIP_by_SRC.powaa\DATA\AIRCRAFT\COCKPIT,S:\_POST_PRODUCTION\_VFX_ELEMENTS\3D Models\3Ds Max 500 Models And Textures\500_Modeles_HQ+Textures_FR_ZIP_by_SRC.powaa\DATA\AIRCRAFT\COCKPIT\COCKPI01.jpg,,,,,,
BPMA,.jpg,1,2,2,0,24490,23.9 KB,S:\_POST_PRODUCTION\_VFX_ELEMENTS\3D Models\3Ds Max 500 Models And Textures\500_Modeles_HQ+Textures_FR_ZIP_by_SRC.powaa\DATA\AIRCRAFT\COCKPIT\COCKPIT,S:\_POST_PRODUCTION\_VFX_ELEMENTS\3D Models\3Ds Max 500 Models And Textures\500_Modeles_HQ+Textures_FR_ZIP_by_SRC.powaa\DATA\AIRCRAFT\COCKPIT\COCKPIT\BPMA01.JPG,,,,,,
MPMA,.jpg,1,44,44,0,4825006,4.6 MB,S:\_POST_PRODUCTION\_VFX_ELEMENTS\3D Models\3Ds Max 500 Models And Textures\500_Modeles_HQ+Textures_FR_ZIP_by_SRC.powaa\DATA\AIRCRAFT\COCKPIT\COCKPIT,S:\_POST_PRODUCTION\_VFX_ELEMENTS\3D Models\3Ds Max 500 Models And Textures\500_Modeles_HQ+Textures_FR_ZIP_by_SRC.powaa\DATA\AIRCRAFT\COCKPIT\COCKPIT\MPMA01.JPG,,,,,,
CONSTE,.jpg,1,3,3,0,709508,692.9 KB,S:\_POST_PRODUCTION\_VFX_ELEMENTS\3D Models\3Ds Max 500 Models And Textures\500_Modeles_HQ+Textures_FR_ZIP_by_SRC.powaa\DATA\AIRCRAFT\CONSTELA,S:\_POST_PRODUCTION\_VFX_ELEMENTS\3D Models\3Ds Max 500 Models And Textures\500_Modeles_HQ+Textures_FR_ZIP_by_SRC.powaa\DATA\AIRCRAFT\CONSTELA\CONSTE01.jpg,,,,,,
CURTIS,.jpg,1,3,3,0,704046,687.5 KB,S:\_POST_PRODUCTION\_VFX_ELEMENTS\3D Models\3Ds Max 500 Models And Textures\500_Modeles_HQ+Textures_FR_ZIP_by_SRC.powaa\DATA\AIRCRAFT\CURTISS,S:\_POST_PRODUCTION\_VFX_ELEMENTS\3D Models\3Ds Max 500 Models And Textures\500_Modeles_HQ+Textures_FR_ZIP_by_SRC.powaa\DATA\AIRCRAFT\CURTISS\CURTIS01.jpg,,,,,,
DC3,.jpg,1,3,3,0,621662,607.1 KB,S:\_POST_PRODUCTION\_VFX_ELEMENTS\3D Models\3Ds Max 500 Models And Textures\500_Modeles_HQ+Textures_FR_ZIP_by_SRC.powaa\DATA\AIRCRAFT\DC3,S:\_POST_PRODUCTION\_VFX_ELEMENTS\3D Models\3Ds Max 500 Models And Textures\500_Modeles_HQ+Textures_FR_ZIP_by_SRC.powaa\DATA\AIRCRAFT\DC3\DC3_01.jpg,,,,,,
DORDO,.jpg,1,3,3,0,668487,652.8 KB,S:\_POST_PRODUCTION\_VFX_ELEMENTS\3D Models\3Ds Max 500 Models And Textures\500_Modeles_HQ+Textures_FR_ZIP_by_SRC.powaa\DATA\AIRCRAFT\DORDO17Z,S:\_POST_PRODUCTION\_VFX_ELEMENTS\3D Models\3Ds Max 500 Models And Textures\500_Modeles_HQ+Textures_FR_ZIP_by_SRC.powaa\DATA\AIRCRAFT\DORDO17Z\DORDO_01.jpg,,,,,,
DORDIE,.jpg,1,3,3,0,656405,641.0 KB,S:\_POST_PRODUCTION\_VFX_ELEMENTS\3D Models\3Ds Max 500 Models And Textures\500_Modeles_HQ+Textures_FR_ZIP_by_SRC.powaa\DATA\AIRCRAFT\DORNIER,S:\_POST_PRODUCTION\_VFX_ELEMENTS\3D Models\3Ds Max 500 Models And Textures\500_Modeles_HQ+Textures_FR_ZIP_by_SRC.powaa\DATA\AIRCRAFT\DORNIER\DORDIE01.jpg,,,,,,
EA_6B,.jpg,1,3,3,0,730812,713.7 KB,S:\_POST_PRODUCTION\_VFX_ELEMENTS\3D Models\3Ds Max 500 Models And Textures\500_Modeles_HQ+Textures_FR_ZIP_by_SRC.powaa\DATA\AIRCRAFT\EA_6B,S:\_POST_PRODUCTION\_VFX_ELEMENTS\3D Models\3Ds Max 500 Models And Textures\500_Modeles_HQ+Textures_FR_ZIP_by_SRC.powaa\DATA\AIRCRAFT\EA_6B\EA_6B_01.jpg,,,,,,
EINDKE,.jpg,1,3,3,0,715381,698.6 KB,S:\_POST_PRODUCTION\_VFX_ELEMENTS\3D Models\3Ds Max 500 Models And Textures\500_Modeles_HQ+Textures_FR_ZIP_by_SRC.powaa\DATA\AIRCRAFT\EINDKER,S:\_POST_PRODUCTION\_VFX_ELEMENTS\3D Models\3Ds Max 500 Models And Textures\500_Modeles_HQ+Textures_FR_ZIP_by_SRC.powaa\DATA\AIRCRAFT\EINDKER\EINDKE01.jpg,,,,,,
F111,.jpg,1,3,3,0,633902,619.0 KB,S:\_POST_PRODUCTION\_VFX_ELEMENTS\3D Models\3Ds Max 500 Models And Textures\500_Modeles_HQ+Textures_FR_ZIP_by_SRC.powaa\DATA\AIRCRAFT\F111,S:\_POST_PRODUCTION\_VFX_ELEMENTS\3D Models\3Ds Max 500 Models And Textures\500_Modeles_HQ+Textures_FR_ZIP_by_SRC.powaa\DATA\AIRCRAFT\F111\F111_01.jpg,,,,,,
F15E,.jpg,1,3,3,0,675096,659.3 KB,S:\_POST_PRODUCTION\_VFX_ELEMENTS\3D Models\3Ds Max 500 Models And Textures\500_Modeles_HQ+Textures_FR_ZIP_by_SRC.powaa\DATA\AIRCRAFT\F15E,S:\_POST_PRODUCTION\_VFX_ELEMENTS\3D Models\3Ds Max 500 Models And Textures\500_Modeles_HQ+Textures_FR_ZIP_by_SRC.powaa\DATA\AIRCRAFT\F15E\F15E_01.jpg,,,,,,
F16FIN,.jpg,1,3,3,0,619863,605.3 KB,S:\_POST_PRODUCTION\_VFX_ELEMENTS\3D Models\3Ds Max 500 Models And Textures\500_Modeles_HQ+Textures_FR_ZIP_by_SRC.powaa\DATA\AIRCRAFT\F16FIN,S:\_POST_PRODUCTION\_VFX_ELEMENTS\3D Models\3Ds Max 500 Models And Textures\500_Modeles_HQ+Textures_FR_ZIP_by_SRC.powaa\DATA\AIRCRAFT\F16FIN\F16FIN01.jpg,,,,,,
F4U1,.jpg,1,3,3,0,679050,663.1 KB,S:\_POST_PRODUCTION\_VFX_ELEMENTS\3D Models\3Ds Max 500 Models And Textures\500_Modeles_HQ+Textures_FR_ZIP_by_SRC.powaa\DATA\AIRCRAFT\F4U1,S:\_POST_PRODUCTION\_VFX_ELEMENTS\3D Models\3Ds Max 500 Models And Textures\500_Modeles_HQ+Textures_FR_ZIP_by_SRC.powaa\DATA\AIRCRAFT\F4U1\F4U1_01.jpg,,,,,,
F5F,.jpg,1,3,3,0,623835,609.2 KB,S:\_POST_PRODUCTION\_VFX_ELEMENTS\3D Models\3Ds Max 500 Models And Textures\500_Modeles_HQ+Textures_FR_ZIP_by_SRC.powaa\DATA\AIRCRAFT\F5F,S:\_POST_PRODUCTION\_VFX_ELEMENTS\3D Models\3Ds Max 500 Models And Textures\500_Modeles_HQ+Textures_FR_ZIP_by_SRC.powaa\DATA\AIRCRAFT\F5F\F5F_01.jpg,,,,,,
FA5,.jpg,1,3,3,0,773688,755.6 KB,S:\_POST_PRODUCTION\_VFX_ELEMENTS\3D Models\3Ds Max 500 Models And Textures\500_Modeles_HQ+Textures_FR_ZIP_by_SRC.powaa\DATA\AIRCRAFT\FA5,S:\_POST_PRODUCTION\_VFX_ELEMENTS\3D Models\3Ds Max 500 Models And Textures\500_Modeles_HQ+Textures_FR_ZIP_by_SRC.powaa\DATA\AIRCRAFT\FA5\FA5_01.jpg,,,,,,
FA5IND,.jpg,1,3,3,0,1031283,1007.1 KB,S:\_POST_PRODUCTION\_VFX_ELEMENTS\3D Models\3Ds Max 500 Models And Textures\500_Modeles_HQ+Textures_FR_ZIP_by_SRC.powaa\DATA\AIRCRAFT\FA5INDY,S:\_POST_PRODUCTION\_VFX_ELEMENTS\3D Models\3Ds Max 500 Models And Textures\500_Modeles_HQ+Textures_FR_ZIP_by_SRC.powaa\DATA\AIRCRAFT\FA5INDY\FA5IND01.jpg,,,,,,
FALCON,.jpg,1,3,3,0,629175,614.4 KB,S:\_POST_PRODUCTION\_VFX_ELEMENTS\3D Models\3Ds Max 500 Models And Textures\500_Modeles_HQ+Textures_FR_ZIP_by_SRC.powaa\DATA\AIRCRAFT\FALCON10,S:\_POST_PRODUCTION\_VFX_ELEMENTS\3D Models\3Ds Max 500 Models And Textures\500_Modeles_HQ+Textures_FR_ZIP_by_SRC.powaa\DATA\AIRCRAFT\FALCON10\FALCON01.jpg,,,,,,
FIATG,.jpg,1,3,3,0,695487,679.2 KB,S:\_POST_PRODUCTION\_VFX_ELEMENTS\3D Models\3Ds Max 500 Models And Textures\500_Modeles_HQ+Textures_FR_ZIP_by_SRC.powaa\DATA\AIRCRAFT\FIATG50,S:\_POST_PRODUCTION\_VFX_ELEMENTS\3D Models\3Ds Max 500 Models And Textures\500_Modeles_HQ+Textures_FR_ZIP_by_SRC.powaa\DATA\AIRCRAFT\FIATG50\FIATG_01.jpg,,,,,,
FOKER,.jpg,201,203,3,0,615853,601.4 KB,S:\_POST_PRODUCTION\_VFX_ELEMENTS\3D Models\3Ds Max 500 Models And Textures\500_Modeles_HQ+Textures_FR_ZIP_by_SRC.powaa\DATA\AIRCRAFT\FOKER27,S:\_POST_PRODUCTION\_VFX_ELEMENTS\3D Models\3Ds Max 500 Models And Textures\500_Modeles_HQ+Textures_FR_ZIP_by_SRC.powaa\DATA\AIRCRAFT\FOKER27\FOKER201.jpg,,,,,,
FOKED,.jpg,101,103,3,0,652064,636.8 KB,S:\_POST_PRODUCTION\_VFX_ELEMENTS\3D Models\3Ds Max 500 Models And Textures\500_Modeles_HQ+Textures_FR_ZIP_by_SRC.powaa\DATA\AIRCRAFT\FOKERD1,S:\_POST_PRODUCTION\_VFX_ELEMENTS\3D Models\3Ds Max 500 Models And Textures\500_Modeles_HQ+Textures_FR_ZIP_by_SRC.powaa\DATA\AIRCRAFT\FOKERD1\FOKED101.jpg,,,,,,
TOP,.jpg,12,21,2,8,29699,29.0 KB,S:\_POST_PRODUCTION\_VFX_ELEMENTS\3D Models\3Ds Max 500 Models And Textures\500_Modeles_HQ+Textures_FR_ZIP_by_SRC.powaa\DATA\AIRCRAFT\FOKERD1\FOKERD1,S:\_POST_PRODUCTION\_VFX_ELEMENTS\3D Models\3Ds Max 500 Models And Textures\500_Modeles_HQ+Textures_FR_ZIP_by_SRC.powaa\DATA\AIRCRAFT\FOKERD1\FOKERD1\TOP12.JPG,,,,,,
FOKED,.jpg,701,703,3,0,599542,585.5 KB,S:\_POST_PRODUCTION\_VFX_ELEMENTS\3D Models\3Ds Max 500 Models And Textures\500_Modeles_HQ+Textures_FR_ZIP_by_SRC.powaa\DATA\AIRCRAFT\FOKERD7,S:\_POST_PRODUCTION\_VFX_ELEMENTS\3D Models\3Ds Max 500 Models And Textures\500_Modeles_HQ+Textures_FR_ZIP_by_SRC.powaa\DATA\AIRCRAFT\FOKERD7\FOKED701.jpg,,,,,,
FOKERR,.jpg,1,3,3,0,621063,606.5 KB,S:\_POST_PRODUCTION\_VFX_ELEMENTS\3D Models\3Ds Max 500 Models And Textures\500_Modeles_HQ+Textures_FR_ZIP_by_SRC.powaa\DATA\AIRCRAFT\FOKERR7,S:\_POST_PRODUCTION\_VFX_ELEMENTS\3D Models\3Ds Max 500 Models And Textures\500_Modeles_HQ+Textures_FR_ZIP_by_SRC.powaa\DATA\AIRCRAFT\FOKERR7\FOKERR01.jpg,,,,,,
FORDFL,.jpg,1,3,3,0,622597,608.0 KB,S:\_POST_PRODUCTION\_VFX_ELEMENTS\3D Models\3Ds Max 500 Models And Textures\500_Modeles_HQ+Textures_FR_ZIP_by_SRC.powaa\DATA\AIRCRAFT\FORDFL,S:\_POST_PRODUCTION\_VFX_ELEMENTS\3D Models\3Ds Max 500 Models And Textures\500_Modeles_HQ+Textures_FR_ZIP_by_SRC.powaa\DATA\AIRCRAFT\FORDFL\FORDFL01.jpg,,,,,,
FW190,.jpg,1,3,3,0,609419,595.1 KB,S:\_POST_PRODUCTION\_VFX_ELEMENTS\3D Models\3Ds Max 500 Models And Textures\500_Modeles_HQ+Textures_FR_ZIP_by_SRC.powaa\DATA\AIRCRAFT\FW190_F8,S:\_POST_PRODUCTION\_VFX_ELEMENTS\3D Models\3Ds Max 500 Models And Textures\500_Modeles_HQ+Textures_FR_ZIP_by_SRC.powaa\DATA\AIRCRAFT\FW190_F8\FW190_01.jpg,,,,,,
FW3FL,.jpg,1,3,3,0,699979,683.6 KB,S:\_POST_PRODUCTION\_VFX_ELEMENTS\3D Models\3Ds Max 500 Models And Textures\500_Modeles_HQ+Textures_FR_ZIP_by_SRC.powaa\DATA\AIRCRAFT\FW3FL,S:\_POST_PRODUCTION\_VFX_ELEMENTS\3D Models\3Ds Max 500 Models And Textures\500_Modeles_HQ+Textures_FR_ZIP_by_SRC.powaa\DATA\AIRCRAFT\FW3FL\FW3FL_01.jpg,,,,,,
FW58B,.jpg,1,3,3,0,728632,711.6 KB,S:\_POST_PRODUCTION\_VFX_ELEMENTS\3D Models\3Ds Max 500 Models And Textures\500_Modeles_HQ+Textures_FR_ZIP_by_SRC.powaa\DATA\AIRCRAFT\FW58B,S:\_POST_PRODUCTION\_VFX_ELEMENTS\3D Models\3Ds Max 500 Models And Textures\500_Modeles_HQ+Textures_FR_ZIP_by_SRC.powaa\DATA\AIRCRAFT\FW58B\FW58B_01.jpg,,,,,,
G17S,.jpg,1,3,3,0,849085,829.2 KB,S:\_POST_PRODUCTION\_VFX_ELEMENTS\3D Models\3Ds Max 500 Models And Textures\500_Modeles_HQ+Textures_FR_ZIP_by_SRC.powaa\DATA\AIRCRAFT\G17S,S:\_POST_PRODUCTION\_VFX_ELEMENTS\3D Models\3Ds Max 500 Models And Textures\500_Modeles_HQ+Textures_FR_ZIP_by_SRC.powaa\DATA\AIRCRAFT\G17S\G17S_01.jpg,,,,,,
GEEBEE,.jpg,1,3,3,0,855597,835.5 KB,S:\_POST_PRODUCTION\_VFX_ELEMENTS\3D Models\3Ds Max 500 Models And Textures\500_Modeles_HQ+Textures_FR_ZIP_by_SRC.powaa\DATA\AIRCRAFT\GEEBEE,S:\_POST_PRODUCTION\_VFX_ELEMENTS\3D Models\3Ds Max 500 Models And Textures\500_Modeles_HQ+Textures_FR_ZIP_by_SRC.powaa\DATA\AIRCRAFT\GEEBEE\GEEBEE01.jpg,,,,,,
GOT4,.jpg,1,3,3,0,865225,844.9 KB,S:\_POST_PRODUCTION\_VFX_ELEMENTS\3D Models\3Ds Max 500 Models And Textures\500_Modeles_HQ+Textures_FR_ZIP_by_SRC.powaa\DATA\AIRCRAFT\GOT4,S:\_POST_PRODUCTION\_VFX_ELEMENTS\3D Models\3Ds Max 500 Models And Textures\500_Modeles_HQ+Textures_FR_ZIP_by_SRC.powaa\DATA\AIRCRAFT\GOT4\GOT4_01.jpg,,,,,,
HALIFA,.jpg,1,3,3,0,866098,845.8 KB,S:\_POST_PRODUCTION\_VFX_ELEMENTS\3D Models\3Ds Max 500 Models And Textures\500_Modeles_HQ+Textures_FR_ZIP_by_SRC.powaa\DATA\AIRCRAFT\HALIFAX,S:\_POST_PRODUCTION\_VFX_ELEMENTS\3D Models\3Ds Max 500 Models And Textures\500_Modeles_HQ+Textures_FR_ZIP_by_SRC.powaa\DATA\AIRCRAFT\HALIFAX\HALIFA01.jpg,,,,,,
HARR,.jpg,1,3,3,0,668438,652.8 KB,S:\_POST_PRODUCTION\_VFX_ELEMENTS\3D Models\3Ds Max 500 Models And Textures\500_Modeles_HQ+Textures_FR_ZIP_by_SRC.powaa\DATA\AIRCRAFT\HARR,S:\_POST_PRODUCTION\_VFX_ELEMENTS\3D Models\3Ds Max 500 Models And Textures\500_Modeles_HQ+Textures_FR_ZIP_by_SRC.powaa\DATA\AIRCRAFT\HARR\HARR_01.jpg,,,,,,
HE162,.jpg,1,3,3,0,605720,591.5 KB,S:\_POST_PRODUCTION\_VFX_ELEMENTS\3D Models\3Ds Max 500 Models And Textures\500_Modeles_HQ+Textures_FR_ZIP_by_SRC.powaa\DATA\AIRCRAFT\HE162,S:\_POST_PRODUCTION\_VFX_ELEMENTS\3D Models\3Ds Max 500 Models And Textures\500_Modeles_HQ+Textures_FR_ZIP_by_SRC.powaa\DATA\AIRCRAFT\HE162\HE162_01.jpg,,,,,,
HEINKE,.jpg,1,3,3,0,760561,742.7 KB,S:\_POST_PRODUCTION\_VFX_ELEMENTS\3D Models\3Ds Max 500 Models And Textures\500_Modeles_HQ+Textures_FR_ZIP_by_SRC.powaa\DATA\AIRCRAFT\HEINKE,S:\_POST_PRODUCTION\_VFX_ELEMENTS\3D Models\3Ds Max 500 Models And Textures\500_Modeles_HQ+Textures_FR_ZIP_by_SRC.powaa\DATA\AIRCRAFT\HEINKE\HEINKE01.jpg,,,,,,
HENSCH,.jpg,1,3,3,0,779876,761.6 KB,S:\_POST_PRODUCTION\_VFX_ELEMENTS\3D Models\3Ds Max 500 Models And Textures\500_Modeles_HQ+Textures_FR_ZIP_by_SRC.powaa\DATA\AIRCRAFT\HENSCHEL,S:\_POST_PRODUCTION\_VFX_ELEMENTS\3D Models\3Ds Max 500 Models And Textures\500_Modeles_HQ+Textures_FR_ZIP_by_SRC.powaa\DATA\AIRCRAFT\HENSCHEL\HENSCH01.jpg,,,,,,
HERCUL,.jpg,1,3,3,0,728926,711.8 KB,S:\_POST_PRODUCTION\_VFX_ELEMENTS\3D Models\3Ds Max 500 Models And Textures\500_Modeles_HQ+Textures_FR_ZIP_by_SRC.powaa\DATA\AIRCRAFT\HERCULES,S:\_POST_PRODUCTION\_VFX_ELEMENTS\3D Models\3Ds Max 500 Models And Textures\500_Modeles_HQ+Textures_FR_ZIP_by_SRC.powaa\DATA\AIRCRAFT\HERCULES\HERCUL01.jpg,,,,,,
HORNET,.jpg,1,3,3,0,680263,664.3 KB,S:\_POST_PRODUCTION\_VFX_ELEMENTS\3D Models\3Ds Max 500 Models And Textures\500_Modeles_HQ+Textures_FR_ZIP_by_SRC.powaa\DATA\AIRCRAFT\HORNET,S:\_POST_PRODUCTION\_VFX_ELEMENTS\3D Models\3Ds Max 500 Models And Textures\500_Modeles_HQ+Textures_FR_ZIP_by_SRC.powaa\DATA\AIRCRAFT\HORNET\HORNET01.jpg,,,,,,
INVADE,.jpg,1,3,3,0,734906,717.7 KB,S:\_POST_PRODUCTION\_VFX_ELEMENTS\3D Models\3Ds Max 500 Models And Textures\500_Modeles_HQ+Textures_FR_ZIP_by_SRC.powaa\DATA\AIRCRAFT\INVADER,S:\_POST_PRODUCTION\_VFX_ELEMENTS\3D Models\3Ds Max 500 Models And Textures\500_Modeles_HQ+Textures_FR_ZIP_by_SRC.powaa\DATA\AIRCRAFT\INVADER\INVADE01.jpg,,,,,,
MAVIS,.jpg,1,2,2,0,608500,594.2 KB,S:\_POST_PRODUCTION\_VFX_ELEMENTS\3D Models\3Ds Max 500 Models And Textures\500_Modeles_HQ+Textures_FR_ZIP_by_SRC.powaa\DATA\AIRCRAFT\MAVIS,S:\_POST_PRODUCTION\_VFX_ELEMENTS\3D Models\3Ds Max 500 Models And Textures\500_Modeles_HQ+Textures_FR_ZIP_by_SRC.powaa\DATA\AIRCRAFT\MAVIS\MAVIS_01.jpg,,,,,,
MOSQUI,.jpg,1,3,3,0,744325,726.9 KB,S:\_POST_PRODUCTION\_VFX_ELEMENTS\3D Models\3Ds Max 500 Models And Textures\500_Modeles_HQ+Textures_FR_ZIP_by_SRC.powaa\DATA\AIRCRAFT\MOSQUITO,S:\_POST_PRODUCTION\_VFX_ELEMENTS\3D Models\3Ds Max 500 Models And Textures\500_Modeles_HQ+Textures_FR_ZIP_by_SRC.powaa\DATA\AIRCRAFT\MOSQUITO\MOSQUI01.jpg,,,,,,
NATTER,.jpg,1,3,3,0,740769,723.4 KB,S:\_POST_PRODUCTION\_VFX_ELEMENTS\3D Models\3Ds Max 500 Models And Textures\500_Modeles_HQ+Textures_FR_ZIP_by_SRC.powaa\DATA\AIRCRAFT\NATTER,S:\_POST_PRODUCTION\_VFX_ELEMENTS\3D Models\3Ds Max 500 Models And Textures\500_Modeles_HQ+Textures_FR_ZIP_by_SRC.powaa\DATA\AIRCRAFT\NATTER\NATTER01.jpg,,,,,,
OTTER,.jpg,1,3,3,0,681646,665.7 KB,S:\_POST_PRODUCTION\_VFX_ELEMENTS\3D Models\3Ds Max 500 Models And Textures\500_Modeles_HQ+Textures_FR_ZIP_by_SRC.powaa\DATA\AIRCRAFT\OTTER,S:\_POST_PRODUCTION\_VFX_ELEMENTS\3D Models\3Ds Max 500 Models And Textures\500_Modeles_HQ+Textures_FR_ZIP_by_SRC.powaa\DATA\AIRCRAFT\OTTER\OTTER_01.jpg,,,,,,
PFEIL,.jpg,1,3,3,0,648824,633.6 KB,S:\_POST_PRODUCTION\_VFX_ELEMENTS\3D Models\3Ds Max 500 Models And Textures\500_Modeles_HQ+Textures_FR_ZIP_by_SRC.powaa\DATA\AIRCRAFT\PFEIL,S:\_POST_PRODUCTION\_VFX_ELEMENTS\3D Models\3Ds Max 500 Models And Textures\500_Modeles_HQ+Textures_FR_ZIP_by_SRC.powaa\DATA\AIRCRAFT\PFEIL\PFEIL_01.jpg,,,,,,
RAPIDE,.jpg,1,3,3,0,797515,778.8 KB,S:\_POST_PRODUCTION\_VFX_ELEMENTS\3D Models\3Ds Max 500 Models And Textures\500_Modeles_HQ+Textures_FR_ZIP_by_SRC.powaa\DATA\AIRCRAFT\RAPIDE,S:\_POST_PRODUCTION\_VFX_ELEMENTS\3D Models\3Ds Max 500 Models And Textures\500_Modeles_HQ+Textures_FR_ZIP_by_SRC.powaa\DATA\AIRCRAFT\RAPIDE\RAPIDE01.jpg,,,,,,
STORCH,.jpg,1,3,3,0,867206,846.9 KB,S:\_POST_PRODUCTION\_VFX_ELEMENTS\3D Models\3Ds Max 500 Models And Textures\500_Modeles_HQ+Textures_FR_ZIP_by_SRC.powaa\DATA\AIRCRAFT\STORCH,S:\_POST_PRODUCTION\_VFX_ELEMENTS\3D Models\3Ds Max 500 Models And Textures\500_Modeles_HQ+Textures_FR_ZIP_by_SRC.powaa\DATA\AIRCRAFT\STORCH\STORCH01.jpg,,,,,,
T_767,.jpg,1,3,3,0,596855,582.9 KB,S:\_POST_PRODUCTION\_VFX_ELEMENTS\3D Models\3Ds Max 500 Models And Textures\500_Modeles_HQ+Textures_FR_ZIP_by_SRC.powaa\DATA\AIRCRAFT\T_767,S:\_POST_PRODUCTION\_VFX_ELEMENTS\3D Models\3Ds Max 500 Models And Textures\500_Modeles_HQ+Textures_FR_ZIP_by_SRC.powaa\DATA\AIRCRAFT\T_767\T_767_01.jpg,,,,,,
T_CHER,.jpg,1,3,3,0,625628,611.0 KB,S:\_POST_PRODUCTION\_VFX_ELEMENTS\3D Models\3Ds Max 500 Models And Textures\500_Modeles_HQ+Textures_FR_ZIP_by_SRC.powaa\DATA\AIRCRAFT\T_CHER,S:\_POST_PRODUCTION\_VFX_ELEMENTS\3D Models\3Ds Max 500 Models And Textures\500_Modeles_HQ+Textures_FR_ZIP_by_SRC.powaa\DATA\AIRCRAFT\T_CHER\T_CHER01.jpg,,,,,,
T_CORB,.jpg,1,3,3,0,625172,610.5 KB,S:\_POST_PRODUCTION\_VFX_ELEMENTS\3D Models\3Ds Max 500 Models And Textures\500_Modeles_HQ+Textures_FR_ZIP_by_SRC.powaa\DATA\AIRCRAFT\T_CORB,S:\_POST_PRODUCTION\_VFX_ELEMENTS\3D Models\3Ds Max 500 Models And Textures\500_Modeles_HQ+Textures_FR_ZIP_by_SRC.powaa\DATA\AIRCRAFT\T_CORB\T_CORB01.jpg,,,,,,
T_LANC,.jpg,1,3,3,0,768302,750.3 KB,S:\_POST_PRODUCTION\_VFX_ELEMENTS\3D Models\3Ds Max 500 Models And Textures\500_Modeles_HQ+Textures_FR_ZIP_by_SRC.powaa\DATA\AIRCRAFT\T_LANC,S:\_POST_PRODUCTION\_VFX_ELEMENTS\3D Models\3Ds Max 500 Models And Textures\500_Modeles_HQ+Textures_FR_ZIP_by_SRC.powaa\DATA\AIRCRAFT\T_LANC\T_LANC01.jpg,,,,,,
T_SWOR,.jpg,1,3,3,0,795652,777.0 KB,S:\_POST_PRODUCTION\_VFX_ELEMENTS\3D Models\3Ds Max 500 Models And Textures\500_Modeles_HQ+Textures_FR_ZIP_by_SRC.powaa\DATA\AIRCRAFT\T_SWOR,S:\_POST_PRODUCTION\_VFX_ELEMENTS\3D Models\3Ds Max 500 Models And Textures\500_Modeles_HQ+Textures_FR_ZIP_by_SRC.powaa\DATA\AIRCRAFT\T_SWOR\T_SWOR01.jpg,,,,,,
VULCAN,.jpg,1,3,3,0,630080,615.3 KB,S:\_POST_PRODUCTION\_VFX_ELEMENTS\3D Models\3Ds Max 500 Models And Textures\500_Modeles_HQ+Textures_FR_ZIP_by_SRC.powaa\DATA\AIRCRAFT\VULCAN,S:\_POST_PRODUCTION\_VFX_ELEMENTS\3D Models\3Ds Max 500 Models And Textures\500_Modeles_HQ+Textures_FR_ZIP_by_SRC.powaa\DATA\AIRCRAFT\VULCAN\VULCAN01.jpg,,,,,,
ZEPPEL,.jpg,1,3,3,0,547047,534.2 KB,S:\_POST_PRODUCTION\_VFX_ELEMENTS\3D Models\3Ds Max 500 Models And Textures\500_Modeles_HQ+Textures_FR_ZIP_by_SRC.powaa\DATA\AIRCRAFT\ZEPPEL,S:\_POST_PRODUCTION\_VFX_ELEMENTS\3D Models\3Ds Max 500 Models And Textures\500_Modeles_HQ+Textures_FR_ZIP_by_SRC.powaa\DATA\AIRCRAFT\ZEPPEL\ZEPPEL01.jpg,,,,,,
AMBLY,.jpg,1,3,3,0,435761,425.5 KB,S:\_POST_PRODUCTION\_VFX_ELEMENTS\3D Models\3Ds Max 500 Models And Textures\500_Modeles_HQ+Textures_FR_ZIP_by_SRC.powaa\DATA\ANIMALS\AMBLY,S:\_POST_PRODUCTION\_VFX_ELEMENTS\3D Models\3Ds Max 500 Models And Textures\500_Modeles_HQ+Textures_FR_ZIP_by_SRC.powaa\DATA\ANIMALS\AMBLY\AMBLY_01.jpg,,,,,,
ARRUI,.jpg,1,3,3,0,466660,455.7 KB,S:\_POST_PRODUCTION\_VFX_ELEMENTS\3D Models\3Ds Max 500 Models And Textures\500_Modeles_HQ+Textures_FR_ZIP_by_SRC.powaa\DATA\ANIMALS\ARRUI,S:\_POST_PRODUCTION\_VFX_ELEMENTS\3D Models\3Ds Max 500 Models And Textures\500_Modeles_HQ+Textures_FR_ZIP_by_SRC.powaa\DATA\ANIMALS\ARRUI\ARRUI_01.jpg,,,,,,
BAT,.jpg,1,3,3,0,704612,688.1 KB,S:\_POST_PRODUCTION\_VFX_ELEMENTS\3D Models\3Ds Max 500 Models And Textures\500_Modeles_HQ+Textures_FR_ZIP_by_SRC.powaa\DATA\ANIMALS\BAT,S:\_POST_PRODUCTION\_VFX_ELEMENTS\3D Models\3Ds Max 500 Models And Textures\500_Modeles_HQ+Textures_FR_ZIP_by_SRC.powaa\DATA\ANIMALS\BAT\BAT_01.jpg,,,,,,
BEATLE,.jpg,1,3,3,0,400943,391.5 KB,S:\_POST_PRODUCTION\_VFX_ELEMENTS\3D Models\3Ds Max 500 Models And Textures\500_Modeles_HQ+Textures_FR_ZIP_by_SRC.powaa\DATA\ANIMALS\BEATLE,S:\_POST_PRODUCTION\_VFX_ELEMENTS\3D Models\3Ds Max 500 Models And Textures\500_Modeles_HQ+Textures_FR_ZIP_by_SRC.powaa\DATA\ANIMALS\BEATLE\BEATLE01.jpg,,,,,,
BERMJ,.jpg,1,3,3,0,626630,611.9 KB,S:\_POST_PRODUCTION\_VFX_ELEMENTS\3D Models\3Ds Max 500 Models And Textures\500_Modeles_HQ+Textures_FR_ZIP_by_SRC.powaa\DATA\ANIMALS\BERMJ,S:\_POST_PRODUCTION\_VFX_ELEMENTS\3D Models\3Ds Max 500 Models And Textures\500_Modeles_HQ+Textures_FR_ZIP_by_SRC.powaa\DATA\ANIMALS\BERMJ\BERMJ_01.jpg,,,,,,
BOXER,.jpg,1,3,3,0,446723,436.3 KB,S:\_POST_PRODUCTION\_VFX_ELEMENTS\3D Models\3Ds Max 500 Models And Textures\500_Modeles_HQ+Textures_FR_ZIP_by_SRC.powaa\DATA\ANIMALS\BOXER,S:\_POST_PRODUCTION\_VFX_ELEMENTS\3D Models\3Ds Max 500 Models And Textures\500_Modeles_HQ+Textures_FR_ZIP_by_SRC.powaa\DATA\ANIMALS\BOXER\BOXER_01.jpg,,,,,,
BRACO,.jpg,1,3,3,0,374802,366.0 KB,S:\_POST_PRODUCTION\_VFX_ELEMENTS\3D Models\3Ds Max 500 Models And Textures\500_Modeles_HQ+Textures_FR_ZIP_by_SRC.powaa\DATA\ANIMALS\BRACO,S:\_POST_PRODUCTION\_VFX_ELEMENTS\3D Models\3Ds Max 500 Models And Textures\500_Modeles_HQ+Textures_FR_ZIP_by_SRC.powaa\DATA\ANIMALS\BRACO\BRACO_01.jpg,,,,,,
BUTT,.jpg,1,3,3,0,515813,503.7 KB,S:\_POST_PRODUCTION\_VFX_ELEMENTS\3D Models\3Ds Max 500 Models And Textures\500_Modeles_HQ+Textures_FR_ZIP_by_SRC.powaa\DATA\ANIMALS\BUTT,S:\_POST_PRODUCTION\_VFX_ELEMENTS\3D Models\3Ds Max 500 Models And Textures\500_Modeles_HQ+Textures_FR_ZIP_by_SRC.powaa\DATA\ANIMALS\BUTT\BUTT_01.jpg,,,,,,
CBDIAB,.jpg,1,3,3,0,505095,493.3 KB,S:\_POST_PRODUCTION\_VFX_ELEMENTS\3D Models\3Ds Max 500 Models And Textures\500_Modeles_HQ+Textures_FR_ZIP_by_SRC.powaa\DATA\ANIMALS\CBDIABLO,S:\_POST_PRODUCTION\_VFX_ELEMENTS\3D Models\3Ds Max 500 Models And Textures\500_Modeles_HQ+Textures_FR_ZIP_by_SRC.powaa\DATA\ANIMALS\CBDIABLO\CBDIAB01.jpg,,,,,,
CHAMA,.jpg,1,3,3,0,451568,441.0 KB,S:\_POST_PRODUCTION\_VFX_ELEMENTS\3D Models\3Ds Max 500 Models And Textures\500_Modeles_HQ+Textures_FR_ZIP_by_SRC.powaa\DATA\ANIMALS\CHAMA,S:\_POST_PRODUCTION\_VFX_ELEMENTS\3D Models\3Ds Max 500 Models And Textures\500_Modeles_HQ+Textures_FR_ZIP_by_SRC.powaa\DATA\ANIMALS\CHAMA\CHAMA_01.jpg,,,,,,
CHIMP,.jpg,1,3,3,0,400847,391.5 KB,S:\_POST_PRODUCTION\_VFX_ELEMENTS\3D Models\3Ds Max 500 Models And Textures\500_Modeles_HQ+Textures_FR_ZIP_by_SRC.powaa\DATA\ANIMALS\CHIMP,S:\_POST_PRODUCTION\_VFX_ELEMENTS\3D Models\3Ds Max 500 Models And Textures\500_Modeles_HQ+Textures_FR_ZIP_by_SRC.powaa\DATA\ANIMALS\CHIMP\CHIMP_01.jpg,,,,,,
COW,.jpg,1,3,3,0,352366,344.1 KB,S:\_POST_PRODUCTION\_VFX_ELEMENTS\3D Models\3Ds Max 500 Models And Textures\500_Modeles_HQ+Textures_FR_ZIP_by_SRC.powaa\DATA\ANIMALS\COW,S:\_POST_PRODUCTION\_VFX_ELEMENTS\3D Models\3Ds Max 500 Models And Textures\500_Modeles_HQ+Textures_FR_ZIP_by_SRC.powaa\DATA\ANIMALS\COW\COW_01.jpg,,,,,,
CRAB,.jpg,1,3,3,0,444255,433.8 KB,S:\_POST_PRODUCTION\_VFX_ELEMENTS\3D Models\3Ds Max 500 Models And Textures\500_Modeles_HQ+Textures_FR_ZIP_by_SRC.powaa\DATA\ANIMALS\CRAB,S:\_POST_PRODUCTION\_VFX_ELEMENTS\3D Models\3Ds Max 500 Models And Textures\500_Modeles_HQ+Textures_FR_ZIP_by_SRC.powaa\DATA\ANIMALS\CRAB\CRAB_01.jpg,,,,,,
ELEPHA,.jpg,1,3,3,0,504235,492.4 KB,S:\_POST_PRODUCTION\_VFX_ELEMENTS\3D Models\3Ds Max 500 Models And Textures\500_Modeles_HQ+Textures_FR_ZIP_by_SRC.powaa\DATA\ANIMALS\ELEPHANT,S:\_POST_PRODUCTION\_VFX_ELEMENTS\3D Models\3Ds Max 500 Models And Textures\500_Modeles_HQ+Textures_FR_ZIP_by_SRC.powaa\DATA\ANIMALS\ELEPHANT\ELEPHA01.jpg,,,,,,
FLAM,.jpg,1,3,3,0,366251,357.7 KB,S:\_POST_PRODUCTION\_VFX_ELEMENTS\3D Models\3Ds Max 500 Models And Textures\500_Modeles_HQ+Textures_FR_ZIP_by_SRC.powaa\DATA\ANIMALS\FLAM,S:\_POST_PRODUCTION\_VFX_ELEMENTS\3D Models\3Ds Max 500 Models And Textures\500_Modeles_HQ+Textures_FR_ZIP_by_SRC.powaa\DATA\ANIMALS\FLAM\FLAM_01.jpg,,,,,,
FLY,.jpg,1,3,3,0,566927,553.6 KB,S:\_POST_PRODUCTION\_VFX_ELEMENTS\3D Models\3Ds Max 500 Models And Textures\500_Modeles_HQ+Textures_FR_ZIP_by_SRC.powaa\DATA\ANIMALS\FLY,S:\_POST_PRODUCTION\_VFX_ELEMENTS\3D Models\3Ds Max 500 Models And Textures\500_Modeles_HQ+Textures_FR_ZIP_by_SRC.powaa\DATA\ANIMALS\FLY\FLY_01.jpg,,,,,,
GALLIM,.jpg,1,3,3,0,424328,414.4 KB,S:\_POST_PRODUCTION\_VFX_ELEMENTS\3D Models\3Ds Max 500 Models And Textures\500_Modeles_HQ+Textures_FR_ZIP_by_SRC.powaa\DATA\ANIMALS\GALLIM,S:\_POST_PRODUCTION\_VFX_ELEMENTS\3D Models\3Ds Max 500 Models And Textures\500_Modeles_HQ+Textures_FR_ZIP_by_SRC.powaa\DATA\ANIMALS\GALLIM\GALLIM01.jpg,,,,,,
GIRAFF,.jpg,1,3,3,0,459351,448.6 KB,S:\_POST_PRODUCTION\_VFX_ELEMENTS\3D Models\3Ds Max 500 Models And Textures\500_Modeles_HQ+Textures_FR_ZIP_by_SRC.powaa\DATA\ANIMALS\GIRAFFE,S:\_POST_PRODUCTION\_VFX_ELEMENTS\3D Models\3Ds Max 500 Models And Textures\500_Modeles_HQ+Textures_FR_ZIP_by_SRC.powaa\DATA\ANIMALS\GIRAFFE\GIRAFF01.jpg,,,,,,
GORILL,.jpg,1,3,3,0,420021,410.2 KB,S:\_POST_PRODUCTION\_VFX_ELEMENTS\3D Models\3Ds Max 500 Models And Textures\500_Modeles_HQ+Textures_FR_ZIP_by_SRC.powaa\DATA\ANIMALS\GORILLA,S:\_POST_PRODUCTION\_VFX_ELEMENTS\3D Models\3Ds Max 500 Models And Textures\500_Modeles_HQ+Textures_FR_ZIP_by_SRC.powaa\DATA\ANIMALS\GORILLA\GORILL01.jpg,,,,,,
KOMODO,.jpg,1,3,3,0,521486,509.3 KB,S:\_POST_PRODUCTION\_VFX_ELEMENTS\3D Models\3Ds Max 500 Models And Textures\500_Modeles_HQ+Textures_FR_ZIP_by_SRC.powaa\DATA\ANIMALS\KOMODO,S:\_POST_PRODUCTION\_VFX_ELEMENTS\3D Models\3Ds Max 500 Models And Textures\500_Modeles_HQ+Textures_FR_ZIP_by_SRC.powaa\DATA\ANIMALS\KOMODO\KOMODO01.jpg,,,,,,
KWHF,.jpg,1,3,3,0,326017,318.4 KB,S:\_POST_PRODUCTION\_VFX_ELEMENTS\3D Models\3Ds Max 500 Models And Textures\500_Modeles_HQ+Textures_FR_ZIP_by_SRC.powaa\DATA\ANIMALS\KWHF,S:\_POST_PRODUCTION\_VFX_ELEMENTS\3D Models\3Ds Max 500 Models And Textures\500_Modeles_HQ+Textures_FR_ZIP_by_SRC.powaa\DATA\ANIMALS\KWHF\KWHF_01.jpg,,,,,,
LABRAT,.jpg,1,3,3,0,507878,496.0 KB,S:\_POST_PRODUCTION\_VFX_ELEMENTS\3D Models\3Ds Max 500 Models And Textures\500_Modeles_HQ+Textures_FR_ZIP_by_SRC.powaa\DATA\ANIMALS\LABRAT,S:\_POST_PRODUCTION\_VFX_ELEMENTS\3D Models\3Ds Max 500 Models And Textures\500_Modeles_HQ+Textures_FR_ZIP_by_SRC.powaa\DATA\ANIMALS\LABRAT\LABRAT01.jpg,,,,,,
LIONES,.jpg,1,3,3,0,456142,445.5 KB,S:\_POST_PRODUCTION\_VFX_ELEMENTS\3D Models\3Ds Max 500 Models And Textures\500_Modeles_HQ+Textures_FR_ZIP_by_SRC.powaa\DATA\ANIMALS\LIONESS,S:\_POST_PRODUCTION\_VFX_ELEMENTS\3D Models\3Ds Max 500 Models And Textures\500_Modeles_HQ+Textures_FR_ZIP_by_SRC.powaa\DATA\ANIMALS\LIONESS\LIONES01.jpg,,,,,,
LOBSTE,.jpg,1,3,3,0,504071,492.3 KB,S:\_POST_PRODUCTION\_VFX_ELEMENTS\3D Models\3Ds Max 500 Models And Textures\500_Modeles_HQ+Textures_FR_ZIP_by_SRC.powaa\DATA\ANIMALS\LOBSTER,S:\_POST_PRODUCTION\_VFX_ELEMENTS\3D Models\3Ds Max 500 Models And Textures\500_Modeles_HQ+Textures_FR_ZIP_by_SRC.powaa\DATA\ANIMALS\LOBSTER\LOBSTE01.jpg,,,,,,
LPRAWN,.jpg,1,3,3,0,588741,574.9 KB,S:\_POST_PRODUCTION\_VFX_ELEMENTS\3D Models\3Ds Max 500 Models And Textures\500_Modeles_HQ+Textures_FR_ZIP_by_SRC.powaa\DATA\ANIMALS\LPRAWN,S:\_POST_PRODUCTION\_VFX_ELEMENTS\3D Models\3Ds Max 500 Models And Textures\500_Modeles_HQ+Textures_FR_ZIP_by_SRC.powaa\DATA\ANIMALS\LPRAWN\LPRAWN01.jpg,,,,,,
OCTOPU,.jpg,1,3,3,0,525251,512.9 KB,S:\_POST_PRODUCTION\_VFX_ELEMENTS\3D Models\3Ds Max 500 Models And Textures\500_Modeles_HQ+Textures_FR_ZIP_by_SRC.powaa\DATA\ANIMALS\OCTOPUS,S:\_POST_PRODUCTION\_VFX_ELEMENTS\3D Models\3Ds Max 500 Models And Textures\500_Modeles_HQ+Textures_FR_ZIP_by_SRC.powaa\DATA\ANIMALS\OCTOPUS\OCTOPU01.jpg,,,,,,
PAREXO,.jpg,1,3,3,0,471828,460.8 KB,S:\_POST_PRODUCTION\_VFX_ELEMENTS\3D Models\3Ds Max 500 Models And Textures\500_Modeles_HQ+Textures_FR_ZIP_by_SRC.powaa\DATA\ANIMALS\PAREXO,S:\_POST_PRODUCTION\_VFX_ELEMENTS\3D Models\3Ds Max 500 Models And Textures\500_Modeles_HQ+Textures_FR_ZIP_by_SRC.powaa\DATA\ANIMALS\PAREXO\PAREXO01.jpg,,,,,,
PTERAN,.jpg,1,3,3,0,590589,576.7 KB,S:\_POST_PRODUCTION\_VFX_ELEMENTS\3D Models\3Ds Max 500 Models And Textures\500_Modeles_HQ+Textures_FR_ZIP_by_SRC.powaa\DATA\ANIMALS\PTERANO,S:\_POST_PRODUCTION\_VFX_ELEMENTS\3D Models\3Ds Max 500 Models And Textures\500_Modeles_HQ+Textures_FR_ZIP_by_SRC.powaa\DATA\ANIMALS\PTERANO\PTERAN01.jpg,,,,,,
SANPED,.jpg,1,3,3,0,588722,574.9 KB,S:\_POST_PRODUCTION\_VFX_ELEMENTS\3D Models\3Ds Max 500 Models And Textures\500_Modeles_HQ+Textures_FR_ZIP_by_SRC.powaa\DATA\ANIMALS\SANPEDRO,S:\_POST_PRODUCTION\_VFX_ELEMENTS\3D Models\3Ds Max 500 Models And Textures\500_Modeles_HQ+Textures_FR_ZIP_by_SRC.powaa\DATA\ANIMALS\SANPEDRO\SANPED01.jpg,,,,,,
SCOR,.jpg,1,3,3,0,527252,514.9 KB,S:\_POST_PRODUCTION\_VFX_ELEMENTS\3D Models\3Ds Max 500 Models And Textures\500_Modeles_HQ+Textures_FR_ZIP_by_SRC.powaa\DATA\ANIMALS\SCOR,S:\_POST_PRODUCTION\_VFX_ELEMENTS\3D Models\3Ds Max 500 Models And Textures\500_Modeles_HQ+Textures_FR_ZIP_by_SRC.powaa\DATA\ANIMALS\SCOR\SCOR_01.jpg,,,,,,
SHEEP,.jpg,1,3,3,0,466533,455.6 KB,S:\_POST_PRODUCTION\_VFX_ELEMENTS\3D Models\3Ds Max 500 Models And Textures\500_Modeles_HQ+Textures_FR_ZIP_by_SRC.powaa\DATA\ANIMALS\SHEEPH,S:\_POST_PRODUCTION\_VFX_ELEMENTS\3D Models\3Ds Max 500 Models And Textures\500_Modeles_HQ+Textures_FR_ZIP_by_SRC.powaa\DATA\ANIMALS\SHEEPH\SHEEP01.jpg,,,,,,
SLMN,.jpg,1,3,3,0,454303,443.7 KB,S:\_POST_PRODUCTION\_VFX_ELEMENTS\3D Models\3Ds Max 500 Models And Textures\500_Modeles_HQ+Textures_FR_ZIP_by_SRC.powaa\DATA\ANIMALS\SLMN,S:\_POST_PRODUCTION\_VFX_ELEMENTS\3D Models\3Ds Max 500 Models And Textures\500_Modeles_HQ+Textures_FR_ZIP_by_SRC.powaa\DATA\ANIMALS\SLMN\SLMN01.jpg,,,,,,
TARANT,.jpg,1,3,3,0,734336,717.1 KB,S:\_POST_PRODUCTION\_VFX_ELEMENTS\3D Models\3Ds Max 500 Models And Textures\500_Modeles_HQ+Textures_FR_ZIP_by_SRC.powaa\DATA\ANIMALS\TARANTU,S:\_POST_PRODUCTION\_VFX_ELEMENTS\3D Models\3Ds Max 500 Models And Textures\500_Modeles_HQ+Textures_FR_ZIP_by_SRC.powaa\DATA\ANIMALS\TARANTU\TARANT01.jpg,,,,,,
TIRARE,.jpg,1,3,3,0,396371,387.1 KB,S:\_POST_PRODUCTION\_VFX_ELEMENTS\3D Models\3Ds Max 500 Models And Textures\500_Modeles_HQ+Textures_FR_ZIP_by_SRC.powaa\DATA\ANIMALS\TIRAREX,S:\_POST_PRODUCTION\_VFX_ELEMENTS\3D Models\3Ds Max 500 Models And Textures\500_Modeles_HQ+Textures_FR_ZIP_by_SRC.powaa\DATA\ANIMALS\TIRAREX\TIRARE01.jpg,,,,,,
TRICER,.jpg,1,3,3,0,450071,439.5 KB,S:\_POST_PRODUCTION\_VFX_ELEMENTS\3D Models\3Ds Max 500 Models And Textures\500_Modeles_HQ+Textures_FR_ZIP_by_SRC.powaa\DATA\ANIMALS\TRICERA,S:\_POST_PRODUCTION\_VFX_ELEMENTS\3D Models\3Ds Max 500 Models And Textures\500_Modeles_HQ+Textures_FR_ZIP_by_SRC.powaa\DATA\ANIMALS\TRICERA\TRICER01.jpg,,,,,,
TURTLE,.jpg,1,3,3,0,512252,500.2 KB,S:\_POST_PRODUCTION\_VFX_ELEMENTS\3D Models\3Ds Max 500 Models And Textures\500_Modeles_HQ+Textures_FR_ZIP_by_SRC.powaa\DATA\ANIMALS\TURTLE,S:\_POST_PRODUCTION\_VFX_ELEMENTS\3D Models\3Ds Max 500 Models And Textures\500_Modeles_HQ+Textures_FR_ZIP_by_SRC.powaa\DATA\ANIMALS\TURTLE\TURTLE01.jpg,,,,,,
WSHARK,.jpg,1,3,3,0,361985,353.5 KB,S:\_POST_PRODUCTION\_VFX_ELEMENTS\3D Models\3Ds Max 500 Models And Textures\500_Modeles_HQ+Textures_FR_ZIP_by_SRC.powaa\DATA\ANIMALS\WSHARKF,S:\_POST_PRODUCTION\_VFX_ELEMENTS\3D Models\3Ds Max 500 Models And Textures\500_Modeles_HQ+Textures_FR_ZIP_by_SRC.powaa\DATA\ANIMALS\WSHARKF\WSHARK01.jpg,,,,,,
ZEBRA,.jpg,1,3,3,0,643270,628.2 KB,S:\_POST_PRODUCTION\_VFX_ELEMENTS\3D Models\3Ds Max 500 Models And Textures\500_Modeles_HQ+Textures_FR_ZIP_by_SRC.powaa\DATA\ANIMALS\ZEBRA,S:\_POST_PRODUCTION\_VFX_ELEMENTS\3D Models\3Ds Max 500 Models And Textures\500_Modeles_HQ+Textures_FR_ZIP_by_SRC.powaa\DATA\ANIMALS\ZEBRA\ZEBRA_01.jpg,,,,,,
BANKHA,.jpg,1,3,3,0,717392,700.6 KB,S:\_POST_PRODUCTION\_VFX_ELEMENTS\3D Models\3Ds Max 500 Models And Textures\500_Modeles_HQ+Textures_FR_ZIP_by_SRC.powaa\DATA\ARCHITEC\BANKHAUS,S:\_POST_PRODUCTION\_VFX_ELEMENTS\3D Models\3Ds Max 500 Models And Textures\500_Modeles_HQ+Textures_FR_ZIP_by_SRC.powaa\DATA\ARCHITEC\BANKHAUS\BANKHA01.jpg,,,,,,
BARN,.jpg,1,3,3,0,855427,835.4 KB,S:\_POST_PRODUCTION\_VFX_ELEMENTS\3D Models\3Ds Max 500 Models And Textures\500_Modeles_HQ+Textures_FR_ZIP_by_SRC.powaa\DATA\ARCHITEC\BARN,S:\_POST_PRODUCTION\_VFX_ELEMENTS\3D Models\3Ds Max 500 Models And Textures\500_Modeles_HQ+Textures_FR_ZIP_by_SRC.powaa\DATA\ARCHITEC\BARN\BARN_01.jpg,,,,,,
COLI,.jpg,1,3,3,0,1175919,1.1 MB,S:\_POST_PRODUCTION\_VFX_ELEMENTS\3D Models\3Ds Max 500 Models And Textures\500_Modeles_HQ+Textures_FR_ZIP_by_SRC.powaa\DATA\ARCHITEC\COLI,S:\_POST_PRODUCTION\_VFX_ELEMENTS\3D Models\3Ds Max 500 Models And Textures\500_Modeles_HQ+Textures_FR_ZIP_by_SRC.powaa\DATA\ARCHITEC\COLI\COLI_01.jpg,,,,,,
COLIBU,.jpg,1,7,7,0,54554,53.3 KB,S:\_POST_PRODUCTION\_VFX_ELEMENTS\3D Models\3Ds Max 500 Models And Textures\500_Modeles_HQ+Textures_FR_ZIP_by_SRC.powaa\DATA\ARCHITEC\COLI\COLI,S:\_POST_PRODUCTION\_VFX_ELEMENTS\3D Models\3Ds Max 500 Models And Textures\500_Modeles_HQ+Textures_FR_ZIP_by_SRC.powaa\DATA\ARCHITEC\COLI\COLI\COLIBU01.JPG,,,,,,
COLIOP,.jpg,1,4,4,0,28275,27.6 KB,S:\_POST_PRODUCTION\_VFX_ELEMENTS\3D Models\3Ds Max 500 Models And Textures\500_Modeles_HQ+Textures_FR_ZIP_by_SRC.powaa\DATA\ARCHITEC\COLI\COLI,S:\_POST_PRODUCTION\_VFX_ELEMENTS\3D Models\3Ds Max 500 Models And Textures\500_Modeles_HQ+Textures_FR_ZIP_by_SRC.powaa\DATA\ARCHITEC\COLI\COLI\COLIOP01.JPG,,,,,,
DIESPO,.jpg,1,3,3,0,789942,771.4 KB,S:\_POST_PRODUCTION\_VFX_ELEMENTS\3D Models\3Ds Max 500 Models And Textures\500_Modeles_HQ+Textures_FR_ZIP_by_SRC.powaa\DATA\ARCHITEC\DIESPOM,S:\_POST_PRODUCTION\_VFX_ELEMENTS\3D Models\3Ds Max 500 Models And Textures\500_Modeles_HQ+Textures_FR_ZIP_by_SRC.powaa\DATA\ARCHITEC\DIESPOM\DIESPO01.jpg,,,,,,
ESTACI,.jpg,1,3,3,0,828535,809.1 KB,S:\_POST_PRODUCTION\_VFX_ELEMENTS\3D Models\3Ds Max 500 Models And Textures\500_Modeles_HQ+Textures_FR_ZIP_by_SRC.powaa\DATA\ARCHITEC\ESTACI,S:\_POST_PRODUCTION\_VFX_ELEMENTS\3D Models\3Ds Max 500 Models And Textures\500_Modeles_HQ+Textures_FR_ZIP_by_SRC.powaa\DATA\ARCHITEC\ESTACI\ESTACI01.jpg,,,,,,
GUTENB,.jpg,1,3,3,0,911523,890.2 KB,S:\_POST_PRODUCTION\_VFX_ELEMENTS\3D Models\3Ds Max 500 Models And Textures\500_Modeles_HQ+Textures_FR_ZIP_by_SRC.powaa\DATA\ARCHITEC\GUTENB,S:\_POST_PRODUCTION\_VFX_ELEMENTS\3D Models\3Ds Max 500 Models And Textures\500_Modeles_HQ+Textures_FR_ZIP_by_SRC.powaa\DATA\ARCHITEC\GUTENB\GUTENB01.jpg,,,,,,
HANGAR,.jpg,1,3,3,0,762382,744.5 KB,S:\_POST_PRODUCTION\_VFX_ELEMENTS\3D Models\3Ds Max 500 Models And Textures\500_Modeles_HQ+Textures_FR_ZIP_by_SRC.powaa\DATA\ARCHITEC\HANGAR,S:\_POST_PRODUCTION\_VFX_ELEMENTS\3D Models\3Ds Max 500 Models And Textures\500_Modeles_HQ+Textures_FR_ZIP_by_SRC.powaa\DATA\ARCHITEC\HANGAR\HANGAR01.jpg,,,,,,
KEHL,.jpg,1,3,3,0,663572,648.0 KB,S:\_POST_PRODUCTION\_VFX_ELEMENTS\3D Models\3Ds Max 500 Models And Textures\500_Modeles_HQ+Textures_FR_ZIP_by_SRC.powaa\DATA\ARCHITEC\KEHL,S:\_POST_PRODUCTION\_VFX_ELEMENTS\3D Models\3Ds Max 500 Models And Textures\500_Modeles_HQ+Textures_FR_ZIP_by_SRC.powaa\DATA\ARCHITEC\KEHL\KEHL_01.jpg,,,,,,
LONIC,.jpg,1,3,3,0,756777,739.0 KB,S:\_POST_PRODUCTION\_VFX_ELEMENTS\3D Models\3Ds Max 500 Models And Textures\500_Modeles_HQ+Textures_FR_ZIP_by_SRC.powaa\DATA\ARCHITEC\LONIC,S:\_POST_PRODUCTION\_VFX_ELEMENTS\3D Models\3Ds Max 500 Models And Textures\500_Modeles_HQ+Textures_FR_ZIP_by_SRC.powaa\DATA\ARCHITEC\LONIC\LONIC_01.jpg,,,,,,
LOOKOU,.jpg,1,3,3,0,610641,596.3 KB,S:\_POST_PRODUCTION\_VFX_ELEMENTS\3D Models\3Ds Max 500 Models And Textures\500_Modeles_HQ+Textures_FR_ZIP_by_SRC.powaa\DATA\ARCHITEC\LOOKOUT,S:\_POST_PRODUCTION\_VFX_ELEMENTS\3D Models\3Ds Max 500 Models And Textures\500_Modeles_HQ+Textures_FR_ZIP_by_SRC.powaa\DATA\ARCHITEC\LOOKOUT\LOOKOU01.jpg,,,,,,
MEZROC,.jpg,1,3,3,0,816374,797.2 KB,S:\_POST_PRODUCTION\_VFX_ELEMENTS\3D Models\3Ds Max 500 Models And Textures\500_Modeles_HQ+Textures_FR_ZIP_by_SRC.powaa\DATA\ARCHITEC\MEZROCA,S:\_POST_PRODUCTION\_VFX_ELEMENTS\3D Models\3Ds Max 500 Models And Textures\500_Modeles_HQ+Textures_FR_ZIP_by_SRC.powaa\DATA\ARCHITEC\MEZROCA\MEZROC01.jpg,,,,,,
ALFOMB,.jpg,1,3,3,0,610198,595.9 KB,S:\_POST_PRODUCTION\_VFX_ELEMENTS\3D Models\3Ds Max 500 Models And Textures\500_Modeles_HQ+Textures_FR_ZIP_by_SRC.powaa\DATA\ARCHITEC\MEZROCA\MEZROCA,S:\_POST_PRODUCTION\_VFX_ELEMENTS\3D Models\3Ds Max 500 Models And Textures\500_Modeles_HQ+Textures_FR_ZIP_by_SRC.powaa\DATA\ARCHITEC\MEZROCA\MEZROCA\ALFOMB01.JPG,,,,,,
MARBLE,.jpg,10,22,3,10,150573,147.0 KB,S:\_POST_PRODUCTION\_VFX_ELEMENTS\3D Models\3Ds Max 500 Models And Textures\500_Modeles_HQ+Textures_FR_ZIP_by_SRC.powaa\DATA\ARCHITEC\MEZROCA\MEZROCA,S:\_POST_PRODUCTION\_VFX_ELEMENTS\3D Models\3Ds Max 500 Models And Textures\500_Modeles_HQ+Textures_FR_ZIP_by_SRC.powaa\DATA\ARCHITEC\MEZROCA\MEZROCA\MARBLE10.JPG,,,,,,
MODERN,.jpg,1,3,3,0,871710,851.3 KB,S:\_POST_PRODUCTION\_VFX_ELEMENTS\3D Models\3Ds Max 500 Models And Textures\500_Modeles_HQ+Textures_FR_ZIP_by_SRC.powaa\DATA\ARCHITEC\MODERNHO,S:\_POST_PRODUCTION\_VFX_ELEMENTS\3D Models\3Ds Max 500 Models And Textures\500_Modeles_HQ+Textures_FR_ZIP_by_SRC.powaa\DATA\ARCHITEC\MODERNHO\MODERN01.jpg,,,,,,
RIDEAU,.jpg,1,3,3,0,832606,813.1 KB,S:\_POST_PRODUCTION\_VFX_ELEMENTS\3D Models\3Ds Max 500 Models And Textures\500_Modeles_HQ+Textures_FR_ZIP_by_SRC.powaa\DATA\ARCHITEC\RIDEAU,S:\_POST_PRODUCTION\_VFX_ELEMENTS\3D Models\3Ds Max 500 Models And Textures\500_Modeles_HQ+Textures_FR_ZIP_by_SRC.powaa\DATA\ARCHITEC\RIDEAU\RIDEAU01.jpg,,,,,,
SAWMIL,.jpg,1,3,3,0,924990,903.3 KB,S:\_POST_PRODUCTION\_VFX_ELEMENTS\3D Models\3Ds Max 500 Models And Textures\500_Modeles_HQ+Textures_FR_ZIP_by_SRC.powaa\DATA\ARCHITEC\SAWMILL,S:\_POST_PRODUCTION\_VFX_ELEMENTS\3D Models\3Ds Max 500 Models And Textures\500_Modeles_HQ+Textures_FR_ZIP_by_SRC.powaa\DATA\ARCHITEC\SAWMILL\SAWMIL01.jpg,,,,,,
SIGNAL,.jpg,1,3,3,0,883550,862.8 KB,S:\_POST_PRODUCTION\_VFX_ELEMENTS\3D Models\3Ds Max 500 Models And Textures\500_Modeles_HQ+Textures_FR_ZIP_by_SRC.powaa\DATA\ARCHITEC\SIGNAL,S:\_POST_PRODUCTION\_VFX_ELEMENTS\3D Models\3Ds Max 500 Models And Textures\500_Modeles_HQ+Textures_FR_ZIP_by_SRC.powaa\DATA\ARCHITEC\SIGNAL\SIGNAL01.jpg,,,,,,
SMOKEH,.jpg,1,3,3,0,1251557,1.2 MB,S:\_POST_PRODUCTION\_VFX_ELEMENTS\3D Models\3Ds Max 500 Models And Textures\500_Modeles_HQ+Textures_FR_ZIP_by_SRC.powaa\DATA\ARCHITEC\SMOKEHOU,S:\_POST_PRODUCTION\_VFX_ELEMENTS\3D Models\3Ds Max 500 Models And Textures\500_Modeles_HQ+Textures_FR_ZIP_by_SRC.powaa\DATA\ARCHITEC\SMOKEHOU\SMOKEH01.jpg,,,,,,
STORY,.jpg,1,3,3,0,1128165,1.1 MB,S:\_POST_PRODUCTION\_VFX_ELEMENTS\3D Models\3Ds Max 500 Models And Textures\500_Modeles_HQ+Textures_FR_ZIP_by_SRC.powaa\DATA\ARCHITEC\STORY,S:\_POST_PRODUCTION\_VFX_ELEMENTS\3D Models\3Ds Max 500 Models And Textures\500_Modeles_HQ+Textures_FR_ZIP_by_SRC.powaa\DATA\ARCHITEC\STORY\STORY_01.jpg,,,,,,
STUT_C,.jpg,1,3,3,0,867886,847.5 KB,S:\_POST_PRODUCTION\_VFX_ELEMENTS\3D Models\3Ds Max 500 Models And Textures\500_Modeles_HQ+Textures_FR_ZIP_by_SRC.powaa\DATA\ARCHITEC\STUT_C,S:\_POST_PRODUCTION\_VFX_ELEMENTS\3D Models\3Ds Max 500 Models And Textures\500_Modeles_HQ+Textures_FR_ZIP_by_SRC.powaa\DATA\ARCHITEC\STUT_C\STUT_C01.jpg,,,,,,
SUMMER,.jpg,1,3,3,0,712013,695.3 KB,S:\_POST_PRODUCTION\_VFX_ELEMENTS\3D Models\3Ds Max 500 Models And Textures\500_Modeles_HQ+Textures_FR_ZIP_by_SRC.powaa\DATA\ARCHITEC\SUMMER,S:\_POST_PRODUCTION\_VFX_ELEMENTS\3D Models\3Ds Max 500 Models And Textures\500_Modeles_HQ+Textures_FR_ZIP_by_SRC.powaa\DATA\ARCHITEC\SUMMER\SUMMER01.jpg,,,,,,
TALLER,.jpg,1,3,3,0,957252,934.8 KB,S:\_POST_PRODUCTION\_VFX_ELEMENTS\3D Models\3Ds Max 500 Models And Textures\500_Modeles_HQ+Textures_FR_ZIP_by_SRC.powaa\DATA\ARCHITEC\TALLER,S:\_POST_PRODUCTION\_VFX_ELEMENTS\3D Models\3Ds Max 500 Models And Textures\500_Modeles_HQ+Textures_FR_ZIP_by_SRC.powaa\DATA\ARCHITEC\TALLER\TALLER01.jpg,,,,,,
TOWNH,.jpg,101,103,3,0,884848,864.1 KB,S:\_POST_PRODUCTION\_VFX_ELEMENTS\3D Models\3Ds Max 500 Models And Textures\500_Modeles_HQ+Textures_FR_ZIP_by_SRC.powaa\DATA\ARCHITEC\TOWNHOU1,S:\_POST_PRODUCTION\_VFX_ELEMENTS\3D Models\3Ds Max 500 Models And Textures\500_Modeles_HQ+Textures_FR_ZIP_by_SRC.powaa\DATA\ARCHITEC\TOWNHOU1\TOWNH101.jpg,,,,,,
TOWNH,.jpg,201,203,3,0,737998,720.7 KB,S:\_POST_PRODUCTION\_VFX_ELEMENTS\3D Models\3Ds Max 500 Models And Textures\500_Modeles_HQ+Textures_FR_ZIP_by_SRC.powaa\DATA\ARCHITEC\TOWNHOU2,S:\_POST_PRODUCTION\_VFX_ELEMENTS\3D Models\3Ds Max 500 Models And Textures\500_Modeles_HQ+Textures_FR_ZIP_by_SRC.powaa\DATA\ARCHITEC\TOWNHOU2\TOWNH201.jpg,,,,,,
CARTEL,.tif,1,2,2,0,593918,580.0 KB,S:\_POST_PRODUCTION\_VFX_ELEMENTS\3D Models\3Ds Max 500 Models And Textures\500_Modeles_HQ+Textures_FR_ZIP_by_SRC.powaa\DATA\ARCHITEC\TOWNHOU2\TOWNHOU2,S:\_POST_PRODUCTION\_VFX_ELEMENTS\3D Models\3Ds Max 500 Models And Textures\500_Modeles_HQ+Textures_FR_ZIP_by_SRC.powaa\DATA\ARCHITEC\TOWNHOU2\TOWNHOU2\CARTEL01.TIF,,,,,,
TRANFC,.jpg,1,3,3,0,1082807,1.0 MB,S:\_POST_PRODUCTION\_VFX_ELEMENTS\3D Models\3Ds Max 500 Models And Textures\500_Modeles_HQ+Textures_FR_ZIP_by_SRC.powaa\DATA\ARCHITEC\TRANFCH,S:\_POST_PRODUCTION\_VFX_ELEMENTS\3D Models\3Ds Max 500 Models And Textures\500_Modeles_HQ+Textures_FR_ZIP_by_SRC.powaa\DATA\ARCHITEC\TRANFCH\TRANFC01.jpg,,,,,,
TWIN_S,.jpg,1,3,3,0,872385,851.9 KB,S:\_POST_PRODUCTION\_VFX_ELEMENTS\3D Models\3Ds Max 500 Models And Textures\500_Modeles_HQ+Textures_FR_ZIP_by_SRC.powaa\DATA\ARCHITEC\TWIN_S,S:\_POST_PRODUCTION\_VFX_ELEMENTS\3D Models\3Ds Max 500 Models And Textures\500_Modeles_HQ+Textures_FR_ZIP_by_SRC.powaa\DATA\ARCHITEC\TWIN_S\TWIN_S01.jpg,,,,,,
TWOSTO,.jpg,1,3,3,0,1112574,1.1 MB,S:\_POST_PRODUCTION\_VFX_ELEMENTS\3D Models\3Ds Max 500 Models And Textures\500_Modeles_HQ+Textures_FR_ZIP_by_SRC.powaa\DATA\ARCHITEC\TWOSTORY,S:\_POST_PRODUCTION\_VFX_ELEMENTS\3D Models\3Ds Max 500 Models And Textures\500_Modeles_HQ+Textures_FR_ZIP_by_SRC.powaa\DATA\ARCHITEC\TWOSTORY\TWOSTO01.jpg,,,,,,
T_PENS,.jpg,1,3,3,0,843428,823.7 KB,S:\_POST_PRODUCTION\_VFX_ELEMENTS\3D Models\3Ds Max 500 Models And Textures\500_Modeles_HQ+Textures_FR_ZIP_by_SRC.powaa\DATA\ARCHITEC\T_PENS,S:\_POST_PRODUCTION\_VFX_ELEMENTS\3D Models\3Ds Max 500 Models And Textures\500_Modeles_HQ+Textures_FR_ZIP_by_SRC.powaa\DATA\ARCHITEC\T_PENS\T_PENS01.jpg,,,,,,
VICTHO,.jpg,1,3,3,0,840506,820.8 KB,S:\_POST_PRODUCTION\_VFX_ELEMENTS\3D Models\3Ds Max 500 Models And Textures\500_Modeles_HQ+Textures_FR_ZIP_by_SRC.powaa\DATA\ARCHITEC\VICTHOU,S:\_POST_PRODUCTION\_VFX_ELEMENTS\3D Models\3Ds Max 500 Models And Textures\500_Modeles_HQ+Textures_FR_ZIP_by_SRC.powaa\DATA\ARCHITEC\VICTHOU\VICTHO01.jpg,,,,,,
WATER,.jpg,1,3,3,0,749199,731.6 KB,S:\_POST_PRODUCTION\_VFX_ELEMENTS\3D Models\3Ds Max 500 Models And Textures\500_Modeles_HQ+Textures_FR_ZIP_by_SRC.powaa\DATA\ARCHITEC\WATER_T2,S:\_POST_PRODUCTION\_VFX_ELEMENTS\3D Models\3Ds Max 500 Models And Textures\500_Modeles_HQ+Textures_FR_ZIP_by_SRC.powaa\DATA\ARCHITEC\WATER_T2\WATER_01.jpg,,,,,,
29FORD,.jpg,1,3,3,0,654381,639.0 KB,S:\_POST_PRODUCTION\_VFX_ELEMENTS\3D Models\3Ds Max 500 Models And Textures\500_Modeles_HQ+Textures_FR_ZIP_by_SRC.powaa\DATA\CARS\29FORD,S:\_POST_PRODUCTION\_VFX_ELEMENTS\3D Models\3Ds Max 500 Models And Textures\500_Modeles_HQ+Textures_FR_ZIP_by_SRC.powaa\DATA\CARS\29FORD\29FORD01.jpg,,,,,,
40FORD,.jpg,1,3,3,0,610334,596.0 KB,S:\_POST_PRODUCTION\_VFX_ELEMENTS\3D Models\3Ds Max 500 Models And Textures\500_Modeles_HQ+Textures_FR_ZIP_by_SRC.powaa\DATA\CARS\40FORD,S:\_POST_PRODUCTION\_VFX_ELEMENTS\3D Models\3Ds Max 500 Models And Textures\500_Modeles_HQ+Textures_FR_ZIP_by_SRC.powaa\DATA\CARS\40FORD\40FORD01.jpg,,,,,,
50FORD,.jpg,1,3,3,0,611083,596.8 KB,S:\_POST_PRODUCTION\_VFX_ELEMENTS\3D Models\3Ds Max 500 Models And Textures\500_Modeles_HQ+Textures_FR_ZIP_by_SRC.powaa\DATA\CARS\50FOR,S:\_POST_PRODUCTION\_VFX_ELEMENTS\3D Models\3Ds Max 500 Models And Textures\500_Modeles_HQ+Textures_FR_ZIP_by_SRC.powaa\DATA\CARS\50FOR\50FORD01.jpg,,,,,,
850P,.jpg,1,3,3,0,573357,559.9 KB,S:\_POST_PRODUCTION\_VFX_ELEMENTS\3D Models\3Ds Max 500 Models And Textures\500_Modeles_HQ+Textures_FR_ZIP_by_SRC.powaa\DATA\CARS\850P,S:\_POST_PRODUCTION\_VFX_ELEMENTS\3D Models\3Ds Max 500 Models And Textures\500_Modeles_HQ+Textures_FR_ZIP_by_SRC.powaa\DATA\CARS\850P\850P_01.jpg,,,,,,
ALFA,.jpg,2301,2303,3,0,698097,681.7 KB,S:\_POST_PRODUCTION\_VFX_ELEMENTS\3D Models\3Ds Max 500 Models And Textures\500_Modeles_HQ+Textures_FR_ZIP_by_SRC.powaa\DATA\CARS\ALFA2300,S:\_POST_PRODUCTION\_VFX_ELEMENTS\3D Models\3Ds Max 500 Models And Textures\500_Modeles_HQ+Textures_FR_ZIP_by_SRC.powaa\DATA\CARS\ALFA2300\ALFA2301.jpg,,,,,,
ALFASP,.jpg,1,3,3,0,618852,604.3 KB,S:\_POST_PRODUCTION\_VFX_ELEMENTS\3D Models\3Ds Max 500 Models And Textures\500_Modeles_HQ+Textures_FR_ZIP_by_SRC.powaa\DATA\CARS\ALFASPID,S:\_POST_PRODUCTION\_VFX_ELEMENTS\3D Models\3Ds Max 500 Models And Textures\500_Modeles_HQ+Textures_FR_ZIP_by_SRC.powaa\DATA\CARS\ALFASPID\ALFASP01.jpg,,,,,,
ASTONM,.jpg,1,3,3,0,573192,559.8 KB,S:\_POST_PRODUCTION\_VFX_ELEMENTS\3D Models\3Ds Max 500 Models And Textures\500_Modeles_HQ+Textures_FR_ZIP_by_SRC.powaa\DATA\CARS\ASTONM,S:\_POST_PRODUCTION\_VFX_ELEMENTS\3D Models\3Ds Max 500 Models And Textures\500_Modeles_HQ+Textures_FR_ZIP_by_SRC.powaa\DATA\CARS\ASTONM\ASTONM01.jpg,,,,,,
AUDIAV,.jpg,1,3,3,0,582050,568.4 KB,S:\_POST_PRODUCTION\_VFX_ELEMENTS\3D Models\3Ds Max 500 Models And Textures\500_Modeles_HQ+Textures_FR_ZIP_by_SRC.powaa\DATA\CARS\AUDIAVUS,S:\_POST_PRODUCTION\_VFX_ELEMENTS\3D Models\3Ds Max 500 Models And Textures\500_Modeles_HQ+Textures_FR_ZIP_by_SRC.powaa\DATA\CARS\AUDIAVUS\AUDIAV01.jpg,,,,,,
BENTLE,.jpg,1,3,3,0,823294,804.0 KB,S:\_POST_PRODUCTION\_VFX_ELEMENTS\3D Models\3Ds Max 500 Models And Textures\500_Modeles_HQ+Textures_FR_ZIP_by_SRC.powaa\DATA\CARS\BENTLEY,S:\_POST_PRODUCTION\_VFX_ELEMENTS\3D Models\3Ds Max 500 Models And Textures\500_Modeles_HQ+Textures_FR_ZIP_by_SRC.powaa\DATA\CARS\BENTLEY\BENTLE01.jpg,,,,,,
BMW,.jpg,32501,32503,3,0,651364,636.1 KB,S:\_POST_PRODUCTION\_VFX_ELEMENTS\3D Models\3Ds Max 500 Models And Textures\500_Modeles_HQ+Textures_FR_ZIP_by_SRC.powaa\DATA\CARS\BMW325I,S:\_POST_PRODUCTION\_VFX_ELEMENTS\3D Models\3Ds Max 500 Models And Textures\500_Modeles_HQ+Textures_FR_ZIP_by_SRC.powaa\DATA\CARS\BMW325I\BMW32501.jpg,,,,,,
BMW,.jpg,50201,50203,3,0,677866,662.0 KB,S:\_POST_PRODUCTION\_VFX_ELEMENTS\3D Models\3Ds Max 500 Models And Textures\500_Modeles_HQ+Textures_FR_ZIP_by_SRC.powaa\DATA\CARS\BMW502,S:\_POST_PRODUCTION\_VFX_ELEMENTS\3D Models\3Ds Max 500 Models And Textures\500_Modeles_HQ+Textures_FR_ZIP_by_SRC.powaa\DATA\CARS\BMW502\BMW50201.jpg,,,,,,
BUGA,.jpg,1101,1103,3,0,699224,682.8 KB,S:\_POST_PRODUCTION\_VFX_ELEMENTS\3D Models\3Ds Max 500 Models And Textures\500_Modeles_HQ+Textures_FR_ZIP_by_SRC.powaa\DATA\CARS\BUGA110,S:\_POST_PRODUCTION\_VFX_ELEMENTS\3D Models\3Ds Max 500 Models And Textures\500_Modeles_HQ+Textures_FR_ZIP_by_SRC.powaa\DATA\CARS\BUGA110\BUGA1101.jpg,,,,,,
BUGATT,.jpg,1,3,3,0,875152,854.6 KB,S:\_POST_PRODUCTION\_VFX_ELEMENTS\3D Models\3Ds Max 500 Models And Textures\500_Modeles_HQ+Textures_FR_ZIP_by_SRC.powaa\DATA\CARS\BUGATTI,S:\_POST_PRODUCTION\_VFX_ELEMENTS\3D Models\3Ds Max 500 Models And Textures\500_Modeles_HQ+Textures_FR_ZIP_by_SRC.powaa\DATA\CARS\BUGATTI\BUGATT01.jpg,,,,,,
BUICK,.jpg,1,3,3,0,722595,705.7 KB,S:\_POST_PRODUCTION\_VFX_ELEMENTS\3D Models\3Ds Max 500 Models And Textures\500_Modeles_HQ+Textures_FR_ZIP_by_SRC.powaa\DATA\CARS\BUICK,S:\_POST_PRODUCTION\_VFX_ELEMENTS\3D Models\3Ds Max 500 Models And Textures\500_Modeles_HQ+Textures_FR_ZIP_by_SRC.powaa\DATA\CARS\BUICK\BUICK_01.jpg,,,,,,
CADI,.jpg,5901,5903,3,0,679153,663.2 KB,S:\_POST_PRODUCTION\_VFX_ELEMENTS\3D Models\3Ds Max 500 Models And Textures\500_Modeles_HQ+Textures_FR_ZIP_by_SRC.powaa\DATA\CARS\CADI59B,S:\_POST_PRODUCTION\_VFX_ELEMENTS\3D Models\3Ds Max 500 Models And Textures\500_Modeles_HQ+Textures_FR_ZIP_by_SRC.powaa\DATA\CARS\CADI59B\CADI5901.jpg,,,,,,
CADILL,.jpg,1,3,3,0,699177,682.8 KB,S:\_POST_PRODUCTION\_VFX_ELEMENTS\3D Models\3Ds Max 500 Models And Textures\500_Modeles_HQ+Textures_FR_ZIP_by_SRC.powaa\DATA\CARS\CADILLAC,S:\_POST_PRODUCTION\_VFX_ELEMENTS\3D Models\3Ds Max 500 Models And Textures\500_Modeles_HQ+Textures_FR_ZIP_by_SRC.powaa\DATA\CARS\CADILLAC\CADILL01.jpg,,,,,,
CH54,.jpg,1,3,3,0,579528,565.9 KB,S:\_POST_PRODUCTION\_VFX_ELEMENTS\3D Models\3Ds Max 500 Models And Textures\500_Modeles_HQ+Textures_FR_ZIP_by_SRC.powaa\DATA\CARS\CH54,S:\_POST_PRODUCTION\_VFX_ELEMENTS\3D Models\3Ds Max 500 Models And Textures\500_Modeles_HQ+Textures_FR_ZIP_by_SRC.powaa\DATA\CARS\CH54\CH54_01.jpg,,,,,,
CHBELA,.jpg,1,3,3,0,613857,599.5 KB,S:\_POST_PRODUCTION\_VFX_ELEMENTS\3D Models\3Ds Max 500 Models And Textures\500_Modeles_HQ+Textures_FR_ZIP_by_SRC.powaa\DATA\CARS\CHBELAIR,S:\_POST_PRODUCTION\_VFX_ELEMENTS\3D Models\3Ds Max 500 Models And Textures\500_Modeles_HQ+Textures_FR_ZIP_by_SRC.powaa\DATA\CARS\CHBELAIR\CHBELA01.jpg,,,,,,
CHCORV,.jpg,1,3,3,0,604395,590.2 KB,S:\_POST_PRODUCTION\_VFX_ELEMENTS\3D Models\3Ds Max 500 Models And Textures\500_Modeles_HQ+Textures_FR_ZIP_by_SRC.powaa\DATA\CARS\CHCORV,S:\_POST_PRODUCTION\_VFX_ELEMENTS\3D Models\3Ds Max 500 Models And Textures\500_Modeles_HQ+Textures_FR_ZIP_by_SRC.powaa\DATA\CARS\CHCORV\CHCORV01.jpg,,,,,,
CHEVY,.jpg,1,3,3,0,681827,665.8 KB,S:\_POST_PRODUCTION\_VFX_ELEMENTS\3D Models\3Ds Max 500 Models And Textures\500_Modeles_HQ+Textures_FR_ZIP_by_SRC.powaa\DATA\CARS\CHEVY,S:\_POST_PRODUCTION\_VFX_ELEMENTS\3D Models\3Ds Max 500 Models And Textures\500_Modeles_HQ+Textures_FR_ZIP_by_SRC.powaa\DATA\CARS\CHEVY\CHEVY_01.jpg,,,,,,
CITDS,.jpg,101,103,3,0,588418,574.6 KB,S:\_POST_PRODUCTION\_VFX_ELEMENTS\3D Models\3Ds Max 500 Models And Textures\500_Modeles_HQ+Textures_FR_ZIP_by_SRC.powaa\DATA\CARS\CITDS19,S:\_POST_PRODUCTION\_VFX_ELEMENTS\3D Models\3Ds Max 500 Models And Textures\500_Modeles_HQ+Textures_FR_ZIP_by_SRC.powaa\DATA\CARS\CITDS19\CITDS101.jpg,,,,,,
CITH,.jpg,1,3,3,0,838313,818.7 KB,S:\_POST_PRODUCTION\_VFX_ELEMENTS\3D Models\3Ds Max 500 Models And Textures\500_Modeles_HQ+Textures_FR_ZIP_by_SRC.powaa\DATA\CARS\CITH,S:\_POST_PRODUCTION\_VFX_ELEMENTS\3D Models\3Ds Max 500 Models And Textures\500_Modeles_HQ+Textures_FR_ZIP_by_SRC.powaa\DATA\CARS\CITH\CITH_01.jpg,,,,,,
CITROB,.jpg,1,3,3,0,679470,663.5 KB,S:\_POST_PRODUCTION\_VFX_ELEMENTS\3D Models\3Ds Max 500 Models And Textures\500_Modeles_HQ+Textures_FR_ZIP_by_SRC.powaa\DATA\CARS\CITROB14,S:\_POST_PRODUCTION\_VFX_ELEMENTS\3D Models\3Ds Max 500 Models And Textures\500_Modeles_HQ+Textures_FR_ZIP_by_SRC.powaa\DATA\CARS\CITROB14\CITROB01.jpg,,,,,,
CITRO,.jpg,101,103,3,0,710993,694.3 KB,S:\_POST_PRODUCTION\_VFX_ELEMENTS\3D Models\3Ds Max 500 Models And Textures\500_Modeles_HQ+Textures_FR_ZIP_by_SRC.powaa\DATA\CARS\CITROE,S:\_POST_PRODUCTION\_VFX_ELEMENTS\3D Models\3Ds Max 500 Models And Textures\500_Modeles_HQ+Textures_FR_ZIP_by_SRC.powaa\DATA\CARS\CITROE\CITRO101.jpg,,,,,,
CITROE,.jpg,1,3,3,0,617655,603.2 KB,S:\_POST_PRODUCTION\_VFX_ELEMENTS\3D Models\3Ds Max 500 Models And Textures\500_Modeles_HQ+Textures_FR_ZIP_by_SRC.powaa\DATA\CARS\CITROE15,S:\_POST_PRODUCTION\_VFX_ELEMENTS\3D Models\3Ds Max 500 Models And Textures\500_Modeles_HQ+Textures_FR_ZIP_by_SRC.powaa\DATA\CARS\CITROE15\CITROE01.jpg,,,,,,
CITRXM,.jpg,1,3,3,0,605779,591.6 KB,S:\_POST_PRODUCTION\_VFX_ELEMENTS\3D Models\3Ds Max 500 Models And Textures\500_Modeles_HQ+Textures_FR_ZIP_by_SRC.powaa\DATA\CARS\CITRXM,S:\_POST_PRODUCTION\_VFX_ELEMENTS\3D Models\3Ds Max 500 Models And Textures\500_Modeles_HQ+Textures_FR_ZIP_by_SRC.powaa\DATA\CARS\CITRXM\CITRXM01.jpg,,,,,,
CZR1,.jpg,1,3,3,0,571667,558.3 KB,S:\_POST_PRODUCTION\_VFX_ELEMENTS\3D Models\3Ds Max 500 Models And Textures\500_Modeles_HQ+Textures_FR_ZIP_by_SRC.powaa\DATA\CARS\CZR1,S:\_POST_PRODUCTION\_VFX_ELEMENTS\3D Models\3Ds Max 500 Models And Textures\500_Modeles_HQ+Textures_FR_ZIP_by_SRC.powaa\DATA\CARS\CZR1\CZR1_01.jpg,,,,,,
DELG,.jpg,1,3,3,0,648861,633.7 KB,S:\_POST_PRODUCTION\_VFX_ELEMENTS\3D Models\3Ds Max 500 Models And Textures\500_Modeles_HQ+Textures_FR_ZIP_by_SRC.powaa\DATA\CARS\DELG,S:\_POST_PRODUCTION\_VFX_ELEMENTS\3D Models\3Ds Max 500 Models And Textures\500_Modeles_HQ+Textures_FR_ZIP_by_SRC.powaa\DATA\CARS\DELG\DELG_01.jpg,,,,,,
DODGEV,.jpg,1,3,3,0,649029,633.8 KB,S:\_POST_PRODUCTION\_VFX_ELEMENTS\3D Models\3Ds Max 500 Models And Textures\500_Modeles_HQ+Textures_FR_ZIP_by_SRC.powaa\DATA\CARS\DODGEVIP,S:\_POST_PRODUCTION\_VFX_ELEMENTS\3D Models\3Ds Max 500 Models And Textures\500_Modeles_HQ+Textures_FR_ZIP_by_SRC.powaa\DATA\CARS\DODGEVIP\DODGEV01.jpg,,,,,,
F250,.jpg,1,3,3,0,668878,653.2 KB,S:\_POST_PRODUCTION\_VFX_ELEMENTS\3D Models\3Ds Max 500 Models And Textures\500_Modeles_HQ+Textures_FR_ZIP_by_SRC.powaa\DATA\CARS\F250,S:\_POST_PRODUCTION\_VFX_ELEMENTS\3D Models\3Ds Max 500 Models And Textures\500_Modeles_HQ+Textures_FR_ZIP_by_SRC.powaa\DATA\CARS\F250\F250_01.jpg,,,,,,
F250-,.jpg,2,21,10,10,263142,257.0 KB,S:\_POST_PRODUCTION\_VFX_ELEMENTS\3D Models\3Ds Max 500 Models And Textures\500_Modeles_HQ+Textures_FR_ZIP_by_SRC.powaa\DATA\CARS\F250\F250,S:\_POST_PRODUCTION\_VFX_ELEMENTS\3D Models\3Ds Max 500 Models And Textures\500_Modeles_HQ+Textures_FR_ZIP_by_SRC.powaa\DATA\CARS\F250\F250\F250-002.JPG,,,,,,
F348,.jpg,1,3,3,0,661234,645.7 KB,S:\_POST_PRODUCTION\_VFX_ELEMENTS\3D Models\3Ds Max 500 Models And Textures\500_Modeles_HQ+Textures_FR_ZIP_by_SRC.powaa\DATA\CARS\F348,S:\_POST_PRODUCTION\_VFX_ELEMENTS\3D Models\3Ds Max 500 Models And Textures\500_Modeles_HQ+Textures_FR_ZIP_by_SRC.powaa\DATA\CARS\F348\F348_01.jpg,,,,,,
F40,.jpg,1,3,3,0,728941,711.9 KB,S:\_POST_PRODUCTION\_VFX_ELEMENTS\3D Models\3Ds Max 500 Models And Textures\500_Modeles_HQ+Textures_FR_ZIP_by_SRC.powaa\DATA\CARS\F40,S:\_POST_PRODUCTION\_VFX_ELEMENTS\3D Models\3Ds Max 500 Models And Textures\500_Modeles_HQ+Textures_FR_ZIP_by_SRC.powaa\DATA\CARS\F40\F40_01.jpg,,,,,,
F50N,.jpg,1,3,3,0,728323,711.3 KB,S:\_POST_PRODUCTION\_VFX_ELEMENTS\3D Models\3Ds Max 500 Models And Textures\500_Modeles_HQ+Textures_FR_ZIP_by_SRC.powaa\DATA\CARS\F50N,S:\_POST_PRODUCTION\_VFX_ELEMENTS\3D Models\3Ds Max 500 Models And Textures\500_Modeles_HQ+Textures_FR_ZIP_by_SRC.powaa\DATA\CARS\F50N\F50N_01.jpg,,,,,,
FIAT5,.jpg,1,3,3,0,717878,701.1 KB,S:\_POST_PRODUCTION\_VFX_ELEMENTS\3D Models\3Ds Max 500 Models And Textures\500_Modeles_HQ+Textures_FR_ZIP_by_SRC.powaa\DATA\CARS\FIAT5,S:\_POST_PRODUCTION\_VFX_ELEMENTS\3D Models\3Ds Max 500 Models And Textures\500_Modeles_HQ+Textures_FR_ZIP_by_SRC.powaa\DATA\CARS\FIAT5\FIAT5_01.jpg,,,,,,
FORDA,.jpg,101,103,3,0,687663,671.5 KB,S:\_POST_PRODUCTION\_VFX_ELEMENTS\3D Models\3Ds Max 500 Models And Textures\500_Modeles_HQ+Textures_FR_ZIP_by_SRC.powaa\DATA\CARS\FORDA1,S:\_POST_PRODUCTION\_VFX_ELEMENTS\3D Models\3Ds Max 500 Models And Textures\500_Modeles_HQ+Textures_FR_ZIP_by_SRC.powaa\DATA\CARS\FORDA1\FORDA101.jpg,,,,,,
FORDGT,.jpg,1,3,3,0,598894,584.9 KB,S:\_POST_PRODUCTION\_VFX_ELEMENTS\3D Models\3Ds Max 500 Models And Textures\500_Modeles_HQ+Textures_FR_ZIP_by_SRC.powaa\DATA\CARS\FORDGT40,S:\_POST_PRODUCTION\_VFX_ELEMENTS\3D Models\3Ds Max 500 Models And Textures\500_Modeles_HQ+Textures_FR_ZIP_by_SRC.powaa\DATA\CARS\FORDGT40\FORDGT01.jpg,,,,,,
FOGT,.jpg,9001,9003,3,0,623340,608.7 KB,S:\_POST_PRODUCTION\_VFX_ELEMENTS\3D Models\3Ds Max 500 Models And Textures\500_Modeles_HQ+Textures_FR_ZIP_by_SRC.powaa\DATA\CARS\FORDGT90,S:\_POST_PRODUCTION\_VFX_ELEMENTS\3D Models\3Ds Max 500 Models And Textures\500_Modeles_HQ+Textures_FR_ZIP_by_SRC.powaa\DATA\CARS\FORDGT90\FOGT9001.jpg,,,,,,
FORDMU,.jpg,1,3,3,0,610359,596.1 KB,S:\_POST_PRODUCTION\_VFX_ELEMENTS\3D Models\3Ds Max 500 Models And Textures\500_Modeles_HQ+Textures_FR_ZIP_by_SRC.powaa\DATA\CARS\FORDMUST,S:\_POST_PRODUCTION\_VFX_ELEMENTS\3D Models\3Ds Max 500 Models And Textures\500_Modeles_HQ+Textures_FR_ZIP_by_SRC.powaa\DATA\CARS\FORDMUST\FORDMU01.jpg,,,,,,
FORD_T,.jpg,1,3,3,0,911377,890.0 KB,S:\_POST_PRODUCTION\_VFX_ELEMENTS\3D Models\3Ds Max 500 Models And Textures\500_Modeles_HQ+Textures_FR_ZIP_by_SRC.powaa\DATA\CARS\FORD_T12,S:\_POST_PRODUCTION\_VFX_ELEMENTS\3D Models\3Ds Max 500 Models And Textures\500_Modeles_HQ+Textures_FR_ZIP_by_SRC.powaa\DATA\CARS\FORD_T12\FORD_T01.jpg,,,,,,
JAGTAR,.jpg,1,3,3,0,812606,793.6 KB,S:\_POST_PRODUCTION\_VFX_ELEMENTS\3D Models\3Ds Max 500 Models And Textures\500_Modeles_HQ+Textures_FR_ZIP_by_SRC.powaa\DATA\CARS\JAGTAR,S:\_POST_PRODUCTION\_VFX_ELEMENTS\3D Models\3Ds Max 500 Models And Textures\500_Modeles_HQ+Textures_FR_ZIP_by_SRC.powaa\DATA\CARS\JAGTAR\JAGTAR01.jpg,,,,,,
LUCIDA,.jpg,1,3,3,0,710579,693.9 KB,S:\_POST_PRODUCTION\_VFX_ELEMENTS\3D Models\3Ds Max 500 Models And Textures\500_Modeles_HQ+Textures_FR_ZIP_by_SRC.powaa\DATA\CARS\LUCIDA,S:\_POST_PRODUCTION\_VFX_ELEMENTS\3D Models\3Ds Max 500 Models And Textures\500_Modeles_HQ+Textures_FR_ZIP_by_SRC.powaa\DATA\CARS\LUCIDA\LUCIDA01.jpg,,,,,,
MEFIST,.jpg,1,3,3,0,877160,856.6 KB,S:\_POST_PRODUCTION\_VFX_ELEMENTS\3D Models\3Ds Max 500 Models And Textures\500_Modeles_HQ+Textures_FR_ZIP_by_SRC.powaa\DATA\CARS\MEFIST,S:\_POST_PRODUCTION\_VFX_ELEMENTS\3D Models\3Ds Max 500 Models And Textures\500_Modeles_HQ+Textures_FR_ZIP_by_SRC.powaa\DATA\CARS\MEFIST\MEFIST01.jpg,,,,,,
MERA,.jpg,1,3,3,0,666179,650.6 KB,S:\_POST_PRODUCTION\_VFX_ELEMENTS\3D Models\3Ds Max 500 Models And Textures\500_Modeles_HQ+Textures_FR_ZIP_by_SRC.powaa\DATA\CARS\MERA,S:\_POST_PRODUCTION\_VFX_ELEMENTS\3D Models\3Ds Max 500 Models And Textures\500_Modeles_HQ+Textures_FR_ZIP_by_SRC.powaa\DATA\CARS\MERA\MERA_01.jpg,,,,,,
MERCED,.jpg,1,3,3,0,645782,630.6 KB,S:\_POST_PRODUCTION\_VFX_ELEMENTS\3D Models\3Ds Max 500 Models And Textures\500_Modeles_HQ+Textures_FR_ZIP_by_SRC.powaa\DATA\CARS\MERCEDES,S:\_POST_PRODUCTION\_VFX_ELEMENTS\3D Models\3Ds Max 500 Models And Textures\500_Modeles_HQ+Textures_FR_ZIP_by_SRC.powaa\DATA\CARS\MERCEDES\MERCED01.jpg,,,,,,
NSX,.jpg,1,3,3,0,666874,651.2 KB,S:\_POST_PRODUCTION\_VFX_ELEMENTS\3D Models\3Ds Max 500 Models And Textures\500_Modeles_HQ+Textures_FR_ZIP_by_SRC.powaa\DATA\CARS\NSX,S:\_POST_PRODUCTION\_VFX_ELEMENTS\3D Models\3Ds Max 500 Models And Textures\500_Modeles_HQ+Textures_FR_ZIP_by_SRC.powaa\DATA\CARS\NSX\NSX_01.jpg,,,,,,
PRELUD,.jpg,1,3,3,0,622934,608.3 KB,S:\_POST_PRODUCTION\_VFX_ELEMENTS\3D Models\3Ds Max 500 Models And Textures\500_Modeles_HQ+Textures_FR_ZIP_by_SRC.powaa\DATA\CARS\PRELUDE,S:\_POST_PRODUCTION\_VFX_ELEMENTS\3D Models\3Ds Max 500 Models And Textures\500_Modeles_HQ+Textures_FR_ZIP_by_SRC.powaa\DATA\CARS\PRELUDE\PRELUD01.jpg,,,,,,
AMERVE,.jpg,1,3,3,0,1628167,1.6 MB,S:\_POST_PRODUCTION\_VFX_ELEMENTS\3D Models\3Ds Max 500 Models And Textures\500_Modeles_HQ+Textures_FR_ZIP_by_SRC.powaa\DATA\CIVIL_SH\AMERVESP,S:\_POST_PRODUCTION\_VFX_ELEMENTS\3D Models\3Ds Max 500 Models And Textures\500_Modeles_HQ+Textures_FR_ZIP_by_SRC.powaa\DATA\CIVIL_SH\AMERVESP\AMERVE01.jpg,,,,,,
DIBUJO,.tga,11,22,2,10,495178,483.6 KB,S:\_POST_PRODUCTION\_VFX_ELEMENTS\3D Models\3Ds Max 500 Models And Textures\500_Modeles_HQ+Textures_FR_ZIP_by_SRC.powaa\DATA\CIVIL_SH\AMERVESP\AMERVESP,S:\_POST_PRODUCTION\_VFX_ELEMENTS\3D Models\3Ds Max 500 Models And Textures\500_Modeles_HQ+Textures_FR_ZIP_by_SRC.powaa\DATA\CIVIL_SH\AMERVESP\AMERVESP\DIBUJO11.TGA,,,,,,
AMPHI,.jpg,1,3,3,0,1144789,1.1 MB,S:\_POST_PRODUCTION\_VFX_ELEMENTS\3D Models\3Ds Max 500 Models And Textures\500_Modeles_HQ+Textures_FR_ZIP_by_SRC.powaa\DATA\CIVIL_SH\AMPHI,S:\_POST_PRODUCTION\_VFX_ELEMENTS\3D Models\3Ds Max 500 Models And Textures\500_Modeles_HQ+Textures_FR_ZIP_by_SRC.powaa\DATA\CIVIL_SH\AMPHI\AMPHI_01.jpg,,,,,,
BAHRAI,.jpg,1,3,3,0,780767,762.5 KB,S:\_POST_PRODUCTION\_VFX_ELEMENTS\3D Models\3Ds Max 500 Models And Textures\500_Modeles_HQ+Textures_FR_ZIP_by_SRC.powaa\DATA\CIVIL_SH\BAHRAIN,S:\_POST_PRODUCTION\_VFX_ELEMENTS\3D Models\3Ds Max 500 Models And Textures\500_Modeles_HQ+Textures_FR_ZIP_by_SRC.powaa\DATA\CIVIL_SH\BAHRAIN\BAHRAI01.jpg,,,,,,
CAPHOR,.jpg,1,3,3,0,1225006,1.2 MB,S:\_POST_PRODUCTION\_VFX_ELEMENTS\3D Models\3Ds Max 500 Models And Textures\500_Modeles_HQ+Textures_FR_ZIP_by_SRC.powaa\DATA\CIVIL_SH\CAPHORN,S:\_POST_PRODUCTION\_VFX_ELEMENTS\3D Models\3Ds Max 500 Models And Textures\500_Modeles_HQ+Textures_FR_ZIP_by_SRC.powaa\DATA\CIVIL_SH\CAPHORN\CAPHOR01.jpg,,,,,,
CGTG,.jpg,1,3,3,0,654160,638.8 KB,S:\_POST_PRODUCTION\_VFX_ELEMENTS\3D Models\3Ds Max 500 Models And Textures\500_Modeles_HQ+Textures_FR_ZIP_by_SRC.powaa\DATA\CIVIL_SH\CGTG,S:\_POST_PRODUCTION\_VFX_ELEMENTS\3D Models\3Ds Max 500 Models And Textures\500_Modeles_HQ+Textures_FR_ZIP_by_SRC.powaa\DATA\CIVIL_SH\CGTG\CGTG_01.jpg,,,,,,
CORSAI,.jpg,1,3,3,0,758466,740.7 KB,S:\_POST_PRODUCTION\_VFX_ELEMENTS\3D Models\3Ds Max 500 Models And Textures\500_Modeles_HQ+Textures_FR_ZIP_by_SRC.powaa\DATA\CIVIL_SH\CORSAIR,S:\_POST_PRODUCTION\_VFX_ELEMENTS\3D Models\3Ds Max 500 Models And Textures\500_Modeles_HQ+Textures_FR_ZIP_by_SRC.powaa\DATA\CIVIL_SH\CORSAIR\CORSAI01.jpg,,,,,,
CSHIP,.jpg,1,3,3,0,1168512,1.1 MB,S:\_POST_PRODUCTION\_VFX_ELEMENTS\3D Models\3Ds Max 500 Models And Textures\500_Modeles_HQ+Textures_FR_ZIP_by_SRC.powaa\DATA\CIVIL_SH\CSHIP,S:\_POST_PRODUCTION\_VFX_ELEMENTS\3D Models\3Ds Max 500 Models And Textures\500_Modeles_HQ+Textures_FR_ZIP_by_SRC.powaa\DATA\CIVIL_SH\CSHIP\CSHIP_01.jpg,,,,,,
DISCOV,.jpg,1,3,3,0,997684,974.3 KB,S:\_POST_PRODUCTION\_VFX_ELEMENTS\3D Models\3Ds Max 500 Models And Textures\500_Modeles_HQ+Textures_FR_ZIP_by_SRC.powaa\DATA\CIVIL_SH\DISCOV,S:\_POST_PRODUCTION\_VFX_ELEMENTS\3D Models\3Ds Max 500 Models And Textures\500_Modeles_HQ+Textures_FR_ZIP_by_SRC.powaa\DATA\CIVIL_SH\DISCOV\DISCOV01.jpg,,,,,,
DTUG,.jpg,1,3,3,0,612010,597.7 KB,S:\_POST_PRODUCTION\_VFX_ELEMENTS\3D Models\3Ds Max 500 Models And Textures\500_Modeles_HQ+Textures_FR_ZIP_by_SRC.powaa\DATA\CIVIL_SH\DTUG,S:\_POST_PRODUCTION\_VFX_ELEMENTS\3D Models\3Ds Max 500 Models And Textures\500_Modeles_HQ+Textures_FR_ZIP_by_SRC.powaa\DATA\CIVIL_SH\DTUG\DTUG_01.jpg,,,,,,
FLYING,.jpg,1,3,3,0,1243618,1.2 MB,S:\_POST_PRODUCTION\_VFX_ELEMENTS\3D Models\3Ds Max 500 Models And Textures\500_Modeles_HQ+Textures_FR_ZIP_by_SRC.powaa\DATA\CIVIL_SH\FLYING,S:\_POST_PRODUCTION\_VFX_ELEMENTS\3D Models\3Ds Max 500 Models And Textures\500_Modeles_HQ+Textures_FR_ZIP_by_SRC.powaa\DATA\CIVIL_SH\FLYING\FLYING01.jpg,,,,,,
FLYCUE,.jpg,2,4,2,1,26169,25.6 KB,S:\_POST_PRODUCTION\_VFX_ELEMENTS\3D Models\3Ds Max 500 Models And Textures\500_Modeles_HQ+Textures_FR_ZIP_by_SRC.powaa\DATA\CIVIL_SH\FLYING\FLYING,S:\_POST_PRODUCTION\_VFX_ELEMENTS\3D Models\3Ds Max 500 Models And Textures\500_Modeles_HQ+Textures_FR_ZIP_by_SRC.powaa\DATA\CIVIL_SH\FLYING\FLYING\FLYCUE02.JPG,,,,,,
JUNK,.jpg,1,3,3,0,1161964,1.1 MB,S:\_POST_PRODUCTION\_VFX_ELEMENTS\3D Models\3Ds Max 500 Models And Textures\500_Modeles_HQ+Textures_FR_ZIP_by_SRC.powaa\DATA\CIVIL_SH\JUNK,S:\_POST_PRODUCTION\_VFX_ELEMENTS\3D Models\3Ds Max 500 Models And Textures\500_Modeles_HQ+Textures_FR_ZIP_by_SRC.powaa\DATA\CIVIL_SH\JUNK\JUNK_01.jpg,,,,,,
KURUNT,.jpg,1,3,3,0,666784,651.2 KB,S:\_POST_PRODUCTION\_VFX_ELEMENTS\3D Models\3Ds Max 500 Models And Textures\500_Modeles_HQ+Textures_FR_ZIP_by_SRC.powaa\DATA\CIVIL_SH\KURUNT,S:\_POST_PRODUCTION\_VFX_ELEMENTS\3D Models\3Ds Max 500 Models And Textures\500_Modeles_HQ+Textures_FR_ZIP_by_SRC.powaa\DATA\CIVIL_SH\KURUNT\KURUNT01.jpg,,,,,,
KYRENI,.jpg,1,3,3,0,872017,851.6 KB,S:\_POST_PRODUCTION\_VFX_ELEMENTS\3D Models\3Ds Max 500 Models And Textures\500_Modeles_HQ+Textures_FR_ZIP_by_SRC.powaa\DATA\CIVIL_SH\KYRENIA,S:\_POST_PRODUCTION\_VFX_ELEMENTS\3D Models\3Ds Max 500 Models And Textures\500_Modeles_HQ+Textures_FR_ZIP_by_SRC.powaa\DATA\CIVIL_SH\KYRENIA\KYRENI01.jpg,,,,,,
MOONLI,.jpg,1,3,3,0,717943,701.1 KB,S:\_POST_PRODUCTION\_VFX_ELEMENTS\3D Models\3Ds Max 500 Models And Textures\500_Modeles_HQ+Textures_FR_ZIP_by_SRC.powaa\DATA\CIVIL_SH\MOONLI,S:\_POST_PRODUCTION\_VFX_ELEMENTS\3D Models\3Ds Max 500 Models And Textures\500_Modeles_HQ+Textures_FR_ZIP_by_SRC.powaa\DATA\CIVIL_SH\MOONLI\MOONLI01.jpg,,,,,,
MQUEEN,.jpg,1,3,3,0,877531,857.0 KB,S:\_POST_PRODUCTION\_VFX_ELEMENTS\3D Models\3Ds Max 500 Models And Textures\500_Modeles_HQ+Textures_FR_ZIP_by_SRC.powaa\DATA\CIVIL_SH\MQUEEN,S:\_POST_PRODUCTION\_VFX_ELEMENTS\3D Models\3Ds Max 500 Models And Textures\500_Modeles_HQ+Textures_FR_ZIP_by_SRC.powaa\DATA\CIVIL_SH\MQUEEN\MQUEEN01.jpg,,,,,,
SISTER,.jpg,1,3,3,0,804192,785.3 KB,S:\_POST_PRODUCTION\_VFX_ELEMENTS\3D Models\3Ds Max 500 Models And Textures\500_Modeles_HQ+Textures_FR_ZIP_by_SRC.powaa\DATA\CIVIL_SH\SISTER,S:\_POST_PRODUCTION\_VFX_ELEMENTS\3D Models\3Ds Max 500 Models And Textures\500_Modeles_HQ+Textures_FR_ZIP_by_SRC.powaa\DATA\CIVIL_SH\SISTER\SISTER01.jpg,,,,,,
ST_MAR,.jpg,1,3,3,0,974047,951.2 KB,S:\_POST_PRODUCTION\_VFX_ELEMENTS\3D Models\3Ds Max 500 Models And Textures\500_Modeles_HQ+Textures_FR_ZIP_by_SRC.powaa\DATA\CIVIL_SH\ST_MARIA,S:\_POST_PRODUCTION\_VFX_ELEMENTS\3D Models\3Ds Max 500 Models And Textures\500_Modeles_HQ+Textures_FR_ZIP_by_SRC.powaa\DATA\CIVIL_SH\ST_MARIA\ST_MAR01.jpg,,,,,,
TITANI,.jpg,1,3,3,0,856104,836.0 KB,S:\_POST_PRODUCTION\_VFX_ELEMENTS\3D Models\3Ds Max 500 Models And Textures\500_Modeles_HQ+Textures_FR_ZIP_by_SRC.powaa\DATA\CIVIL_SH\TITANIC,S:\_POST_PRODUCTION\_VFX_ELEMENTS\3D Models\3Ds Max 500 Models And Textures\500_Modeles_HQ+Textures_FR_ZIP_by_SRC.powaa\DATA\CIVIL_SH\TITANIC\TITANI01.jpg,,,,,,
ACE,.jpg,1,3,3,0,966458,943.8 KB,S:\_POST_PRODUCTION\_VFX_ELEMENTS\3D Models\3Ds Max 500 Models And Textures\500_Modeles_HQ+Textures_FR_ZIP_by_SRC.powaa\DATA\CYCL_MOT\ACE,S:\_POST_PRODUCTION\_VFX_ELEMENTS\3D Models\3Ds Max 500 Models And Textures\500_Modeles_HQ+Textures_FR_ZIP_by_SRC.powaa\DATA\CYCL_MOT\ACE\ACE_01.jpg,,,,,,
BIMOTA,.jpg,1,3,3,0,772072,754.0 KB,S:\_POST_PRODUCTION\_VFX_ELEMENTS\3D Models\3Ds Max 500 Models And Textures\500_Modeles_HQ+Textures_FR_ZIP_by_SRC.powaa\DATA\CYCL_MOT\BIMOTA,S:\_POST_PRODUCTION\_VFX_ELEMENTS\3D Models\3Ds Max 500 Models And Textures\500_Modeles_HQ+Textures_FR_ZIP_by_SRC.powaa\DATA\CYCL_MOT\BIMOTA\BIMOTA01.jpg,,,,,,
BMW,.jpg,11001,11003,3,0,921518,899.9 KB,S:\_POST_PRODUCTION\_VFX_ELEMENTS\3D Models\3Ds Max 500 Models And Textures\500_Modeles_HQ+Textures_FR_ZIP_by_SRC.powaa\DATA\CYCL_MOT\BMW1100,S:\_POST_PRODUCTION\_VFX_ELEMENTS\3D Models\3Ds Max 500 Models And Textures\500_Modeles_HQ+Textures_FR_ZIP_by_SRC.powaa\DATA\CYCL_MOT\BMW1100\BMW11001.jpg,,,,,,
BMWK,.jpg,1001,1003,3,0,815245,796.1 KB,S:\_POST_PRODUCTION\_VFX_ELEMENTS\3D Models\3Ds Max 500 Models And Textures\500_Modeles_HQ+Textures_FR_ZIP_by_SRC.powaa\DATA\CYCL_MOT\BMWK100,S:\_POST_PRODUCTION\_VFX_ELEMENTS\3D Models\3Ds Max 500 Models And Textures\500_Modeles_HQ+Textures_FR_ZIP_by_SRC.powaa\DATA\CYCL_MOT\BMWK100\BMWK1001.jpg,,,,,,
DENIS,.jpg,1,3,3,0,835243,815.7 KB,S:\_POST_PRODUCTION\_VFX_ELEMENTS\3D Models\3Ds Max 500 Models And Textures\500_Modeles_HQ+Textures_FR_ZIP_by_SRC.powaa\DATA\CYCL_MOT\DENIS,S:\_POST_PRODUCTION\_VFX_ELEMENTS\3D Models\3Ds Max 500 Models And Textures\500_Modeles_HQ+Textures_FR_ZIP_by_SRC.powaa\DATA\CYCL_MOT\DENIS\DENIS_01.jpg,,,,,,
DUC,.jpg,91601,91603,3,0,790860,772.3 KB,S:\_POST_PRODUCTION\_VFX_ELEMENTS\3D Models\3Ds Max 500 Models And Textures\500_Modeles_HQ+Textures_FR_ZIP_by_SRC.powaa\DATA\CYCL_MOT\DUC916,S:\_POST_PRODUCTION\_VFX_ELEMENTS\3D Models\3Ds Max 500 Models And Textures\500_Modeles_HQ+Textures_FR_ZIP_by_SRC.powaa\DATA\CYCL_MOT\DUC916\DUC91601.jpg,,,,,,
ELTYPE,.jpg,1,3,3,0,902059,880.9 KB,S:\_POST_PRODUCTION\_VFX_ELEMENTS\3D Models\3Ds Max 500 Models And Textures\500_Modeles_HQ+Textures_FR_ZIP_by_SRC.powaa\DATA\CYCL_MOT\ELTYPE,S:\_POST_PRODUCTION\_VFX_ELEMENTS\3D Models\3Ds Max 500 Models And Textures\500_Modeles_HQ+Textures_FR_ZIP_by_SRC.powaa\DATA\CYCL_MOT\ELTYPE\ELTYPE01.jpg,,,,,,
FACILE,.jpg,1,3,3,0,1336495,1.3 MB,S:\_POST_PRODUCTION\_VFX_ELEMENTS\3D Models\3Ds Max 500 Models And Textures\500_Modeles_HQ+Textures_FR_ZIP_by_SRC.powaa\DATA\CYCL_MOT\FACILE,S:\_POST_PRODUCTION\_VFX_ELEMENTS\3D Models\3Ds Max 500 Models And Textures\500_Modeles_HQ+Textures_FR_ZIP_by_SRC.powaa\DATA\CYCL_MOT\FACILE\FACILE01.jpg,,,,,,
FRECCI,.jpg,1,3,3,0,1243816,1.2 MB,S:\_POST_PRODUCTION\_VFX_ELEMENTS\3D Models\3Ds Max 500 Models And Textures\500_Modeles_HQ+Textures_FR_ZIP_by_SRC.powaa\DATA\CYCL_MOT\FRECCIA,S:\_POST_PRODUCTION\_VFX_ELEMENTS\3D Models\3Ds Max 500 Models And Textures\500_Modeles_HQ+Textures_FR_ZIP_by_SRC.powaa\DATA\CYCL_MOT\FRECCIA\FRECCI01.jpg,,,,,,
HDARMY,.jpg,1,3,3,0,726135,709.1 KB,S:\_POST_PRODUCTION\_VFX_ELEMENTS\3D Models\3Ds Max 500 Models And Textures\500_Modeles_HQ+Textures_FR_ZIP_by_SRC.powaa\DATA\CYCL_MOT\HDARMY,S:\_POST_PRODUCTION\_VFX_ELEMENTS\3D Models\3Ds Max 500 Models And Textures\500_Modeles_HQ+Textures_FR_ZIP_by_SRC.powaa\DATA\CYCL_MOT\HDARMY\HDARMY01.jpg,,,,,,
HDFAT,.jpg,1,3,3,0,840326,820.6 KB,S:\_POST_PRODUCTION\_VFX_ELEMENTS\3D Models\3Ds Max 500 Models And Textures\500_Modeles_HQ+Textures_FR_ZIP_by_SRC.powaa\DATA\CYCL_MOT\HDFAT,S:\_POST_PRODUCTION\_VFX_ELEMENTS\3D Models\3Ds Max 500 Models And Textures\500_Modeles_HQ+Textures_FR_ZIP_by_SRC.powaa\DATA\CYCL_MOT\HDFAT\HDFAT_01.jpg,,,,,,
HDHER,.jpg,1,3,3,0,845099,825.3 KB,S:\_POST_PRODUCTION\_VFX_ELEMENTS\3D Models\3Ds Max 500 Models And Textures\500_Modeles_HQ+Textures_FR_ZIP_by_SRC.powaa\DATA\CYCL_MOT\HDHER,S:\_POST_PRODUCTION\_VFX_ELEMENTS\3D Models\3Ds Max 500 Models And Textures\500_Modeles_HQ+Textures_FR_ZIP_by_SRC.powaa\DATA\CYCL_MOT\HDHER\HDHER_01.jpg,,,,,,
HDPOL,.jpg,1,3,3,0,843779,824.0 KB,S:\_POST_PRODUCTION\_VFX_ELEMENTS\3D Models\3Ds Max 500 Models And Textures\500_Modeles_HQ+Textures_FR_ZIP_by_SRC.powaa\DATA\CYCL_MOT\HDPOL,S:\_POST_PRODUCTION\_VFX_ELEMENTS\3D Models\3Ds Max 500 Models And Textures\500_Modeles_HQ+Textures_FR_ZIP_by_SRC.powaa\DATA\CYCL_MOT\HDPOL\HDPOL_01.jpg,,,,,,
HEND,.jpg,1901,1903,3,0,1019971,996.1 KB,S:\_POST_PRODUCTION\_VFX_ELEMENTS\3D Models\3Ds Max 500 Models And Textures\500_Modeles_HQ+Textures_FR_ZIP_by_SRC.powaa\DATA\CYCL_MOT\HEND1912,S:\_POST_PRODUCTION\_VFX_ELEMENTS\3D Models\3Ds Max 500 Models And Textures\500_Modeles_HQ+Textures_FR_ZIP_by_SRC.powaa\DATA\CYCL_MOT\HEND1912\HEND1901.jpg,,,,,,
HOND_N,.jpg,1,3,3,0,799866,781.1 KB,S:\_POST_PRODUCTION\_VFX_ELEMENTS\3D Models\3Ds Max 500 Models And Textures\500_Modeles_HQ+Textures_FR_ZIP_by_SRC.powaa\DATA\CYCL_MOT\HOND_NR,S:\_POST_PRODUCTION\_VFX_ELEMENTS\3D Models\3Ds Max 500 Models And Textures\500_Modeles_HQ+Textures_FR_ZIP_by_SRC.powaa\DATA\CYCL_MOT\HOND_NR\HOND_N01.jpg,,,,,,
HOND_M,.jpg,10,16,6,1,293472,286.6 KB,S:\_POST_PRODUCTION\_VFX_ELEMENTS\3D Models\3Ds Max 500 Models And Textures\500_Modeles_HQ+Textures_FR_ZIP_by_SRC.powaa\DATA\CYCL_MOT\HOND_NR\HOND_NR,S:\_POST_PRODUCTION\_VFX_ELEMENTS\3D Models\3Ds Max 500 Models And Textures\500_Modeles_HQ+Textures_FR_ZIP_by_SRC.powaa\DATA\CYCL_MOT\HOND_NR\HOND_NR\HOND_M10.JPG,,,,,,
SHADOW,.jpg,1,3,3,0,963267,940.7 KB,S:\_POST_PRODUCTION\_VFX_ELEMENTS\3D Models\3Ds Max 500 Models And Textures\500_Modeles_HQ+Textures_FR_ZIP_by_SRC.powaa\DATA\CYCL_MOT\SHADOW2,S:\_POST_PRODUCTION\_VFX_ELEMENTS\3D Models\3Ds Max 500 Models And Textures\500_Modeles_HQ+Textures_FR_ZIP_by_SRC.powaa\DATA\CYCL_MOT\SHADOW2\SHADOW01.jpg,,,,,,
T_BMWR,.jpg,1,3,3,0,822761,803.5 KB,S:\_POST_PRODUCTION\_VFX_ELEMENTS\3D Models\3Ds Max 500 Models And Textures\500_Modeles_HQ+Textures_FR_ZIP_by_SRC.powaa\DATA\CYCL_MOT\T_BMWR75,S:\_POST_PRODUCTION\_VFX_ELEMENTS\3D Models\3Ds Max 500 Models And Textures\500_Modeles_HQ+Textures_FR_ZIP_by_SRC.powaa\DATA\CYCL_MOT\T_BMWR75\T_BMWR01.jpg,,,,,,
VFRR,.jpg,1,3,3,0,757741,740.0 KB,S:\_POST_PRODUCTION\_VFX_ELEMENTS\3D Models\3Ds Max 500 Models And Textures\500_Modeles_HQ+Textures_FR_ZIP_by_SRC.powaa\DATA\CYCL_MOT\VFRR,S:\_POST_PRODUCTION\_VFX_ELEMENTS\3D Models\3Ds Max 500 Models And Textures\500_Modeles_HQ+Textures_FR_ZIP_by_SRC.powaa\DATA\CYCL_MOT\VFRR\VFRR_01.jpg,,,,,,
BREVER,.jpg,1,3,3,0,1347093,1.3 MB,S:\_POST_PRODUCTION\_VFX_ELEMENTS\3D Models\3Ds Max 500 Models And Textures\500_Modeles_HQ+Textures_FR_ZIP_by_SRC.powaa\DATA\DESIGN_F\BREVERCH,S:\_POST_PRODUCTION\_VFX_ELEMENTS\3D Models\3Ds Max 500 Models And Textures\500_Modeles_HQ+Textures_FR_ZIP_by_SRC.powaa\DATA\DESIGN_F\BREVERCH\BREVER01.jpg,,,,,,
CHAISE,.jpg,1,3,3,0,622578,608.0 KB,S:\_POST_PRODUCTION\_VFX_ELEMENTS\3D Models\3Ds Max 500 Models And Textures\500_Modeles_HQ+Textures_FR_ZIP_by_SRC.powaa\DATA\DESIGN_F\CHAISE,S:\_POST_PRODUCTION\_VFX_ELEMENTS\3D Models\3Ds Max 500 Models And Textures\500_Modeles_HQ+Textures_FR_ZIP_by_SRC.powaa\DATA\DESIGN_F\CHAISE\CHAISE01.jpg,,,,,,
CORBU,.jpg,201,203,3,0,716410,699.6 KB,S:\_POST_PRODUCTION\_VFX_ELEMENTS\3D Models\3Ds Max 500 Models And Textures\500_Modeles_HQ+Textures_FR_ZIP_by_SRC.powaa\DATA\DESIGN_F\CORBUSI2,S:\_POST_PRODUCTION\_VFX_ELEMENTS\3D Models\3Ds Max 500 Models And Textures\500_Modeles_HQ+Textures_FR_ZIP_by_SRC.powaa\DATA\DESIGN_F\CORBUSI2\CORBU201.jpg,,,,,,
CORBUS,.jpg,1,3,3,0,953197,930.9 KB,S:\_POST_PRODUCTION\_VFX_ELEMENTS\3D Models\3Ds Max 500 Models And Textures\500_Modeles_HQ+Textures_FR_ZIP_by_SRC.powaa\DATA\DESIGN_F\CORBUSIE,S:\_POST_PRODUCTION\_VFX_ELEMENTS\3D Models\3Ds Max 500 Models And Textures\500_Modeles_HQ+Textures_FR_ZIP_by_SRC.powaa\DATA\DESIGN_F\CORBUSIE\CORBUS01.jpg,,,,,,
GARRIT,.jpg,1,3,3,0,643105,628.0 KB,S:\_POST_PRODUCTION\_VFX_ELEMENTS\3D Models\3Ds Max 500 Models And Textures\500_Modeles_HQ+Textures_FR_ZIP_by_SRC.powaa\DATA\DESIGN_F\GARRITRI,S:\_POST_PRODUCTION\_VFX_ELEMENTS\3D Models\3Ds Max 500 Models And Textures\500_Modeles_HQ+Textures_FR_ZIP_by_SRC.powaa\DATA\DESIGN_F\GARRITRI\GARRIT01.jpg,,,,,,
GEHRYC,.jpg,1,3,3,0,847785,827.9 KB,S:\_POST_PRODUCTION\_VFX_ELEMENTS\3D Models\3Ds Max 500 Models And Textures\500_Modeles_HQ+Textures_FR_ZIP_by_SRC.powaa\DATA\DESIGN_F\GEHRYCHA,S:\_POST_PRODUCTION\_VFX_ELEMENTS\3D Models\3Ds Max 500 Models And Textures\500_Modeles_HQ+Textures_FR_ZIP_by_SRC.powaa\DATA\DESIGN_F\GEHRYCHA\GEHRYC01.jpg,,,,,,
HOPECH,.jpg,1,3,3,0,634083,619.2 KB,S:\_POST_PRODUCTION\_VFX_ELEMENTS\3D Models\3Ds Max 500 Models And Textures\500_Modeles_HQ+Textures_FR_ZIP_by_SRC.powaa\DATA\DESIGN_F\HOPECHAI,S:\_POST_PRODUCTION\_VFX_ELEMENTS\3D Models\3Ds Max 500 Models And Textures\500_Modeles_HQ+Textures_FR_ZIP_by_SRC.powaa\DATA\DESIGN_F\HOPECHAI\HOPECH01.jpg,,,,,,
JACOBS,.jpg,1,3,3,0,721623,704.7 KB,S:\_POST_PRODUCTION\_VFX_ELEMENTS\3D Models\3Ds Max 500 Models And Textures\500_Modeles_HQ+Textures_FR_ZIP_by_SRC.powaa\DATA\DESIGN_F\JACOBSEN,S:\_POST_PRODUCTION\_VFX_ELEMENTS\3D Models\3Ds Max 500 Models And Textures\500_Modeles_HQ+Textures_FR_ZIP_by_SRC.powaa\DATA\DESIGN_F\JACOBSEN\JACOBS01.jpg,,,,,,
LLOYDC,.jpg,1,3,3,0,577760,564.2 KB,S:\_POST_PRODUCTION\_VFX_ELEMENTS\3D Models\3Ds Max 500 Models And Textures\500_Modeles_HQ+Textures_FR_ZIP_by_SRC.powaa\DATA\DESIGN_F\LLOYDCHA,S:\_POST_PRODUCTION\_VFX_ELEMENTS\3D Models\3Ds Max 500 Models And Textures\500_Modeles_HQ+Textures_FR_ZIP_by_SRC.powaa\DATA\DESIGN_F\LLOYDCHA\LLOYDC01.jpg,,,,,,
MALLET,.jpg,1,3,3,0,723247,706.3 KB,S:\_POST_PRODUCTION\_VFX_ELEMENTS\3D Models\3Ds Max 500 Models And Textures\500_Modeles_HQ+Textures_FR_ZIP_by_SRC.powaa\DATA\DESIGN_F\MALLETCH,S:\_POST_PRODUCTION\_VFX_ELEMENTS\3D Models\3Ds Max 500 Models And Textures\500_Modeles_HQ+Textures_FR_ZIP_by_SRC.powaa\DATA\DESIGN_F\MALLETCH\MALLET01.jpg,,,,,,
SERRIT,.jpg,1,3,3,0,783528,765.2 KB,S:\_POST_PRODUCTION\_VFX_ELEMENTS\3D Models\3Ds Max 500 Models And Textures\500_Modeles_HQ+Textures_FR_ZIP_by_SRC.powaa\DATA\DESIGN_F\SERRITRI,S:\_POST_PRODUCTION\_VFX_ELEMENTS\3D Models\3Ds Max 500 Models And Textures\500_Modeles_HQ+Textures_FR_ZIP_by_SRC.powaa\DATA\DESIGN_F\SERRITRI\SERRIT01.jpg,,,,,,
SINGLE,.jpg,1,3,3,0,773409,755.3 KB,S:\_POST_PRODUCTION\_VFX_ELEMENTS\3D Models\3Ds Max 500 Models And Textures\500_Modeles_HQ+Textures_FR_ZIP_by_SRC.powaa\DATA\DESIGN_F\SINGLE,S:\_POST_PRODUCTION\_VFX_ELEMENTS\3D Models\3Ds Max 500 Models And Textures\500_Modeles_HQ+Textures_FR_ZIP_by_SRC.powaa\DATA\DESIGN_F\SINGLE\SINGLE01.jpg,,,,,,
SOFA,.jpg,1,3,3,0,591009,577.2 KB,S:\_POST_PRODUCTION\_VFX_ELEMENTS\3D Models\3Ds Max 500 Models And Textures\500_Modeles_HQ+Textures_FR_ZIP_by_SRC.powaa\DATA\DESIGN_F\SOFA,S:\_POST_PRODUCTION\_VFX_ELEMENTS\3D Models\3Ds Max 500 Models And Textures\500_Modeles_HQ+Textures_FR_ZIP_by_SRC.powaa\DATA\DESIGN_F\SOFA\SOFA_01.jpg,,,,,,
AIWALK,.jpg,1,3,3,0,727565,710.5 KB,S:\_POST_PRODUCTION\_VFX_ELEMENTS\3D Models\3Ds Max 500 Models And Textures\500_Modeles_HQ+Textures_FR_ZIP_by_SRC.powaa\DATA\ELECTRIC\AIWALKMA,S:\_POST_PRODUCTION\_VFX_ELEMENTS\3D Models\3Ds Max 500 Models And Textures\500_Modeles_HQ+Textures_FR_ZIP_by_SRC.powaa\DATA\ELECTRIC\AIWALKMA\AIWALK01.jpg,,,,,,
ASPES,.jpg,101,103,3,0,611743,597.4 KB,S:\_POST_PRODUCTION\_VFX_ELEMENTS\3D Models\3Ds Max 500 Models And Textures\500_Modeles_HQ+Textures_FR_ZIP_by_SRC.powaa\DATA\ELECTRIC\ASPES141,S:\_POST_PRODUCTION\_VFX_ELEMENTS\3D Models\3Ds Max 500 Models And Textures\500_Modeles_HQ+Textures_FR_ZIP_by_SRC.powaa\DATA\ELECTRIC\ASPES141\ASPES101.jpg,,,,,,
AUTOW,.jpg,1,3,3,0,713905,697.2 KB,S:\_POST_PRODUCTION\_VFX_ELEMENTS\3D Models\3Ds Max 500 Models And Textures\500_Modeles_HQ+Textures_FR_ZIP_by_SRC.powaa\DATA\ELECTRIC\AUTOW,S:\_POST_PRODUCTION\_VFX_ELEMENTS\3D Models\3Ds Max 500 Models And Textures\500_Modeles_HQ+Textures_FR_ZIP_by_SRC.powaa\DATA\ELECTRIC\AUTOW\AUTOW_01.jpg,,,,,,
CAFETA,.jpg,1,3,3,0,688135,672.0 KB,S:\_POST_PRODUCTION\_VFX_ELEMENTS\3D Models\3Ds Max 500 Models And Textures\500_Modeles_HQ+Textures_FR_ZIP_by_SRC.powaa\DATA\ELECTRIC\CAFETALG,S:\_POST_PRODUCTION\_VFX_ELEMENTS\3D Models\3Ds Max 500 Models And Textures\500_Modeles_HQ+Textures_FR_ZIP_by_SRC.powaa\DATA\ELECTRIC\CAFETALG\CAFETA01.jpg,,,,,,
CASETT,.jpg,1,3,3,0,738104,720.8 KB,S:\_POST_PRODUCTION\_VFX_ELEMENTS\3D Models\3Ds Max 500 Models And Textures\500_Modeles_HQ+Textures_FR_ZIP_by_SRC.powaa\DATA\ELECTRIC\CASETTE,S:\_POST_PRODUCTION\_VFX_ELEMENTS\3D Models\3Ds Max 500 Models And Textures\500_Modeles_HQ+Textures_FR_ZIP_by_SRC.powaa\DATA\ELECTRIC\CASETTE\CASETT01.jpg,,,,,,
CPU,.jpg,1,3,3,0,562884,549.7 KB,S:\_POST_PRODUCTION\_VFX_ELEMENTS\3D Models\3Ds Max 500 Models And Textures\500_Modeles_HQ+Textures_FR_ZIP_by_SRC.powaa\DATA\ELECTRIC\CPU,S:\_POST_PRODUCTION\_VFX_ELEMENTS\3D Models\3Ds Max 500 Models And Textures\500_Modeles_HQ+Textures_FR_ZIP_by_SRC.powaa\DATA\ELECTRIC\CPU\CPU_01.jpg,,,,,,
E,.jpg,9000001,9000003,3,0,623957,609.3 KB,S:\_POST_PRODUCTION\_VFX_ELEMENTS\3D Models\3Ds Max 500 Models And Textures\500_Modeles_HQ+Textures_FR_ZIP_by_SRC.powaa\DATA\ELECTRIC\E900002,S:\_POST_PRODUCTION\_VFX_ELEMENTS\3D Models\3Ds Max 500 Models And Textures\500_Modeles_HQ+Textures_FR_ZIP_by_SRC.powaa\DATA\ELECTRIC\E900002\E9000001.jpg,,,,,,
ELECTA,.jpg,1,3,3,0,1151975,1.1 MB,S:\_POST_PRODUCTION\_VFX_ELEMENTS\3D Models\3Ds Max 500 Models And Textures\500_Modeles_HQ+Textures_FR_ZIP_by_SRC.powaa\DATA\ELECTRIC\ELECTAIR,S:\_POST_PRODUCTION\_VFX_ELEMENTS\3D Models\3Ds Max 500 Models And Textures\500_Modeles_HQ+Textures_FR_ZIP_by_SRC.powaa\DATA\ELECTRIC\ELECTAIR\ELECTA01.jpg,,,,,,
ELECTI,.jpg,1,3,3,0,916810,895.3 KB,S:\_POST_PRODUCTION\_VFX_ELEMENTS\3D Models\3Ds Max 500 Models And Textures\500_Modeles_HQ+Textures_FR_ZIP_by_SRC.powaa\DATA\ELECTRIC\ELECTIRO,S:\_POST_PRODUCTION\_VFX_ELEMENTS\3D Models\3Ds Max 500 Models And Textures\500_Modeles_HQ+Textures_FR_ZIP_by_SRC.powaa\DATA\ELECTRIC\ELECTIRO\ELECTI01.jpg,,,,,,
FLOPPY,.jpg,1,3,3,0,629734,615.0 KB,S:\_POST_PRODUCTION\_VFX_ELEMENTS\3D Models\3Ds Max 500 Models And Textures\500_Modeles_HQ+Textures_FR_ZIP_by_SRC.powaa\DATA\ELECTRIC\FLOPPY,S:\_POST_PRODUCTION\_VFX_ELEMENTS\3D Models\3Ds Max 500 Models And Textures\500_Modeles_HQ+Textures_FR_ZIP_by_SRC.powaa\DATA\ELECTRIC\FLOPPY\FLOPPY01.jpg,,,,,,
FORMAP,.jpg,1,3,3,0,648866,633.7 KB,S:\_POST_PRODUCTION\_VFX_ELEMENTS\3D Models\3Ds Max 500 Models And Textures\500_Modeles_HQ+Textures_FR_ZIP_by_SRC.powaa\DATA\ELECTRIC\FORMAPH,S:\_POST_PRODUCTION\_VFX_ELEMENTS\3D Models\3Ds Max 500 Models And Textures\500_Modeles_HQ+Textures_FR_ZIP_by_SRC.powaa\DATA\ELECTRIC\FORMAPH\FORMAP01.jpg,,,,,,
HAIRDR,.jpg,1,3,3,0,535500,522.9 KB,S:\_POST_PRODUCTION\_VFX_ELEMENTS\3D Models\3Ds Max 500 Models And Textures\500_Modeles_HQ+Textures_FR_ZIP_by_SRC.powaa\DATA\ELECTRIC\HAIRDR,S:\_POST_PRODUCTION\_VFX_ELEMENTS\3D Models\3Ds Max 500 Models And Textures\500_Modeles_HQ+Textures_FR_ZIP_by_SRC.powaa\DATA\ELECTRIC\HAIRDR\HAIRDR01.jpg,,,,,,
JUICER,.jpg,1,3,3,0,557700,544.6 KB,S:\_POST_PRODUCTION\_VFX_ELEMENTS\3D Models\3Ds Max 500 Models And Textures\500_Modeles_HQ+Textures_FR_ZIP_by_SRC.powaa\DATA\ELECTRIC\JUICER,S:\_POST_PRODUCTION\_VFX_ELEMENTS\3D Models\3Ds Max 500 Models And Textures\500_Modeles_HQ+Textures_FR_ZIP_by_SRC.powaa\DATA\ELECTRIC\JUICER\JUICER01.jpg,,,,,,
KEYBOA,.jpg,1,3,3,0,777333,759.1 KB,S:\_POST_PRODUCTION\_VFX_ELEMENTS\3D Models\3Ds Max 500 Models And Textures\500_Modeles_HQ+Textures_FR_ZIP_by_SRC.powaa\DATA\ELECTRIC\KEYBOARD,S:\_POST_PRODUCTION\_VFX_ELEMENTS\3D Models\3Ds Max 500 Models And Textures\500_Modeles_HQ+Textures_FR_ZIP_by_SRC.powaa\DATA\ELECTRIC\KEYBOARD\KEYBOA01.jpg,,,,,,
MAGNAD,.jpg,1,3,3,0,875000,854.5 KB,S:\_POST_PRODUCTION\_VFX_ELEMENTS\3D Models\3Ds Max 500 Models And Textures\500_Modeles_HQ+Textures_FR_ZIP_by_SRC.powaa\DATA\ELECTRIC\MAGNAD,S:\_POST_PRODUCTION\_VFX_ELEMENTS\3D Models\3Ds Max 500 Models And Textures\500_Modeles_HQ+Textures_FR_ZIP_by_SRC.powaa\DATA\ELECTRIC\MAGNAD\MAGNAD01.jpg,,,,,,
METZFI,.jpg,1,3,3,0,816419,797.3 KB,S:\_POST_PRODUCTION\_VFX_ELEMENTS\3D Models\3Ds Max 500 Models And Textures\500_Modeles_HQ+Textures_FR_ZIP_by_SRC.powaa\DATA\ELECTRIC\METZFIN,S:\_POST_PRODUCTION\_VFX_ELEMENTS\3D Models\3Ds Max 500 Models And Textures\500_Modeles_HQ+Textures_FR_ZIP_by_SRC.powaa\DATA\ELECTRIC\METZFIN\METZFI01.jpg,,,,,,
MICROP,.jpg,1,3,3,0,815166,796.1 KB,S:\_POST_PRODUCTION\_VFX_ELEMENTS\3D Models\3Ds Max 500 Models And Textures\500_Modeles_HQ+Textures_FR_ZIP_by_SRC.powaa\DATA\ELECTRIC\MICROP,S:\_POST_PRODUCTION\_VFX_ELEMENTS\3D Models\3Ds Max 500 Models And Textures\500_Modeles_HQ+Textures_FR_ZIP_by_SRC.powaa\DATA\ELECTRIC\MICROP\MICROP01.jpg,,,,,,
MONITO,.jpg,1,3,3,0,1461133,1.4 MB,S:\_POST_PRODUCTION\_VFX_ELEMENTS\3D Models\3Ds Max 500 Models And Textures\500_Modeles_HQ+Textures_FR_ZIP_by_SRC.powaa\DATA\ELECTRIC\MONITOR,S:\_POST_PRODUCTION\_VFX_ELEMENTS\3D Models\3Ds Max 500 Models And Textures\500_Modeles_HQ+Textures_FR_ZIP_by_SRC.powaa\DATA\ELECTRIC\MONITOR\MONITO01.jpg,,,,,,
NOKIA,.jpg,1,3,3,0,577676,564.1 KB,S:\_POST_PRODUCTION\_VFX_ELEMENTS\3D Models\3Ds Max 500 Models And Textures\500_Modeles_HQ+Textures_FR_ZIP_by_SRC.powaa\DATA\ELECTRIC\NOKIA,S:\_POST_PRODUCTION\_VFX_ELEMENTS\3D Models\3Ds Max 500 Models And Textures\500_Modeles_HQ+Textures_FR_ZIP_by_SRC.powaa\DATA\ELECTRIC\NOKIA\NOKIA_01.jpg,,,,,,
PUBLIC,.jpg,1,3,3,0,690189,674.0 KB,S:\_POST_PRODUCTION\_VFX_ELEMENTS\3D Models\3Ds Max 500 Models And Textures\500_Modeles_HQ+Textures_FR_ZIP_by_SRC.powaa\DATA\ELECTRIC\PUBLICPH,S:\_POST_PRODUCTION\_VFX_ELEMENTS\3D Models\3Ds Max 500 Models And Textures\500_Modeles_HQ+Textures_FR_ZIP_by_SRC.powaa\DATA\ELECTRIC\PUBLICPH\PUBLIC01.jpg,,,,,,
SINGER,.jpg,1,3,3,0,996473,973.1 KB,S:\_POST_PRODUCTION\_VFX_ELEMENTS\3D Models\3Ds Max 500 Models And Textures\500_Modeles_HQ+Textures_FR_ZIP_by_SRC.powaa\DATA\ELECTRIC\SINGER,S:\_POST_PRODUCTION\_VFX_ELEMENTS\3D Models\3Ds Max 500 Models And Textures\500_Modeles_HQ+Textures_FR_ZIP_by_SRC.powaa\DATA\ELECTRIC\SINGER\SINGER01.jpg,,,,,,
SOLACM,.jpg,1,3,3,0,619991,605.5 KB,S:\_POST_PRODUCTION\_VFX_ELEMENTS\3D Models\3Ds Max 500 Models And Textures\500_Modeles_HQ+Textures_FR_ZIP_by_SRC.powaa\DATA\ELECTRIC\SOLACM55,S:\_POST_PRODUCTION\_VFX_ELEMENTS\3D Models\3Ds Max 500 Models And Textures\500_Modeles_HQ+Textures_FR_ZIP_by_SRC.powaa\DATA\ELECTRIC\SOLACM55\SOLACM01.jpg,,,,,,
TELEFO,.jpg,1,3,3,0,616301,601.9 KB,S:\_POST_PRODUCTION\_VFX_ELEMENTS\3D Models\3Ds Max 500 Models And Textures\500_Modeles_HQ+Textures_FR_ZIP_by_SRC.powaa\DATA\ELECTRIC\TELEFONO,S:\_POST_PRODUCTION\_VFX_ELEMENTS\3D Models\3Ds Max 500 Models And Textures\500_Modeles_HQ+Textures_FR_ZIP_by_SRC.powaa\DATA\ELECTRIC\TELEFONO\TELEFO01.jpg,,,,,,
TV70,.jpg,1,3,3,0,696246,679.9 KB,S:\_POST_PRODUCTION\_VFX_ELEMENTS\3D Models\3Ds Max 500 Models And Textures\500_Modeles_HQ+Textures_FR_ZIP_by_SRC.powaa\DATA\ELECTRIC\TV70,S:\_POST_PRODUCTION\_VFX_ELEMENTS\3D Models\3Ds Max 500 Models And Textures\500_Modeles_HQ+Textures_FR_ZIP_by_SRC.powaa\DATA\ELECTRIC\TV70\TV70_01.jpg,,,,,,
T_BLAC,.jpg,1,3,3,0,653765,638.4 KB,S:\_POST_PRODUCTION\_VFX_ELEMENTS\3D Models\3Ds Max 500 Models And Textures\500_Modeles_HQ+Textures_FR_ZIP_by_SRC.powaa\DATA\ELECTRIC\T_BLACK,S:\_POST_PRODUCTION\_VFX_ELEMENTS\3D Models\3Ds Max 500 Models And Textures\500_Modeles_HQ+Textures_FR_ZIP_by_SRC.powaa\DATA\ELECTRIC\T_BLACK\T_BLAC01.jpg,,,,,,
B_DPLA,.tif,1,2,2,0,1560988,1.5 MB,S:\_POST_PRODUCTION\_VFX_ELEMENTS\3D Models\3Ds Max 500 Models And Textures\500_Modeles_HQ+Textures_FR_ZIP_by_SRC.powaa\DATA\ELECTRIC\T_BLACK\T_BLACK,S:\_POST_PRODUCTION\_VFX_ELEMENTS\3D Models\3Ds Max 500 Models And Textures\500_Modeles_HQ+Textures_FR_ZIP_by_SRC.powaa\DATA\ELECTRIC\T_BLACK\T_BLACK\B_DPLA01.TIF,,,,,,
VHSTAP,.jpg,1,3,3,0,646064,630.9 KB,S:\_POST_PRODUCTION\_VFX_ELEMENTS\3D Models\3Ds Max 500 Models And Textures\500_Modeles_HQ+Textures_FR_ZIP_by_SRC.powaa\DATA\ELECTRIC\VHSTAPE,S:\_POST_PRODUCTION\_VFX_ELEMENTS\3D Models\3Ds Max 500 Models And Textures\500_Modeles_HQ+Textures_FR_ZIP_by_SRC.powaa\DATA\ELECTRIC\VHSTAPE\VHSTAP01.jpg,,,,,,
WALLLA,.jpg,1,3,3,0,555174,542.2 KB,S:\_POST_PRODUCTION\_VFX_ELEMENTS\3D Models\3Ds Max 500 Models And Textures\500_Modeles_HQ+Textures_FR_ZIP_by_SRC.powaa\DATA\ELECTRIC\WALLLAMP,S:\_POST_PRODUCTION\_VFX_ELEMENTS\3D Models\3Ds Max 500 Models And Textures\500_Modeles_HQ+Textures_FR_ZIP_by_SRC.powaa\DATA\ELECTRIC\WALLLAMP\WALLLA01.jpg,,,,,,
WASHMA,.jpg,1,3,3,0,606801,592.6 KB,S:\_POST_PRODUCTION\_VFX_ELEMENTS\3D Models\3Ds Max 500 Models And Textures\500_Modeles_HQ+Textures_FR_ZIP_by_SRC.powaa\DATA\ELECTRIC\WASHMACH,S:\_POST_PRODUCTION\_VFX_ELEMENTS\3D Models\3Ds Max 500 Models And Textures\500_Modeles_HQ+Textures_FR_ZIP_by_SRC.powaa\DATA\ELECTRIC\WASHMACH\WASHMA01.jpg,,,,,,
500D,.jpg,1,3,3,0,656214,640.8 KB,S:\_POST_PRODUCTION\_VFX_ELEMENTS\3D Models\3Ds Max 500 Models And Textures\500_Modeles_HQ+Textures_FR_ZIP_by_SRC.powaa\DATA\HELICOPT\500D,S:\_POST_PRODUCTION\_VFX_ELEMENTS\3D Models\3Ds Max 500 Models And Textures\500_Modeles_HQ+Textures_FR_ZIP_by_SRC.powaa\DATA\HELICOPT\500D\500D_01.jpg,,,,,,
ABEJET,.jpg,1,3,3,0,636787,621.9 KB,S:\_POST_PRODUCTION\_VFX_ELEMENTS\3D Models\3Ds Max 500 Models And Textures\500_Modeles_HQ+Textures_FR_ZIP_by_SRC.powaa\DATA\HELICOPT\ABJETR2,S:\_POST_PRODUCTION\_VFX_ELEMENTS\3D Models\3Ds Max 500 Models And Textures\500_Modeles_HQ+Textures_FR_ZIP_by_SRC.powaa\DATA\HELICOPT\ABJETR2\ABEJET01.jpg,,,,,,
AH11,.jpg,1,3,3,0,741549,724.2 KB,S:\_POST_PRODUCTION\_VFX_ELEMENTS\3D Models\3Ds Max 500 Models And Textures\500_Modeles_HQ+Textures_FR_ZIP_by_SRC.powaa\DATA\HELICOPT\AH11,S:\_POST_PRODUCTION\_VFX_ELEMENTS\3D Models\3Ds Max 500 Models And Textures\500_Modeles_HQ+Textures_FR_ZIP_by_SRC.powaa\DATA\HELICOPT\AH11\AH11_01.jpg,,,,,,
AH11PA,.jpg,1,2,2,0,21091,20.6 KB,S:\_POST_PRODUCTION\_VFX_ELEMENTS\3D Models\3Ds Max 500 Models And Textures\500_Modeles_HQ+Textures_FR_ZIP_by_SRC.powaa\DATA\HELICOPT\AH11\AH11,S:\_POST_PRODUCTION\_VFX_ELEMENTS\3D Models\3Ds Max 500 Models And Textures\500_Modeles_HQ+Textures_FR_ZIP_by_SRC.powaa\DATA\HELICOPT\AH11\AH11\AH11PA01.JPG,,,,,,
AH12,.jpg,1,3,3,0,721612,704.7 KB,S:\_POST_PRODUCTION\_VFX_ELEMENTS\3D Models\3Ds Max 500 Models And Textures\500_Modeles_HQ+Textures_FR_ZIP_by_SRC.powaa\DATA\HELICOPT\AH12,S:\_POST_PRODUCTION\_VFX_ELEMENTS\3D Models\3Ds Max 500 Models And Textures\500_Modeles_HQ+Textures_FR_ZIP_by_SRC.powaa\DATA\HELICOPT\AH12\AH12_01.jpg,,,,,,
AH12PA,.jpg,1,2,2,0,21091,20.6 KB,S:\_POST_PRODUCTION\_VFX_ELEMENTS\3D Models\3Ds Max 500 Models And Textures\500_Modeles_HQ+Textures_FR_ZIP_by_SRC.powaa\DATA\HELICOPT\AH12\AH12,S:\_POST_PRODUCTION\_VFX_ELEMENTS\3D Models\3Ds Max 500 Models And Textures\500_Modeles_HQ+Textures_FR_ZIP_by_SRC.powaa\DATA\HELICOPT\AH12\AH12\AH12PA01.JPG,,,,,,
AH_1W,.jpg,1,3,3,0,729694,712.6 KB,S:\_POST_PRODUCTION\_VFX_ELEMENTS\3D Models\3Ds Max 500 Models And Textures\500_Modeles_HQ+Textures_FR_ZIP_by_SRC.powaa\DATA\HELICOPT\AH_1W,S:\_POST_PRODUCTION\_VFX_ELEMENTS\3D Models\3Ds Max 500 Models And Textures\500_Modeles_HQ+Textures_FR_ZIP_by_SRC.powaa\DATA\HELICOPT\AH_1W\AH_1W_01.jpg,,,,,,
ALOUET,.jpg,1,3,3,0,699994,683.6 KB,S:\_POST_PRODUCTION\_VFX_ELEMENTS\3D Models\3Ds Max 500 Models And Textures\500_Modeles_HQ+Textures_FR_ZIP_by_SRC.powaa\DATA\HELICOPT\ALOUETTE,S:\_POST_PRODUCTION\_VFX_ELEMENTS\3D Models\3Ds Max 500 Models And Textures\500_Modeles_HQ+Textures_FR_ZIP_by_SRC.powaa\DATA\HELICOPT\ALOUETTE\ALOUET01.jpg,,,,,,
APACHE,.jpg,1,3,3,0,741024,723.7 KB,S:\_POST_PRODUCTION\_VFX_ELEMENTS\3D Models\3Ds Max 500 Models And Textures\500_Modeles_HQ+Textures_FR_ZIP_by_SRC.powaa\DATA\HELICOPT\APACHE,S:\_POST_PRODUCTION\_VFX_ELEMENTS\3D Models\3Ds Max 500 Models And Textures\500_Modeles_HQ+Textures_FR_ZIP_by_SRC.powaa\DATA\HELICOPT\APACHE\APACHE01.jpg,,,,,,
BELL,.jpg,2201,2203,3,0,638361,623.4 KB,S:\_POST_PRODUCTION\_VFX_ELEMENTS\3D Models\3Ds Max 500 Models And Textures\500_Modeles_HQ+Textures_FR_ZIP_by_SRC.powaa\DATA\HELICOPT\BELL222,S:\_POST_PRODUCTION\_VFX_ELEMENTS\3D Models\3Ds Max 500 Models And Textures\500_Modeles_HQ+Textures_FR_ZIP_by_SRC.powaa\DATA\HELICOPT\BELL222\BELL2201.jpg,,,,,,
BELLH,.jpg,101,103,3,0,754961,737.3 KB,S:\_POST_PRODUCTION\_VFX_ELEMENTS\3D Models\3Ds Max 500 Models And Textures\500_Modeles_HQ+Textures_FR_ZIP_by_SRC.powaa\DATA\HELICOPT\BELLH13,S:\_POST_PRODUCTION\_VFX_ELEMENTS\3D Models\3Ds Max 500 Models And Textures\500_Modeles_HQ+Textures_FR_ZIP_by_SRC.powaa\DATA\HELICOPT\BELLH13\BELLH101.jpg,,,,,,
BO105,.jpg,1,3,3,0,703197,686.7 KB,S:\_POST_PRODUCTION\_VFX_ELEMENTS\3D Models\3Ds Max 500 Models And Textures\500_Modeles_HQ+Textures_FR_ZIP_by_SRC.powaa\DATA\HELICOPT\BO105,S:\_POST_PRODUCTION\_VFX_ELEMENTS\3D Models\3Ds Max 500 Models And Textures\500_Modeles_HQ+Textures_FR_ZIP_by_SRC.powaa\DATA\HELICOPT\BO105\BO105_01.jpg,,,,,,
CHIN,.jpg,1,3,3,0,702905,686.4 KB,S:\_POST_PRODUCTION\_VFX_ELEMENTS\3D Models\3Ds Max 500 Models And Textures\500_Modeles_HQ+Textures_FR_ZIP_by_SRC.powaa\DATA\HELICOPT\CHIN,S:\_POST_PRODUCTION\_VFX_ELEMENTS\3D Models\3Ds Max 500 Models And Textures\500_Modeles_HQ+Textures_FR_ZIP_by_SRC.powaa\DATA\HELICOPT\CHIN\CHIN_01.jpg,,,,,,
HOKUM,.jpg,1,3,3,0,779996,761.7 KB,S:\_POST_PRODUCTION\_VFX_ELEMENTS\3D Models\3Ds Max 500 Models And Textures\500_Modeles_HQ+Textures_FR_ZIP_by_SRC.powaa\DATA\HELICOPT\HOKUM,S:\_POST_PRODUCTION\_VFX_ELEMENTS\3D Models\3Ds Max 500 Models And Textures\500_Modeles_HQ+Textures_FR_ZIP_by_SRC.powaa\DATA\HELICOPT\HOKUM\HOKUM_01.jpg,,,,,,
HUEY,.jpg,1,3,3,0,679833,663.9 KB,S:\_POST_PRODUCTION\_VFX_ELEMENTS\3D Models\3Ds Max 500 Models And Textures\500_Modeles_HQ+Textures_FR_ZIP_by_SRC.powaa\DATA\HELICOPT\HUEY,S:\_POST_PRODUCTION\_VFX_ELEMENTS\3D Models\3Ds Max 500 Models And Textures\500_Modeles_HQ+Textures_FR_ZIP_by_SRC.powaa\DATA\HELICOPT\HUEY\HUEY_01.jpg,,,,,,
HUS1,.jpg,1,3,3,0,816523,797.4 KB,S:\_POST_PRODUCTION\_VFX_ELEMENTS\3D Models\3Ds Max 500 Models And Textures\500_Modeles_HQ+Textures_FR_ZIP_by_SRC.powaa\DATA\HELICOPT\HUS1,S:\_POST_PRODUCTION\_VFX_ELEMENTS\3D Models\3Ds Max 500 Models And Textures\500_Modeles_HQ+Textures_FR_ZIP_by_SRC.powaa\DATA\HELICOPT\HUS1\HUS1_01.jpg,,,,,,
KA25A,.jpg,1,3,3,0,798030,779.3 KB,S:\_POST_PRODUCTION\_VFX_ELEMENTS\3D Models\3Ds Max 500 Models And Textures\500_Modeles_HQ+Textures_FR_ZIP_by_SRC.powaa\DATA\HELICOPT\KA25A,S:\_POST_PRODUCTION\_VFX_ELEMENTS\3D Models\3Ds Max 500 Models And Textures\500_Modeles_HQ+Textures_FR_ZIP_by_SRC.powaa\DATA\HELICOPT\KA25A\KA25A_01.jpg,,,,,,
KA25,.jpg,35,58,11,13,109832,107.3 KB,S:\_POST_PRODUCTION\_VFX_ELEMENTS\3D Models\3Ds Max 500 Models And Textures\500_Modeles_HQ+Textures_FR_ZIP_by_SRC.powaa\DATA\HELICOPT\KA25A\KA25A,S:\_POST_PRODUCTION\_VFX_ELEMENTS\3D Models\3Ds Max 500 Models And Textures\500_Modeles_HQ+Textures_FR_ZIP_by_SRC.powaa\DATA\HELICOPT\KA25A\KA25A\KA25_035.JPG,,,,,,
MI_2,.jpg,1,3,3,0,693547,677.3 KB,S:\_POST_PRODUCTION\_VFX_ELEMENTS\3D Models\3Ds Max 500 Models And Textures\500_Modeles_HQ+Textures_FR_ZIP_by_SRC.powaa\DATA\HELICOPT\MI_2,S:\_POST_PRODUCTION\_VFX_ELEMENTS\3D Models\3Ds Max 500 Models And Textures\500_Modeles_HQ+Textures_FR_ZIP_by_SRC.powaa\DATA\HELICOPT\MI_2\MI_2_01.jpg,,,,,,
SH2F,.jpg,1,3,3,0,677183,661.3 KB,S:\_POST_PRODUCTION\_VFX_ELEMENTS\3D Models\3Ds Max 500 Models And Textures\500_Modeles_HQ+Textures_FR_ZIP_by_SRC.powaa\DATA\HELICOPT\SH2F,S:\_POST_PRODUCTION\_VFX_ELEMENTS\3D Models\3Ds Max 500 Models And Textures\500_Modeles_HQ+Textures_FR_ZIP_by_SRC.powaa\DATA\HELICOPT\SH2F\SH2F_01.jpg,,,,,,
T_HELI,.jpg,1,3,3,0,804894,786.0 KB,S:\_POST_PRODUCTION\_VFX_ELEMENTS\3D Models\3Ds Max 500 Models And Textures\500_Modeles_HQ+Textures_FR_ZIP_by_SRC.powaa\DATA\HELICOPT\T_HELI,S:\_POST_PRODUCTION\_VFX_ELEMENTS\3D Models\3Ds Max 500 Models And Textures\500_Modeles_HQ+Textures_FR_ZIP_by_SRC.powaa\DATA\HELICOPT\T_HELI\T_HELI01.jpg,,,,,,
EARH,.jpg,1,3,3,0,602859,588.7 KB,S:\_POST_PRODUCTION\_VFX_ELEMENTS\3D Models\3Ds Max 500 Models And Textures\500_Modeles_HQ+Textures_FR_ZIP_by_SRC.powaa\DATA\HUMANKIN\EARH,S:\_POST_PRODUCTION\_VFX_ELEMENTS\3D Models\3Ds Max 500 Models And Textures\500_Modeles_HQ+Textures_FR_ZIP_by_SRC.powaa\DATA\HUMANKIN\EARH\EARH_01.jpg,,,,,,
LEXTRE,.jpg,1,3,3,0,559833,546.7 KB,S:\_POST_PRODUCTION\_VFX_ELEMENTS\3D Models\3Ds Max 500 Models And Textures\500_Modeles_HQ+Textures_FR_ZIP_by_SRC.powaa\DATA\HUMANKIN\LEXTREM,S:\_POST_PRODUCTION\_VFX_ELEMENTS\3D Models\3Ds Max 500 Models And Textures\500_Modeles_HQ+Textures_FR_ZIP_by_SRC.powaa\DATA\HUMANKIN\LEXTREM\LEXTRE01.jpg,,,,,,
MAN,.jpg,1,3,3,0,510481,498.5 KB,S:\_POST_PRODUCTION\_VFX_ELEMENTS\3D Models\3Ds Max 500 Models And Textures\500_Modeles_HQ+Textures_FR_ZIP_by_SRC.powaa\DATA\HUMANKIN\MAN,S:\_POST_PRODUCTION\_VFX_ELEMENTS\3D Models\3Ds Max 500 Models And Textures\500_Modeles_HQ+Textures_FR_ZIP_by_SRC.powaa\DATA\HUMANKIN\MAN\MAN_01.jpg,,,,,,
SIGHT,.jpg,1,3,3,0,524000,511.7 KB,S:\_POST_PRODUCTION\_VFX_ELEMENTS\3D Models\3Ds Max 500 Models And Textures\500_Modeles_HQ+Textures_FR_ZIP_by_SRC.powaa\DATA\HUMANKIN\SIGHT,S:\_POST_PRODUCTION\_VFX_ELEMENTS\3D Models\3Ds Max 500 Models And Textures\500_Modeles_HQ+Textures_FR_ZIP_by_SRC.powaa\DATA\HUMANKIN\SIGHT\SIGHT_01.jpg,,,,,,
SKULL,.jpg,1,3,3,0,509455,497.5 KB,S:\_POST_PRODUCTION\_VFX_ELEMENTS\3D Models\3Ds Max 500 Models And Textures\500_Modeles_HQ+Textures_FR_ZIP_by_SRC.powaa\DATA\HUMANKIN\SKULL,S:\_POST_PRODUCTION\_VFX_ELEMENTS\3D Models\3Ds Max 500 Models And Textures\500_Modeles_HQ+Textures_FR_ZIP_by_SRC.powaa\DATA\HUMANKIN\SKULL\SKULL_01.jpg,,,,,,
THORAX,.jpg,1,3,3,0,565545,552.3 KB,S:\_POST_PRODUCTION\_VFX_ELEMENTS\3D Models\3Ds Max 500 Models And Textures\500_Modeles_HQ+Textures_FR_ZIP_by_SRC.powaa\DATA\HUMANKIN\THORAX,S:\_POST_PRODUCTION\_VFX_ELEMENTS\3D Models\3Ds Max 500 Models And Textures\500_Modeles_HQ+Textures_FR_ZIP_by_SRC.powaa\DATA\HUMANKIN\THORAX\THORAX01.jpg,,,,,,
UEXTRE,.jpg,1,3,3,0,510586,498.6 KB,S:\_POST_PRODUCTION\_VFX_ELEMENTS\3D Models\3Ds Max 500 Models And Textures\500_Modeles_HQ+Textures_FR_ZIP_by_SRC.powaa\DATA\HUMANKIN\UEXTREM,S:\_POST_PRODUCTION\_VFX_ELEMENTS\3D Models\3Ds Max 500 Models And Textures\500_Modeles_HQ+Textures_FR_ZIP_by_SRC.powaa\DATA\HUMANKIN\UEXTREM\UEXTRE01.jpg,,,,,,
WOMAN,.jpg,1,2,2,0,400053,390.7 KB,S:\_POST_PRODUCTION\_VFX_ELEMENTS\3D Models\3Ds Max 500 Models And Textures\500_Modeles_HQ+Textures_FR_ZIP_by_SRC.powaa\DATA\HUMANKIN\WOMAN,S:\_POST_PRODUCTION\_VFX_ELEMENTS\3D Models\3Ds Max 500 Models And Textures\500_Modeles_HQ+Textures_FR_ZIP_by_SRC.powaa\DATA\HUMANKIN\WOMAN\WOMAN_01.jpg,,,,,,
ABRAMS,.jpg,1,3,3,0,680697,664.7 KB,S:\_POST_PRODUCTION\_VFX_ELEMENTS\3D Models\3Ds Max 500 Models And Textures\500_Modeles_HQ+Textures_FR_ZIP_by_SRC.powaa\DATA\MILITARY\ABRAMS,S:\_POST_PRODUCTION\_VFX_ELEMENTS\3D Models\3Ds Max 500 Models And Textures\500_Modeles_HQ+Textures_FR_ZIP_by_SRC.powaa\DATA\MILITARY\ABRAMS\ABRAMS01.jpg,,,,,,
AMBWC,.jpg,501,503,3,0,640588,625.6 KB,S:\_POST_PRODUCTION\_VFX_ELEMENTS\3D Models\3Ds Max 500 Models And Textures\500_Modeles_HQ+Textures_FR_ZIP_by_SRC.powaa\DATA\MILITARY\AMBWC54,S:\_POST_PRODUCTION\_VFX_ELEMENTS\3D Models\3Ds Max 500 Models And Textures\500_Modeles_HQ+Textures_FR_ZIP_by_SRC.powaa\DATA\MILITARY\AMBWC54\AMBWC501.jpg,,,,,,
AMX,.jpg,3001,3003,3,0,776233,758.0 KB,S:\_POST_PRODUCTION\_VFX_ELEMENTS\3D Models\3Ds Max 500 Models And Textures\500_Modeles_HQ+Textures_FR_ZIP_by_SRC.powaa\DATA\MILITARY\AMX_30,S:\_POST_PRODUCTION\_VFX_ELEMENTS\3D Models\3Ds Max 500 Models And Textures\500_Modeles_HQ+Textures_FR_ZIP_by_SRC.powaa\DATA\MILITARY\AMX_30\AMX_3001.jpg,,,,,,
NUM,.tif,9,10,2,0,317175,309.7 KB,S:\_POST_PRODUCTION\_VFX_ELEMENTS\3D Models\3Ds Max 500 Models And Textures\500_Modeles_HQ+Textures_FR_ZIP_by_SRC.powaa\DATA\MILITARY\AMX_30\AMX_30,S:\_POST_PRODUCTION\_VFX_ELEMENTS\3D Models\3Ds Max 500 Models And Textures\500_Modeles_HQ+Textures_FR_ZIP_by_SRC.powaa\DATA\MILITARY\AMX_30\AMX_30\NUM09.TIF,,,,,,
BRDM3,.jpg,1,3,3,0,583924,570.2 KB,S:\_POST_PRODUCTION\_VFX_ELEMENTS\3D Models\3Ds Max 500 Models And Textures\500_Modeles_HQ+Textures_FR_ZIP_by_SRC.powaa\DATA\MILITARY\BRDM3,S:\_POST_PRODUCTION\_VFX_ELEMENTS\3D Models\3Ds Max 500 Models And Textures\500_Modeles_HQ+Textures_FR_ZIP_by_SRC.powaa\DATA\MILITARY\BRDM3\BRDM3_01.jpg,,,,,,
FEMALE,.jpg,1,3,3,0,643461,628.4 KB,S:\_POST_PRODUCTION\_VFX_ELEMENTS\3D Models\3Ds Max 500 Models And Textures\500_Modeles_HQ+Textures_FR_ZIP_by_SRC.powaa\DATA\MILITARY\FEMALE,S:\_POST_PRODUCTION\_VFX_ELEMENTS\3D Models\3Ds Max 500 Models And Textures\500_Modeles_HQ+Textures_FR_ZIP_by_SRC.powaa\DATA\MILITARY\FEMALE\FEMALE01.jpg,,,,,,
FLACKP,.jpg,1,3,3,0,636813,621.9 KB,S:\_POST_PRODUCTION\_VFX_ELEMENTS\3D Models\3Ds Max 500 Models And Textures\500_Modeles_HQ+Textures_FR_ZIP_by_SRC.powaa\DATA\MILITARY\FLACKP,S:\_POST_PRODUCTION\_VFX_ELEMENTS\3D Models\3Ds Max 500 Models And Textures\500_Modeles_HQ+Textures_FR_ZIP_by_SRC.powaa\DATA\MILITARY\FLACKP\FLACKP01.jpg,,,,,,
,.tga,67,212,2,144,74461,72.7 KB,S:\_POST_PRODUCTION\_VFX_ELEMENTS\3D Models\3Ds Max 500 Models And Textures\500_Modeles_HQ+Textures_FR_ZIP_by_SRC.powaa\DATA\MILITARY\FLACKP\FLACKP,S:\_POST_PRODUCTION\_VFX_ELEMENTS\3D Models\3Ds Max 500 Models And Textures\500_Modeles_HQ+Textures_FR_ZIP_by_SRC.powaa\DATA\MILITARY\FLACKP\FLACKP\67.TGA,,,,,,
FT17_B,.jpg,1,3,3,0,631258,616.5 KB,S:\_POST_PRODUCTION\_VFX_ELEMENTS\3D Models\3Ds Max 500 Models And Textures\500_Modeles_HQ+Textures_FR_ZIP_by_SRC.powaa\DATA\MILITARY\FT17_BER,S:\_POST_PRODUCTION\_VFX_ELEMENTS\3D Models\3Ds Max 500 Models And Textures\500_Modeles_HQ+Textures_FR_ZIP_by_SRC.powaa\DATA\MILITARY\FT17_BER\FT17_B01.jpg,,,,,,
GMC,.jpg,1,3,3,0,642279,627.2 KB,S:\_POST_PRODUCTION\_VFX_ELEMENTS\3D Models\3Ds Max 500 Models And Textures\500_Modeles_HQ+Textures_FR_ZIP_by_SRC.powaa\DATA\MILITARY\GMC,S:\_POST_PRODUCTION\_VFX_ELEMENTS\3D Models\3Ds Max 500 Models And Textures\500_Modeles_HQ+Textures_FR_ZIP_by_SRC.powaa\DATA\MILITARY\GMC\GMC_01.jpg,,,,,,
HEMTT,.jpg,1,3,3,0,692677,676.4 KB,S:\_POST_PRODUCTION\_VFX_ELEMENTS\3D Models\3Ds Max 500 Models And Textures\500_Modeles_HQ+Textures_FR_ZIP_by_SRC.powaa\DATA\MILITARY\HEMTT,S:\_POST_PRODUCTION\_VFX_ELEMENTS\3D Models\3Ds Max 500 Models And Textures\500_Modeles_HQ+Textures_FR_ZIP_by_SRC.powaa\DATA\MILITARY\HEMTT\HEMTT_01.jpg,,,,,,
HUMMER,.jpg,1,3,3,0,756521,738.8 KB,S:\_POST_PRODUCTION\_VFX_ELEMENTS\3D Models\3Ds Max 500 Models And Textures\500_Modeles_HQ+Textures_FR_ZIP_by_SRC.powaa\DATA\MILITARY\HUMMER,S:\_POST_PRODUCTION\_VFX_ELEMENTS\3D Models\3Ds Max 500 Models And Textures\500_Modeles_HQ+Textures_FR_ZIP_by_SRC.powaa\DATA\MILITARY\HUMMER\HUMMER01.jpg,,,,,,
JAGDPA,.jpg,1,3,3,0,688198,672.1 KB,S:\_POST_PRODUCTION\_VFX_ELEMENTS\3D Models\3Ds Max 500 Models And Textures\500_Modeles_HQ+Textures_FR_ZIP_by_SRC.powaa\DATA\MILITARY\JAGDPANZ,S:\_POST_PRODUCTION\_VFX_ELEMENTS\3D Models\3Ds Max 500 Models And Textures\500_Modeles_HQ+Textures_FR_ZIP_by_SRC.powaa\DATA\MILITARY\JAGDPANZ\JAGDPA01.jpg,,,,,,
KUBEL,.jpg,1,3,3,0,614408,600.0 KB,S:\_POST_PRODUCTION\_VFX_ELEMENTS\3D Models\3Ds Max 500 Models And Textures\500_Modeles_HQ+Textures_FR_ZIP_by_SRC.powaa\DATA\MILITARY\KUBEL,S:\_POST_PRODUCTION\_VFX_ELEMENTS\3D Models\3Ds Max 500 Models And Textures\500_Modeles_HQ+Textures_FR_ZIP_by_SRC.powaa\DATA\MILITARY\KUBEL\KUBEL_01.jpg,,,,,,
LECRER,.jpg,1,3,3,0,614604,600.2 KB,S:\_POST_PRODUCTION\_VFX_ELEMENTS\3D Models\3Ds Max 500 Models And Textures\500_Modeles_HQ+Textures_FR_ZIP_by_SRC.powaa\DATA\MILITARY\LECRERC,S:\_POST_PRODUCTION\_VFX_ELEMENTS\3D Models\3Ds Max 500 Models And Textures\500_Modeles_HQ+Textures_FR_ZIP_by_SRC.powaa\DATA\MILITARY\LECRERC\LECRER01.jpg,,,,,,
M110A,.jpg,201,203,3,0,635771,620.9 KB,S:\_POST_PRODUCTION\_VFX_ELEMENTS\3D Models\3Ds Max 500 Models And Textures\500_Modeles_HQ+Textures_FR_ZIP_by_SRC.powaa\DATA\MILITARY\M110A2,S:\_POST_PRODUCTION\_VFX_ELEMENTS\3D Models\3Ds Max 500 Models And Textures\500_Modeles_HQ+Textures_FR_ZIP_by_SRC.powaa\DATA\MILITARY\M110A2\M110A201.jpg,,,,,,
M29,.jpg,1,3,3,0,661158,645.7 KB,S:\_POST_PRODUCTION\_VFX_ELEMENTS\3D Models\3Ds Max 500 Models And Textures\500_Modeles_HQ+Textures_FR_ZIP_by_SRC.powaa\DATA\MILITARY\M29,S:\_POST_PRODUCTION\_VFX_ELEMENTS\3D Models\3Ds Max 500 Models And Textures\500_Modeles_HQ+Textures_FR_ZIP_by_SRC.powaa\DATA\MILITARY\M29\M29_01.jpg,,,,,,
M2A2,.jpg,1,3,3,0,741691,724.3 KB,S:\_POST_PRODUCTION\_VFX_ELEMENTS\3D Models\3Ds Max 500 Models And Textures\500_Modeles_HQ+Textures_FR_ZIP_by_SRC.powaa\DATA\MILITARY\M2A2,S:\_POST_PRODUCTION\_VFX_ELEMENTS\3D Models\3Ds Max 500 Models And Textures\500_Modeles_HQ+Textures_FR_ZIP_by_SRC.powaa\DATA\MILITARY\M2A2\M2A2_01.jpg,,,,,,
M3GRAN,.jpg,1,3,3,0,774396,756.2 KB,S:\_POST_PRODUCTION\_VFX_ELEMENTS\3D Models\3Ds Max 500 Models And Textures\500_Modeles_HQ+Textures_FR_ZIP_by_SRC.powaa\DATA\MILITARY\M3GRANT,S:\_POST_PRODUCTION\_VFX_ELEMENTS\3D Models\3Ds Max 500 Models And Textures\500_Modeles_HQ+Textures_FR_ZIP_by_SRC.powaa\DATA\MILITARY\M3GRANT\M3GRAN01.jpg,,,,,,
M4A,.jpg,37501,37503,3,0,675493,659.7 KB,S:\_POST_PRODUCTION\_VFX_ELEMENTS\3D Models\3Ds Max 500 Models And Textures\500_Modeles_HQ+Textures_FR_ZIP_by_SRC.powaa\DATA\MILITARY\M4A375W,S:\_POST_PRODUCTION\_VFX_ELEMENTS\3D Models\3Ds Max 500 Models And Textures\500_Modeles_HQ+Textures_FR_ZIP_by_SRC.powaa\DATA\MILITARY\M4A375W\M4A37501.jpg,,,,,,
M60,.jpg,1,3,3,0,602501,588.4 KB,S:\_POST_PRODUCTION\_VFX_ELEMENTS\3D Models\3Ds Max 500 Models And Textures\500_Modeles_HQ+Textures_FR_ZIP_by_SRC.powaa\DATA\MILITARY\M60,S:\_POST_PRODUCTION\_VFX_ELEMENTS\3D Models\3Ds Max 500 Models And Textures\500_Modeles_HQ+Textures_FR_ZIP_by_SRC.powaa\DATA\MILITARY\M60\M60_01.jpg,,,,,,
M730A,.jpg,101,103,3,0,693835,677.6 KB,S:\_POST_PRODUCTION\_VFX_ELEMENTS\3D Models\3Ds Max 500 Models And Textures\500_Modeles_HQ+Textures_FR_ZIP_by_SRC.powaa\DATA\MILITARY\M730A1,S:\_POST_PRODUCTION\_VFX_ELEMENTS\3D Models\3Ds Max 500 Models And Textures\500_Modeles_HQ+Textures_FR_ZIP_by_SRC.powaa\DATA\MILITARY\M730A1\M730A101.jpg,,,,,,
SDKFZ,.jpg,201,203,3,0,740831,723.5 KB,S:\_POST_PRODUCTION\_VFX_ELEMENTS\3D Models\3Ds Max 500 Models And Textures\500_Modeles_HQ+Textures_FR_ZIP_by_SRC.powaa\DATA\MILITARY\SDKFZ2,S:\_POST_PRODUCTION\_VFX_ELEMENTS\3D Models\3Ds Max 500 Models And Textures\500_Modeles_HQ+Textures_FR_ZIP_by_SRC.powaa\DATA\MILITARY\SDKFZ2\SDKFZ201.jpg,,,,,,
SWIM,.jpg,1,3,3,0,683547,667.5 KB,S:\_POST_PRODUCTION\_VFX_ELEMENTS\3D Models\3Ds Max 500 Models And Textures\500_Modeles_HQ+Textures_FR_ZIP_by_SRC.powaa\DATA\MILITARY\SWIM,S:\_POST_PRODUCTION\_VFX_ELEMENTS\3D Models\3Ds Max 500 Models And Textures\500_Modeles_HQ+Textures_FR_ZIP_by_SRC.powaa\DATA\MILITARY\SWIM\SWIM_01.jpg,,,,,,
TIGER,.jpg,1,3,3,0,693730,677.5 KB,S:\_POST_PRODUCTION\_VFX_ELEMENTS\3D Models\3Ds Max 500 Models And Textures\500_Modeles_HQ+Textures_FR_ZIP_by_SRC.powaa\DATA\MILITARY\TIGER,S:\_POST_PRODUCTION\_VFX_ELEMENTS\3D Models\3Ds Max 500 Models And Textures\500_Modeles_HQ+Textures_FR_ZIP_by_SRC.powaa\DATA\MILITARY\TIGER\TIGER_01.jpg,,,,,,
V100,.jpg,1,3,3,0,658676,643.2 KB,S:\_POST_PRODUCTION\_VFX_ELEMENTS\3D Models\3Ds Max 500 Models And Textures\500_Modeles_HQ+Textures_FR_ZIP_by_SRC.powaa\DATA\MILITARY\V100,S:\_POST_PRODUCTION\_VFX_ELEMENTS\3D Models\3Ds Max 500 Models And Textures\500_Modeles_HQ+Textures_FR_ZIP_by_SRC.powaa\DATA\MILITARY\V100\V100_01.jpg,,,,,,
WILLYS,.jpg,1,3,3,0,686897,670.8 KB,S:\_POST_PRODUCTION\_VFX_ELEMENTS\3D Models\3Ds Max 500 Models And Textures\500_Modeles_HQ+Textures_FR_ZIP_by_SRC.powaa\DATA\MILITARY\WILLYS,S:\_POST_PRODUCTION\_VFX_ELEMENTS\3D Models\3Ds Max 500 Models And Textures\500_Modeles_HQ+Textures_FR_ZIP_by_SRC.powaa\DATA\MILITARY\WILLYS\WILLYS01.jpg,,,,,,
WMCVUN,.jpg,1,3,3,0,943594,921.5 KB,S:\_POST_PRODUCTION\_VFX_ELEMENTS\3D Models\3Ds Max 500 Models And Textures\500_Modeles_HQ+Textures_FR_ZIP_by_SRC.powaa\DATA\MILITARY\WMCVUN,S:\_POST_PRODUCTION\_VFX_ELEMENTS\3D Models\3Ds Max 500 Models And Textures\500_Modeles_HQ+Textures_FR_ZIP_by_SRC.powaa\DATA\MILITARY\WMCVUN\WMCVUN01.jpg,,,,,,
BIBER,.jpg,1,3,3,0,423779,413.8 KB,S:\_POST_PRODUCTION\_VFX_ELEMENTS\3D Models\3Ds Max 500 Models And Textures\500_Modeles_HQ+Textures_FR_ZIP_by_SRC.powaa\DATA\MI_SHIPS\BIBER,S:\_POST_PRODUCTION\_VFX_ELEMENTS\3D Models\3Ds Max 500 Models And Textures\500_Modeles_HQ+Textures_FR_ZIP_by_SRC.powaa\DATA\MI_SHIPS\BIBER\BIBER_01.jpg,,,,,,
BISMAR,.jpg,1,3,3,0,474597,463.5 KB,S:\_POST_PRODUCTION\_VFX_ELEMENTS\3D Models\3Ds Max 500 Models And Textures\500_Modeles_HQ+Textures_FR_ZIP_by_SRC.powaa\DATA\MI_SHIPS\BISMARK,S:\_POST_PRODUCTION\_VFX_ELEMENTS\3D Models\3Ds Max 500 Models And Textures\500_Modeles_HQ+Textures_FR_ZIP_by_SRC.powaa\DATA\MI_SHIPS\BISMARK\BISMAR01.jpg,,,,,,
BSM_RM,.tif,1,2,2,0,854166,834.1 KB,S:\_POST_PRODUCTION\_VFX_ELEMENTS\3D Models\3Ds Max 500 Models And Textures\500_Modeles_HQ+Textures_FR_ZIP_by_SRC.powaa\DATA\MI_SHIPS\BISMARK\BISMARK,S:\_POST_PRODUCTION\_VFX_ELEMENTS\3D Models\3Ds Max 500 Models And Textures\500_Modeles_HQ+Textures_FR_ZIP_by_SRC.powaa\DATA\MI_SHIPS\BISMARK\BISMARK\BSM_RM01.TIF,,,,,,
CONSTI,.jpg,1,3,3,0,773603,755.5 KB,S:\_POST_PRODUCTION\_VFX_ELEMENTS\3D Models\3Ds Max 500 Models And Textures\500_Modeles_HQ+Textures_FR_ZIP_by_SRC.powaa\DATA\MI_SHIPS\CONSTITU,S:\_POST_PRODUCTION\_VFX_ELEMENTS\3D Models\3Ds Max 500 Models And Textures\500_Modeles_HQ+Textures_FR_ZIP_by_SRC.powaa\DATA\MI_SHIPS\CONSTITU\CONSTI01.jpg,,,,,,
DALLAS,.jpg,1,3,3,0,355668,347.3 KB,S:\_POST_PRODUCTION\_VFX_ELEMENTS\3D Models\3Ds Max 500 Models And Textures\500_Modeles_HQ+Textures_FR_ZIP_by_SRC.powaa\DATA\MI_SHIPS\DALLAS,S:\_POST_PRODUCTION\_VFX_ELEMENTS\3D Models\3Ds Max 500 Models And Textures\500_Modeles_HQ+Textures_FR_ZIP_by_SRC.powaa\DATA\MI_SHIPS\DALLAS\DALLAS01.jpg,,,,,,
DEMORA,.jpg,1,3,3,0,434261,424.1 KB,S:\_POST_PRODUCTION\_VFX_ELEMENTS\3D Models\3Ds Max 500 Models And Textures\500_Modeles_HQ+Textures_FR_ZIP_by_SRC.powaa\DATA\MI_SHIPS\DEMORA,S:\_POST_PRODUCTION\_VFX_ELEMENTS\3D Models\3Ds Max 500 Models And Textures\500_Modeles_HQ+Textures_FR_ZIP_by_SRC.powaa\DATA\MI_SHIPS\DEMORA\DEMORA01.jpg,,,,,,
EMDEN,.jpg,1,3,3,0,593882,580.0 KB,S:\_POST_PRODUCTION\_VFX_ELEMENTS\3D Models\3Ds Max 500 Models And Textures\500_Modeles_HQ+Textures_FR_ZIP_by_SRC.powaa\DATA\MI_SHIPS\EMDEN,S:\_POST_PRODUCTION\_VFX_ELEMENTS\3D Models\3Ds Max 500 Models And Textures\500_Modeles_HQ+Textures_FR_ZIP_by_SRC.powaa\DATA\MI_SHIPS\EMDEN\EMDEN_01.jpg,,,,,,
GLORIE,.jpg,1,3,3,0,957832,935.4 KB,S:\_POST_PRODUCTION\_VFX_ELEMENTS\3D Models\3Ds Max 500 Models And Textures\500_Modeles_HQ+Textures_FR_ZIP_by_SRC.powaa\DATA\MI_SHIPS\GLORIEUX,S:\_POST_PRODUCTION\_VFX_ELEMENTS\3D Models\3Ds Max 500 Models And Textures\500_Modeles_HQ+Textures_FR_ZIP_by_SRC.powaa\DATA\MI_SHIPS\GLORIEUX\GLORIE01.jpg,,,,,,
GREEK,.jpg,1,3,3,0,923119,901.5 KB,S:\_POST_PRODUCTION\_VFX_ELEMENTS\3D Models\3Ds Max 500 Models And Textures\500_Modeles_HQ+Textures_FR_ZIP_by_SRC.powaa\DATA\MI_SHIPS\GREEK,S:\_POST_PRODUCTION\_VFX_ELEMENTS\3D Models\3Ds Max 500 Models And Textures\500_Modeles_HQ+Textures_FR_ZIP_by_SRC.powaa\DATA\MI_SHIPS\GREEK\GREEK_01.jpg,,,,,,
KNEB,.jpg,1,3,3,0,545360,532.6 KB,S:\_POST_PRODUCTION\_VFX_ELEMENTS\3D Models\3Ds Max 500 Models And Textures\500_Modeles_HQ+Textures_FR_ZIP_by_SRC.powaa\DATA\MI_SHIPS\KNEB,S:\_POST_PRODUCTION\_VFX_ELEMENTS\3D Models\3Ds Max 500 Models And Textures\500_Modeles_HQ+Textures_FR_ZIP_by_SRC.powaa\DATA\MI_SHIPS\KNEB\KNEB_01.jpg,,,,,,
LSS,.jpg,1,3,3,0,387660,378.6 KB,S:\_POST_PRODUCTION\_VFX_ELEMENTS\3D Models\3Ds Max 500 Models And Textures\500_Modeles_HQ+Textures_FR_ZIP_by_SRC.powaa\DATA\MI_SHIPS\LSS,S:\_POST_PRODUCTION\_VFX_ELEMENTS\3D Models\3Ds Max 500 Models And Textures\500_Modeles_HQ+Textures_FR_ZIP_by_SRC.powaa\DATA\MI_SHIPS\LSS\LSS_01.jpg,,,,,,
LSSC,.jpg,1,3,3,0,429156,419.1 KB,S:\_POST_PRODUCTION\_VFX_ELEMENTS\3D Models\3Ds Max 500 Models And Textures\500_Modeles_HQ+Textures_FR_ZIP_by_SRC.powaa\DATA\MI_SHIPS\LSSC,S:\_POST_PRODUCTION\_VFX_ELEMENTS\3D Models\3Ds Max 500 Models And Textures\500_Modeles_HQ+Textures_FR_ZIP_by_SRC.powaa\DATA\MI_SHIPS\LSSC\LSSC_01.jpg,,,,,,
MYFLOW,.jpg,1,3,3,0,899070,878.0 KB,S:\_POST_PRODUCTION\_VFX_ELEMENTS\3D Models\3Ds Max 500 Models And Textures\500_Modeles_HQ+Textures_FR_ZIP_by_SRC.powaa\DATA\MI_SHIPS\MYFLOWER,S:\_POST_PRODUCTION\_VFX_ELEMENTS\3D Models\3Ds Max 500 Models And Textures\500_Modeles_HQ+Textures_FR_ZIP_by_SRC.powaa\DATA\MI_SHIPS\MYFLOWER\MYFLOW01.jpg,,,,,,
NANU,.jpg,1,3,3,0,547797,535.0 KB,S:\_POST_PRODUCTION\_VFX_ELEMENTS\3D Models\3Ds Max 500 Models And Textures\500_Modeles_HQ+Textures_FR_ZIP_by_SRC.powaa\DATA\MI_SHIPS\NANU,S:\_POST_PRODUCTION\_VFX_ELEMENTS\3D Models\3Ds Max 500 Models And Textures\500_Modeles_HQ+Textures_FR_ZIP_by_SRC.powaa\DATA\MI_SHIPS\NANU\NANU_01.jpg,,,,,,
NEGER,.jpg,1,3,3,0,409086,399.5 KB,S:\_POST_PRODUCTION\_VFX_ELEMENTS\3D Models\3Ds Max 500 Models And Textures\500_Modeles_HQ+Textures_FR_ZIP_by_SRC.powaa\DATA\MI_SHIPS\NEGER,S:\_POST_PRODUCTION\_VFX_ELEMENTS\3D Models\3Ds Max 500 Models And Textures\500_Modeles_HQ+Textures_FR_ZIP_by_SRC.powaa\DATA\MI_SHIPS\NEGER\NEGER_01.jpg,,,,,,
NGER,.jpg,2,7,5,1,49476,48.3 KB,S:\_POST_PRODUCTION\_VFX_ELEMENTS\3D Models\3Ds Max 500 Models And Textures\500_Modeles_HQ+Textures_FR_ZIP_by_SRC.powaa\DATA\MI_SHIPS\NEGER\NEGER,S:\_POST_PRODUCTION\_VFX_ELEMENTS\3D Models\3Ds Max 500 Models And Textures\500_Modeles_HQ+Textures_FR_ZIP_by_SRC.powaa\DATA\MI_SHIPS\NEGER\NEGER\NGER002.JPG,,,,,,
NYERSE,.jpg,1,3,3,0,761221,743.4 KB,S:\_POST_PRODUCTION\_VFX_ELEMENTS\3D Models\3Ds Max 500 Models And Textures\500_Modeles_HQ+Textures_FR_ZIP_by_SRC.powaa\DATA\MI_SHIPS\NYERSEY,S:\_POST_PRODUCTION\_VFX_ELEMENTS\3D Models\3Ds Max 500 Models And Textures\500_Modeles_HQ+Textures_FR_ZIP_by_SRC.powaa\DATA\MI_SHIPS\NYERSEY\NYERSE01.jpg,,,,,,
OTSU_I,.jpg,1,3,3,0,510520,498.6 KB,S:\_POST_PRODUCTION\_VFX_ELEMENTS\3D Models\3Ds Max 500 Models And Textures\500_Modeles_HQ+Textures_FR_ZIP_by_SRC.powaa\DATA\MI_SHIPS\OTSU_I19,S:\_POST_PRODUCTION\_VFX_ELEMENTS\3D Models\3Ds Max 500 Models And Textures\500_Modeles_HQ+Textures_FR_ZIP_by_SRC.powaa\DATA\MI_SHIPS\OTSU_I19\OTSU_I01.jpg,,,,,,
T,.tif,19,191,2,171,75964,74.2 KB,S:\_POST_PRODUCTION\_VFX_ELEMENTS\3D Models\3Ds Max 500 Models And Textures\500_Modeles_HQ+Textures_FR_ZIP_by_SRC.powaa\DATA\MI_SHIPS\OTSU_I19\OTSU_I19,S:\_POST_PRODUCTION\_VFX_ELEMENTS\3D Models\3Ds Max 500 Models And Textures\500_Modeles_HQ+Textures_FR_ZIP_by_SRC.powaa\DATA\MI_SHIPS\OTSU_I19\OTSU_I19\T19.TIF,,,,,,
PATROL,.jpg,1,3,3,0,600235,586.2 KB,S:\_POST_PRODUCTION\_VFX_ELEMENTS\3D Models\3Ds Max 500 Models And Textures\500_Modeles_HQ+Textures_FR_ZIP_by_SRC.powaa\DATA\MI_SHIPS\PATROLB,S:\_POST_PRODUCTION\_VFX_ELEMENTS\3D Models\3Ds Max 500 Models And Textures\500_Modeles_HQ+Textures_FR_ZIP_by_SRC.powaa\DATA\MI_SHIPS\PATROLB\PATROL01.jpg,,,,,,
PIBBER,.jpg,1,3,3,0,442713,432.3 KB,S:\_POST_PRODUCTION\_VFX_ELEMENTS\3D Models\3Ds Max 500 Models And Textures\500_Modeles_HQ+Textures_FR_ZIP_by_SRC.powaa\DATA\MI_SHIPS\PIBBER,S:\_POST_PRODUCTION\_VFX_ELEMENTS\3D Models\3Ds Max 500 Models And Textures\500_Modeles_HQ+Textures_FR_ZIP_by_SRC.powaa\DATA\MI_SHIPS\PIBBER\PIBBER01.jpg,,,,,,
POLA,.jpg,1,3,3,0,513582,501.5 KB,S:\_POST_PRODUCTION\_VFX_ELEMENTS\3D Models\3Ds Max 500 Models And Textures\500_Modeles_HQ+Textures_FR_ZIP_by_SRC.powaa\DATA\MI_SHIPS\POLA,S:\_POST_PRODUCTION\_VFX_ELEMENTS\3D Models\3Ds Max 500 Models And Textures\500_Modeles_HQ+Textures_FR_ZIP_by_SRC.powaa\DATA\MI_SHIPS\POLA\POLA_01.jpg,,,,,,
PT109,.jpg,1,3,3,0,661039,645.5 KB,S:\_POST_PRODUCTION\_VFX_ELEMENTS\3D Models\3Ds Max 500 Models And Textures\500_Modeles_HQ+Textures_FR_ZIP_by_SRC.powaa\DATA\MI_SHIPS\PT109,S:\_POST_PRODUCTION\_VFX_ELEMENTS\3D Models\3Ds Max 500 Models And Textures\500_Modeles_HQ+Textures_FR_ZIP_by_SRC.powaa\DATA\MI_SHIPS\PT109\PT109_01.jpg,,,,,,
PT32,.jpg,1,3,3,0,908229,886.9 KB,S:\_POST_PRODUCTION\_VFX_ELEMENTS\3D Models\3Ds Max 500 Models And Textures\500_Modeles_HQ+Textures_FR_ZIP_by_SRC.powaa\DATA\MI_SHIPS\PT32,S:\_POST_PRODUCTION\_VFX_ELEMENTS\3D Models\3Ds Max 500 Models And Textures\500_Modeles_HQ+Textures_FR_ZIP_by_SRC.powaa\DATA\MI_SHIPS\PT32\PT32_01.jpg,,,,,,
REALE,.jpg,1,3,3,0,1130482,1.1 MB,S:\_POST_PRODUCTION\_VFX_ELEMENTS\3D Models\3Ds Max 500 Models And Textures\500_Modeles_HQ+Textures_FR_ZIP_by_SRC.powaa\DATA\MI_SHIPS\REALE,S:\_POST_PRODUCTION\_VFX_ELEMENTS\3D Models\3Ds Max 500 Models And Textures\500_Modeles_HQ+Textures_FR_ZIP_by_SRC.powaa\DATA\MI_SHIPS\REALE\REALE_01.jpg,,,,,,
REDOUT,.jpg,1,3,3,0,380292,371.4 KB,S:\_POST_PRODUCTION\_VFX_ELEMENTS\3D Models\3Ds Max 500 Models And Textures\500_Modeles_HQ+Textures_FR_ZIP_by_SRC.powaa\DATA\MI_SHIPS\REDOUTAB,S:\_POST_PRODUCTION\_VFX_ELEMENTS\3D Models\3Ds Max 500 Models And Textures\500_Modeles_HQ+Textures_FR_ZIP_by_SRC.powaa\DATA\MI_SHIPS\REDOUTAB\REDOUT01.jpg,,,,,,
ROMANS,.jpg,1,3,3,0,678264,662.4 KB,S:\_POST_PRODUCTION\_VFX_ELEMENTS\3D Models\3Ds Max 500 Models And Textures\500_Modeles_HQ+Textures_FR_ZIP_by_SRC.powaa\DATA\MI_SHIPS\ROMANSHP,S:\_POST_PRODUCTION\_VFX_ELEMENTS\3D Models\3Ds Max 500 Models And Textures\500_Modeles_HQ+Textures_FR_ZIP_by_SRC.powaa\DATA\MI_SHIPS\ROMANSHP\ROMANS01.jpg,,,,,,
SEEHUN,.jpg,1,3,3,0,441590,431.2 KB,S:\_POST_PRODUCTION\_VFX_ELEMENTS\3D Models\3Ds Max 500 Models And Textures\500_Modeles_HQ+Textures_FR_ZIP_by_SRC.powaa\DATA\MI_SHIPS\SEEHUND,S:\_POST_PRODUCTION\_VFX_ELEMENTS\3D Models\3Ds Max 500 Models And Textures\500_Modeles_HQ+Textures_FR_ZIP_by_SRC.powaa\DATA\MI_SHIPS\SEEHUND\SEEHUN01.jpg,,,,,,
SHINAN,.jpg,1,3,3,0,555832,542.8 KB,S:\_POST_PRODUCTION\_VFX_ELEMENTS\3D Models\3Ds Max 500 Models And Textures\500_Modeles_HQ+Textures_FR_ZIP_by_SRC.powaa\DATA\MI_SHIPS\SHINANO,S:\_POST_PRODUCTION\_VFX_ELEMENTS\3D Models\3Ds Max 500 Models And Textures\500_Modeles_HQ+Textures_FR_ZIP_by_SRC.powaa\DATA\MI_SHIPS\SHINANO\SHINAN01.jpg,,,,,,
SIREN,.jpg,1,3,3,0,1519426,1.4 MB,S:\_POST_PRODUCTION\_VFX_ELEMENTS\3D Models\3Ds Max 500 Models And Textures\500_Modeles_HQ+Textures_FR_ZIP_by_SRC.powaa\DATA\MI_SHIPS\SIREN,S:\_POST_PRODUCTION\_VFX_ELEMENTS\3D Models\3Ds Max 500 Models And Textures\500_Modeles_HQ+Textures_FR_ZIP_by_SRC.powaa\DATA\MI_SHIPS\SIREN\SIREN_01.jpg,,,,,,
SOLEIL,.jpg,1,3,3,0,863251,843.0 KB,S:\_POST_PRODUCTION\_VFX_ELEMENTS\3D Models\3Ds Max 500 Models And Textures\500_Modeles_HQ+Textures_FR_ZIP_by_SRC.powaa\DATA\MI_SHIPS\SOLEIL,S:\_POST_PRODUCTION\_VFX_ELEMENTS\3D Models\3Ds Max 500 Models And Textures\500_Modeles_HQ+Textures_FR_ZIP_by_SRC.powaa\DATA\MI_SHIPS\SOLEIL\SOLEIL01.jpg,,,,,,
SUBCHS,.jpg,1,3,3,0,550170,537.3 KB,S:\_POST_PRODUCTION\_VFX_ELEMENTS\3D Models\3Ds Max 500 Models And Textures\500_Modeles_HQ+Textures_FR_ZIP_by_SRC.powaa\DATA\MI_SHIPS\SUBCHS,S:\_POST_PRODUCTION\_VFX_ELEMENTS\3D Models\3Ds Max 500 Models And Textures\500_Modeles_HQ+Textures_FR_ZIP_by_SRC.powaa\DATA\MI_SHIPS\SUBCHS\SUBCHS01.jpg,,,,,,
SUPERB,.jpg,1,3,3,0,919188,897.6 KB,S:\_POST_PRODUCTION\_VFX_ELEMENTS\3D Models\3Ds Max 500 Models And Textures\500_Modeles_HQ+Textures_FR_ZIP_by_SRC.powaa\DATA\MI_SHIPS\SUPERBE,S:\_POST_PRODUCTION\_VFX_ELEMENTS\3D Models\3Ds Max 500 Models And Textures\500_Modeles_HQ+Textures_FR_ZIP_by_SRC.powaa\DATA\MI_SHIPS\SUPERBE\SUPERB01.jpg,,,,,,
TARAWA,.jpg,1,3,3,0,463075,452.2 KB,S:\_POST_PRODUCTION\_VFX_ELEMENTS\3D Models\3Ds Max 500 Models And Textures\500_Modeles_HQ+Textures_FR_ZIP_by_SRC.powaa\DATA\MI_SHIPS\TARAWA,S:\_POST_PRODUCTION\_VFX_ELEMENTS\3D Models\3Ds Max 500 Models And Textures\500_Modeles_HQ+Textures_FR_ZIP_by_SRC.powaa\DATA\MI_SHIPS\TARAWA\TARAWA01.jpg,,,,,,
TYPE7B,.jpg,1,3,3,0,441894,431.5 KB,S:\_POST_PRODUCTION\_VFX_ELEMENTS\3D Models\3Ds Max 500 Models And Textures\500_Modeles_HQ+Textures_FR_ZIP_by_SRC.powaa\DATA\MI_SHIPS\TYPE7B,S:\_POST_PRODUCTION\_VFX_ELEMENTS\3D Models\3Ds Max 500 Models And Textures\500_Modeles_HQ+Textures_FR_ZIP_by_SRC.powaa\DATA\MI_SHIPS\TYPE7B\TYPE7B01.jpg,,,,,,
T_LCVP,.jpg,1,3,3,0,434532,424.3 KB,S:\_POST_PRODUCTION\_VFX_ELEMENTS\3D Models\3Ds Max 500 Models And Textures\500_Modeles_HQ+Textures_FR_ZIP_by_SRC.powaa\DATA\MI_SHIPS\T_LCVP,S:\_POST_PRODUCTION\_VFX_ELEMENTS\3D Models\3Ds Max 500 Models And Textures\500_Modeles_HQ+Textures_FR_ZIP_by_SRC.powaa\DATA\MI_SHIPS\T_LCVP\T_LCVP01.jpg,,,,,,
USS_OH,.jpg,1,3,3,0,386566,377.5 KB,S:\_POST_PRODUCTION\_VFX_ELEMENTS\3D Models\3Ds Max 500 Models And Textures\500_Modeles_HQ+Textures_FR_ZIP_by_SRC.powaa\DATA\MI_SHIPS\USS_OHIO,S:\_POST_PRODUCTION\_VFX_ELEMENTS\3D Models\3Ds Max 500 Models And Textures\500_Modeles_HQ+Textures_FR_ZIP_by_SRC.powaa\DATA\MI_SHIPS\USS_OHIO\USS_OH01.jpg,,,,,,
VALLEY,.jpg,1,3,3,0,513294,501.3 KB,S:\_POST_PRODUCTION\_VFX_ELEMENTS\3D Models\3Ds Max 500 Models And Textures\500_Modeles_HQ+Textures_FR_ZIP_by_SRC.powaa\DATA\MI_SHIPS\VALLEY,S:\_POST_PRODUCTION\_VFX_ELEMENTS\3D Models\3Ds Max 500 Models And Textures\500_Modeles_HQ+Textures_FR_ZIP_by_SRC.powaa\DATA\MI_SHIPS\VALLEY\VALLEY01.jpg,,,,,,
VICTOR,.jpg,1,3,3,0,1000763,977.3 KB,S:\_POST_PRODUCTION\_VFX_ELEMENTS\3D Models\3Ds Max 500 Models And Textures\500_Modeles_HQ+Textures_FR_ZIP_by_SRC.powaa\DATA\MI_SHIPS\VICTORY,S:\_POST_PRODUCTION\_VFX_ELEMENTS\3D Models\3Ds Max 500 Models And Textures\500_Modeles_HQ+Textures_FR_ZIP_by_SRC.powaa\DATA\MI_SHIPS\VICTORY\VICTOR01.jpg,,,,,,
VIKSHI,.jpg,1,3,3,0,729226,712.1 KB,S:\_POST_PRODUCTION\_VFX_ELEMENTS\3D Models\3Ds Max 500 Models And Textures\500_Modeles_HQ+Textures_FR_ZIP_by_SRC.powaa\DATA\MI_SHIPS\VIKSHIP,S:\_POST_PRODUCTION\_VFX_ELEMENTS\3D Models\3Ds Max 500 Models And Textures\500_Modeles_HQ+Textures_FR_ZIP_by_SRC.powaa\DATA\MI_SHIPS\VIKSHIP\VIKSHI01.jpg,,,,,,
VOSPER,.jpg,1,3,3,0,464195,453.3 KB,S:\_POST_PRODUCTION\_VFX_ELEMENTS\3D Models\3Ds Max 500 Models And Textures\500_Modeles_HQ+Textures_FR_ZIP_by_SRC.powaa\DATA\MI_SHIPS\VOSPER,S:\_POST_PRODUCTION\_VFX_ELEMENTS\3D Models\3Ds Max 500 Models And Textures\500_Modeles_HQ+Textures_FR_ZIP_by_SRC.powaa\DATA\MI_SHIPS\VOSPER\VOSPER01.jpg,,,,,,
ALTOSH,.jpg,1,3,3,0,618656,604.2 KB,S:\_POST_PRODUCTION\_VFX_ELEMENTS\3D Models\3Ds Max 500 Models And Textures\500_Modeles_HQ+Textures_FR_ZIP_by_SRC.powaa\DATA\MUSIC_IN\ALTOSHAW,S:\_POST_PRODUCTION\_VFX_ELEMENTS\3D Models\3Ds Max 500 Models And Textures\500_Modeles_HQ+Textures_FR_ZIP_by_SRC.powaa\DATA\MUSIC_IN\ALTOSHAW\ALTOSH01.jpg,,,,,,
ARPA,.jpg,1,3,3,0,763501,745.6 KB,S:\_POST_PRODUCTION\_VFX_ELEMENTS\3D Models\3Ds Max 500 Models And Textures\500_Modeles_HQ+Textures_FR_ZIP_by_SRC.powaa\DATA\MUSIC_IN\ARPA,S:\_POST_PRODUCTION\_VFX_ELEMENTS\3D Models\3Ds Max 500 Models And Textures\500_Modeles_HQ+Textures_FR_ZIP_by_SRC.powaa\DATA\MUSIC_IN\ARPA\ARPA_01.jpg,,,,,,
BASSOO,.jpg,1,3,3,0,571362,558.0 KB,S:\_POST_PRODUCTION\_VFX_ELEMENTS\3D Models\3Ds Max 500 Models And Textures\500_Modeles_HQ+Textures_FR_ZIP_by_SRC.powaa\DATA\MUSIC_IN\BASSOON,S:\_POST_PRODUCTION\_VFX_ELEMENTS\3D Models\3Ds Max 500 Models And Textures\500_Modeles_HQ+Textures_FR_ZIP_by_SRC.powaa\DATA\MUSIC_IN\BASSOON\BASSOO01.jpg,,,,,,
CIMBAL,.jpg,1,3,3,0,814663,795.6 KB,S:\_POST_PRODUCTION\_VFX_ELEMENTS\3D Models\3Ds Max 500 Models And Textures\500_Modeles_HQ+Textures_FR_ZIP_by_SRC.powaa\DATA\MUSIC_IN\CIMBALES,S:\_POST_PRODUCTION\_VFX_ELEMENTS\3D Models\3Ds Max 500 Models And Textures\500_Modeles_HQ+Textures_FR_ZIP_by_SRC.powaa\DATA\MUSIC_IN\CIMBALES\CIMBAL01.jpg,,,,,,
CLARIN,.jpg,1,3,3,0,577424,563.9 KB,S:\_POST_PRODUCTION\_VFX_ELEMENTS\3D Models\3Ds Max 500 Models And Textures\500_Modeles_HQ+Textures_FR_ZIP_by_SRC.powaa\DATA\MUSIC_IN\CLARIN,S:\_POST_PRODUCTION\_VFX_ELEMENTS\3D Models\3Ds Max 500 Models And Textures\500_Modeles_HQ+Textures_FR_ZIP_by_SRC.powaa\DATA\MUSIC_IN\CLARIN\CLARIN01.jpg,,,,,,
GUITAR,.jpg,1,3,3,0,606641,592.4 KB,S:\_POST_PRODUCTION\_VFX_ELEMENTS\3D Models\3Ds Max 500 Models And Textures\500_Modeles_HQ+Textures_FR_ZIP_by_SRC.powaa\DATA\MUSIC_IN\GUITAR,S:\_POST_PRODUCTION\_VFX_ELEMENTS\3D Models\3Ds Max 500 Models And Textures\500_Modeles_HQ+Textures_FR_ZIP_by_SRC.powaa\DATA\MUSIC_IN\GUITAR\GUITAR01.jpg,,,,,,
KEYBOA,.jpg,1,3,3,0,702419,686.0 KB,S:\_POST_PRODUCTION\_VFX_ELEMENTS\3D Models\3Ds Max 500 Models And Textures\500_Modeles_HQ+Textures_FR_ZIP_by_SRC.powaa\DATA\MUSIC_IN\KEYBOARD,S:\_POST_PRODUCTION\_VFX_ELEMENTS\3D Models\3Ds Max 500 Models And Textures\500_Modeles_HQ+Textures_FR_ZIP_by_SRC.powaa\DATA\MUSIC_IN\KEYBOARD\KEYBOA01.jpg,,,,,,
LUDWIG,.jpg,1,3,3,0,954010,931.7 KB,S:\_POST_PRODUCTION\_VFX_ELEMENTS\3D Models\3Ds Max 500 Models And Textures\500_Modeles_HQ+Textures_FR_ZIP_by_SRC.powaa\DATA\MUSIC_IN\LUDWIGDR,S:\_POST_PRODUCTION\_VFX_ELEMENTS\3D Models\3Ds Max 500 Models And Textures\500_Modeles_HQ+Textures_FR_ZIP_by_SRC.powaa\DATA\MUSIC_IN\LUDWIGDR\LUDWIG01.jpg,,,,,,
SHAWN,.jpg,1,3,3,0,646230,631.1 KB,S:\_POST_PRODUCTION\_VFX_ELEMENTS\3D Models\3Ds Max 500 Models And Textures\500_Modeles_HQ+Textures_FR_ZIP_by_SRC.powaa\DATA\MUSIC_IN\SHAWN,S:\_POST_PRODUCTION\_VFX_ELEMENTS\3D Models\3Ds Max 500 Models And Textures\500_Modeles_HQ+Textures_FR_ZIP_by_SRC.powaa\DATA\MUSIC_IN\SHAWN\SHAWN_01.jpg,,,,,,
TAMBOR,.jpg,1,3,3,0,678560,662.7 KB,S:\_POST_PRODUCTION\_VFX_ELEMENTS\3D Models\3Ds Max 500 Models And Textures\500_Modeles_HQ+Textures_FR_ZIP_by_SRC.powaa\DATA\MUSIC_IN\TAMBOR2,S:\_POST_PRODUCTION\_VFX_ELEMENTS\3D Models\3Ds Max 500 Models And Textures\500_Modeles_HQ+Textures_FR_ZIP_by_SRC.powaa\DATA\MUSIC_IN\TAMBOR2\TAMBOR01.jpg,,,,,,
TRUMPE,.jpg,1,3,3,0,740100,722.8 KB,S:\_POST_PRODUCTION\_VFX_ELEMENTS\3D Models\3Ds Max 500 Models And Textures\500_Modeles_HQ+Textures_FR_ZIP_by_SRC.powaa\DATA\MUSIC_IN\TRUMPE,S:\_POST_PRODUCTION\_VFX_ELEMENTS\3D Models\3Ds Max 500 Models And Textures\500_Modeles_HQ+Textures_FR_ZIP_by_SRC.powaa\DATA\MUSIC_IN\TRUMPE\TRUMPE01.jpg,,,,,,
TRUMPT,.jpg,1,3,3,0,709522,692.9 KB,S:\_POST_PRODUCTION\_VFX_ELEMENTS\3D Models\3Ds Max 500 Models And Textures\500_Modeles_HQ+Textures_FR_ZIP_by_SRC.powaa\DATA\MUSIC_IN\TRUMPET,S:\_POST_PRODUCTION\_VFX_ELEMENTS\3D Models\3Ds Max 500 Models And Textures\500_Modeles_HQ+Textures_FR_ZIP_by_SRC.powaa\DATA\MUSIC_IN\TRUMPET\TRUMPT01.jpg,,,,,,
VIOLA,.jpg,1,3,3,0,851170,831.2 KB,S:\_POST_PRODUCTION\_VFX_ELEMENTS\3D Models\3Ds Max 500 Models And Textures\500_Modeles_HQ+Textures_FR_ZIP_by_SRC.powaa\DATA\MUSIC_IN\VIOLA,S:\_POST_PRODUCTION\_VFX_ELEMENTS\3D Models\3Ds Max 500 Models And Textures\500_Modeles_HQ+Textures_FR_ZIP_by_SRC.powaa\DATA\MUSIC_IN\VIOLA\VIOLA_01.jpg,,,,,,
VIOLIN,.jpg,1,3,3,0,826606,807.2 KB,S:\_POST_PRODUCTION\_VFX_ELEMENTS\3D Models\3Ds Max 500 Models And Textures\500_Modeles_HQ+Textures_FR_ZIP_by_SRC.powaa\DATA\MUSIC_IN\VIOLIN,S:\_POST_PRODUCTION\_VFX_ELEMENTS\3D Models\3Ds Max 500 Models And Textures\500_Modeles_HQ+Textures_FR_ZIP_by_SRC.powaa\DATA\MUSIC_IN\VIOLIN\VIOLIN01.jpg,,,,,,
ZITHER,.jpg,1,3,3,0,993657,970.4 KB,S:\_POST_PRODUCTION\_VFX_ELEMENTS\3D Models\3Ds Max 500 Models And Textures\500_Modeles_HQ+Textures_FR_ZIP_by_SRC.powaa\DATA\MUSIC_IN\ZITHER,S:\_POST_PRODUCTION\_VFX_ELEMENTS\3D Models\3Ds Max 500 Models And Textures\500_Modeles_HQ+Textures_FR_ZIP_by_SRC.powaa\DATA\MUSIC_IN\ZITHER\ZITHER01.jpg,,,,,,
AGFACA,.jpg,1,3,3,0,661980,646.5 KB,S:\_POST_PRODUCTION\_VFX_ELEMENTS\3D Models\3Ds Max 500 Models And Textures\500_Modeles_HQ+Textures_FR_ZIP_by_SRC.powaa\DATA\OPTICAL\AGFACAM,S:\_POST_PRODUCTION\_VFX_ELEMENTS\3D Models\3Ds Max 500 Models And Textures\500_Modeles_HQ+Textures_FR_ZIP_by_SRC.powaa\DATA\OPTICAL\AGFACAM\AGFACA01.jpg,,,,,,
BINOCU,.jpg,1,3,3,0,952436,930.1 KB,S:\_POST_PRODUCTION\_VFX_ELEMENTS\3D Models\3Ds Max 500 Models And Textures\500_Modeles_HQ+Textures_FR_ZIP_by_SRC.powaa\DATA\OPTICAL\BINOCU,S:\_POST_PRODUCTION\_VFX_ELEMENTS\3D Models\3Ds Max 500 Models And Textures\500_Modeles_HQ+Textures_FR_ZIP_by_SRC.powaa\DATA\OPTICAL\BINOCU\BINOCU01.jpg,,,,,,
COSINA,.jpg,1,3,3,0,692071,675.9 KB,S:\_POST_PRODUCTION\_VFX_ELEMENTS\3D Models\3Ds Max 500 Models And Textures\500_Modeles_HQ+Textures_FR_ZIP_by_SRC.powaa\DATA\OPTICAL\COSINA,S:\_POST_PRODUCTION\_VFX_ELEMENTS\3D Models\3Ds Max 500 Models And Textures\500_Modeles_HQ+Textures_FR_ZIP_by_SRC.powaa\DATA\OPTICAL\COSINA\COSINA01.jpg,,,,,,
GLASSE,.jpg,1,3,3,0,616956,602.5 KB,S:\_POST_PRODUCTION\_VFX_ELEMENTS\3D Models\3Ds Max 500 Models And Textures\500_Modeles_HQ+Textures_FR_ZIP_by_SRC.powaa\DATA\OPTICAL\GLASSES,S:\_POST_PRODUCTION\_VFX_ELEMENTS\3D Models\3Ds Max 500 Models And Textures\500_Modeles_HQ+Textures_FR_ZIP_by_SRC.powaa\DATA\OPTICAL\GLASSES\GLASSE01.jpg,,,,,,
GLASSI,.jpg,1,3,3,0,757994,740.2 KB,S:\_POST_PRODUCTION\_VFX_ELEMENTS\3D Models\3Ds Max 500 Models And Textures\500_Modeles_HQ+Textures_FR_ZIP_by_SRC.powaa\DATA\OPTICAL\GLASSIND,S:\_POST_PRODUCTION\_VFX_ELEMENTS\3D Models\3Ds Max 500 Models And Textures\500_Modeles_HQ+Textures_FR_ZIP_by_SRC.powaa\DATA\OPTICAL\GLASSIND\GLASSI01.jpg,,,,,,
KODAKC,.jpg,1,3,3,0,722453,705.5 KB,S:\_POST_PRODUCTION\_VFX_ELEMENTS\3D Models\3Ds Max 500 Models And Textures\500_Modeles_HQ+Textures_FR_ZIP_by_SRC.powaa\DATA\OPTICAL\KODAKCAM,S:\_POST_PRODUCTION\_VFX_ELEMENTS\3D Models\3Ds Max 500 Models And Textures\500_Modeles_HQ+Textures_FR_ZIP_by_SRC.powaa\DATA\OPTICAL\KODAKCAM\KODAKC01.jpg,,,,,,
MICROS,.jpg,1,3,3,0,747786,730.3 KB,S:\_POST_PRODUCTION\_VFX_ELEMENTS\3D Models\3Ds Max 500 Models And Textures\500_Modeles_HQ+Textures_FR_ZIP_by_SRC.powaa\DATA\OPTICAL\MICROS,S:\_POST_PRODUCTION\_VFX_ELEMENTS\3D Models\3Ds Max 500 Models And Textures\500_Modeles_HQ+Textures_FR_ZIP_by_SRC.powaa\DATA\OPTICAL\MICROS\MICROS01.jpg,,,,,,
POLARO,.jpg,1,3,3,0,1142238,1.1 MB,S:\_POST_PRODUCTION\_VFX_ELEMENTS\3D Models\3Ds Max 500 Models And Textures\500_Modeles_HQ+Textures_FR_ZIP_by_SRC.powaa\DATA\OPTICAL\POLAROID,S:\_POST_PRODUCTION\_VFX_ELEMENTS\3D Models\3Ds Max 500 Models And Textures\500_Modeles_HQ+Textures_FR_ZIP_by_SRC.powaa\DATA\OPTICAL\POLAROID\POLARO01.jpg,,,,,,
RAYBAN,.jpg,1,3,3,0,578981,565.4 KB,S:\_POST_PRODUCTION\_VFX_ELEMENTS\3D Models\3Ds Max 500 Models And Textures\500_Modeles_HQ+Textures_FR_ZIP_by_SRC.powaa\DATA\OPTICAL\RAYBAN,S:\_POST_PRODUCTION\_VFX_ELEMENTS\3D Models\3Ds Max 500 Models And Textures\500_Modeles_HQ+Textures_FR_ZIP_by_SRC.powaa\DATA\OPTICAL\RAYBAN\RAYBAN01.jpg,,,,,,
SUPER,.jpg,801,803,3,0,795151,776.5 KB,S:\_POST_PRODUCTION\_VFX_ELEMENTS\3D Models\3Ds Max 500 Models And Textures\500_Modeles_HQ+Textures_FR_ZIP_by_SRC.powaa\DATA\OPTICAL\SUPER8,S:\_POST_PRODUCTION\_VFX_ELEMENTS\3D Models\3Ds Max 500 Models And Textures\500_Modeles_HQ+Textures_FR_ZIP_by_SRC.powaa\DATA\OPTICAL\SUPER8\SUPER801.jpg,,,,,,
JUGU,.jpg,1,3,3,0,643113,628.0 KB,S:\_POST_PRODUCTION\_VFX_ELEMENTS\3D Models\3Ds Max 500 Models And Textures\500_Modeles_HQ+Textures_FR_ZIP_by_SRC.powaa\DATA\OPTICAL\T_JUGU,S:\_POST_PRODUCTION\_VFX_ELEMENTS\3D Models\3Ds Max 500 Models And Textures\500_Modeles_HQ+Textures_FR_ZIP_by_SRC.powaa\DATA\OPTICAL\T_JUGU\JUGU_01.jpg,,,,,,
T_OPTI,.jpg,1,3,3,0,731495,714.4 KB,S:\_POST_PRODUCTION\_VFX_ELEMENTS\3D Models\3Ds Max 500 Models And Textures\500_Modeles_HQ+Textures_FR_ZIP_by_SRC.powaa\DATA\OPTICAL\T_OPTI,S:\_POST_PRODUCTION\_VFX_ELEMENTS\3D Models\3Ds Max 500 Models And Textures\500_Modeles_HQ+Textures_FR_ZIP_by_SRC.powaa\DATA\OPTICAL\T_OPTI\T_OPTI01.jpg,,,,,,
ANNOUN,.jpg,1,3,3,0,549565,536.7 KB,S:\_POST_PRODUCTION\_VFX_ELEMENTS\3D Models\3Ds Max 500 Models And Textures\500_Modeles_HQ+Textures_FR_ZIP_by_SRC.powaa\DATA\OTHERS\ANNOUNC,S:\_POST_PRODUCTION\_VFX_ELEMENTS\3D Models\3Ds Max 500 Models And Textures\500_Modeles_HQ+Textures_FR_ZIP_by_SRC.powaa\DATA\OTHERS\ANNOUNC\ANNOUN01.jpg,,,,,,
BULLSE,.jpg,1,3,3,0,560231,547.1 KB,S:\_POST_PRODUCTION\_VFX_ELEMENTS\3D Models\3Ds Max 500 Models And Textures\500_Modeles_HQ+Textures_FR_ZIP_by_SRC.powaa\DATA\OTHERS\BULLSE,S:\_POST_PRODUCTION\_VFX_ELEMENTS\3D Models\3Ds Max 500 Models And Textures\500_Modeles_HQ+Textures_FR_ZIP_by_SRC.powaa\DATA\OTHERS\BULLSE\BULLSE01.jpg,,,,,,
CANDEL,.jpg,1,3,3,0,521274,509.1 KB,S:\_POST_PRODUCTION\_VFX_ELEMENTS\3D Models\3Ds Max 500 Models And Textures\500_Modeles_HQ+Textures_FR_ZIP_by_SRC.powaa\DATA\OTHERS\CANDEL,S:\_POST_PRODUCTION\_VFX_ELEMENTS\3D Models\3Ds Max 500 Models And Textures\500_Modeles_HQ+Textures_FR_ZIP_by_SRC.powaa\DATA\OTHERS\CANDEL\CANDEL01.jpg,,,,,,
CANOPE,.jpg,1,3,3,0,949646,927.4 KB,S:\_POST_PRODUCTION\_VFX_ELEMENTS\3D Models\3Ds Max 500 Models And Textures\500_Modeles_HQ+Textures_FR_ZIP_by_SRC.powaa\DATA\OTHERS\CANOPES,S:\_POST_PRODUCTION\_VFX_ELEMENTS\3D Models\3Ds Max 500 Models And Textures\500_Modeles_HQ+Textures_FR_ZIP_by_SRC.powaa\DATA\OTHERS\CANOPES\CANOPE01.jpg,,,,,,
DOMINI,.jpg,1,3,3,0,597260,583.3 KB,S:\_POST_PRODUCTION\_VFX_ELEMENTS\3D Models\3Ds Max 500 Models And Textures\500_Modeles_HQ+Textures_FR_ZIP_by_SRC.powaa\DATA\OTHERS\DOMINI,S:\_POST_PRODUCTION\_VFX_ELEMENTS\3D Models\3Ds Max 500 Models And Textures\500_Modeles_HQ+Textures_FR_ZIP_by_SRC.powaa\DATA\OTHERS\DOMINI\DOMINI01.jpg,,,,,,
DRINKI,.jpg,1,3,3,0,674743,658.9 KB,S:\_POST_PRODUCTION\_VFX_ELEMENTS\3D Models\3Ds Max 500 Models And Textures\500_Modeles_HQ+Textures_FR_ZIP_by_SRC.powaa\DATA\OTHERS\DRINKING,S:\_POST_PRODUCTION\_VFX_ELEMENTS\3D Models\3Ds Max 500 Models And Textures\500_Modeles_HQ+Textures_FR_ZIP_by_SRC.powaa\DATA\OTHERS\DRINKING\DRINKI01.jpg,,,,,,
ERZHER,.jpg,1,3,3,0,678607,662.7 KB,S:\_POST_PRODUCTION\_VFX_ELEMENTS\3D Models\3Ds Max 500 Models And Textures\500_Modeles_HQ+Textures_FR_ZIP_by_SRC.powaa\DATA\OTHERS\ERZHER,S:\_POST_PRODUCTION\_VFX_ELEMENTS\3D Models\3Ds Max 500 Models And Textures\500_Modeles_HQ+Textures_FR_ZIP_by_SRC.powaa\DATA\OTHERS\ERZHER\ERZHER01.jpg,,,,,,
FERDIN,.jpg,1,3,3,0,718817,702.0 KB,S:\_POST_PRODUCTION\_VFX_ELEMENTS\3D Models\3Ds Max 500 Models And Textures\500_Modeles_HQ+Textures_FR_ZIP_by_SRC.powaa\DATA\OTHERS\FERDINAN,S:\_POST_PRODUCTION\_VFX_ELEMENTS\3D Models\3Ds Max 500 Models And Textures\500_Modeles_HQ+Textures_FR_ZIP_by_SRC.powaa\DATA\OTHERS\FERDINAN\FERDIN01.jpg,,,,,,
FPEN,.jpg,1,3,3,0,639357,624.4 KB,S:\_POST_PRODUCTION\_VFX_ELEMENTS\3D Models\3Ds Max 500 Models And Textures\500_Modeles_HQ+Textures_FR_ZIP_by_SRC.powaa\DATA\OTHERS\FPEN,S:\_POST_PRODUCTION\_VFX_ELEMENTS\3D Models\3Ds Max 500 Models And Textures\500_Modeles_HQ+Textures_FR_ZIP_by_SRC.powaa\DATA\OTHERS\FPEN\FPEN_01.jpg,,,,,,
FREDER,.jpg,1,3,3,0,540128,527.5 KB,S:\_POST_PRODUCTION\_VFX_ELEMENTS\3D Models\3Ds Max 500 Models And Textures\500_Modeles_HQ+Textures_FR_ZIP_by_SRC.powaa\DATA\OTHERS\FREDERII,S:\_POST_PRODUCTION\_VFX_ELEMENTS\3D Models\3Ds Max 500 Models And Textures\500_Modeles_HQ+Textures_FR_ZIP_by_SRC.powaa\DATA\OTHERS\FREDERII\FREDER01.jpg,,,,,,
GLOBO,.jpg,1,3,3,0,829684,810.2 KB,S:\_POST_PRODUCTION\_VFX_ELEMENTS\3D Models\3Ds Max 500 Models And Textures\500_Modeles_HQ+Textures_FR_ZIP_by_SRC.powaa\DATA\OTHERS\GLOBO,S:\_POST_PRODUCTION\_VFX_ELEMENTS\3D Models\3Ds Max 500 Models And Textures\500_Modeles_HQ+Textures_FR_ZIP_by_SRC.powaa\DATA\OTHERS\GLOBO\GLOBO_01.jpg,,,,,,
GUILLO,.jpg,1,3,3,0,719067,702.2 KB,S:\_POST_PRODUCTION\_VFX_ELEMENTS\3D Models\3Ds Max 500 Models And Textures\500_Modeles_HQ+Textures_FR_ZIP_by_SRC.powaa\DATA\OTHERS\GUILLOT,S:\_POST_PRODUCTION\_VFX_ELEMENTS\3D Models\3Ds Max 500 Models And Textures\500_Modeles_HQ+Textures_FR_ZIP_by_SRC.powaa\DATA\OTHERS\GUILLOT\GUILLO01.jpg,,,,,,
LAMPAR,.jpg,1,3,3,0,544910,532.1 KB,S:\_POST_PRODUCTION\_VFX_ELEMENTS\3D Models\3Ds Max 500 Models And Textures\500_Modeles_HQ+Textures_FR_ZIP_by_SRC.powaa\DATA\OTHERS\LAMPARA1,S:\_POST_PRODUCTION\_VFX_ELEMENTS\3D Models\3Ds Max 500 Models And Textures\500_Modeles_HQ+Textures_FR_ZIP_by_SRC.powaa\DATA\OTHERS\LAMPARA1\LAMPAR01.jpg,,,,,,
LAMPA,.jpg,301,303,3,0,523311,511.0 KB,S:\_POST_PRODUCTION\_VFX_ELEMENTS\3D Models\3Ds Max 500 Models And Textures\500_Modeles_HQ+Textures_FR_ZIP_by_SRC.powaa\DATA\OTHERS\LAMPARA3,S:\_POST_PRODUCTION\_VFX_ELEMENTS\3D Models\3Ds Max 500 Models And Textures\500_Modeles_HQ+Textures_FR_ZIP_by_SRC.powaa\DATA\OTHERS\LAMPARA3\LAMPA301.jpg,,,,,,
LAMPA,.jpg,401,403,3,0,517254,505.1 KB,S:\_POST_PRODUCTION\_VFX_ELEMENTS\3D Models\3Ds Max 500 Models And Textures\500_Modeles_HQ+Textures_FR_ZIP_by_SRC.powaa\DATA\OTHERS\LAMPARA4,S:\_POST_PRODUCTION\_VFX_ELEMENTS\3D Models\3Ds Max 500 Models And Textures\500_Modeles_HQ+Textures_FR_ZIP_by_SRC.powaa\DATA\OTHERS\LAMPARA4\LAMPA401.jpg,,,,,,
LANTER,.jpg,1,3,3,0,591470,577.6 KB,S:\_POST_PRODUCTION\_VFX_ELEMENTS\3D Models\3Ds Max 500 Models And Textures\500_Modeles_HQ+Textures_FR_ZIP_by_SRC.powaa\DATA\OTHERS\LANTERN,S:\_POST_PRODUCTION\_VFX_ELEMENTS\3D Models\3Ds Max 500 Models And Textures\500_Modeles_HQ+Textures_FR_ZIP_by_SRC.powaa\DATA\OTHERS\LANTERN\LANTER01.jpg,,,,,,
RELOJM,.jpg,1,3,3,0,729422,712.3 KB,S:\_POST_PRODUCTION\_VFX_ELEMENTS\3D Models\3Ds Max 500 Models And Textures\500_Modeles_HQ+Textures_FR_ZIP_by_SRC.powaa\DATA\OTHERS\RELOJMES,S:\_POST_PRODUCTION\_VFX_ELEMENTS\3D Models\3Ds Max 500 Models And Textures\500_Modeles_HQ+Textures_FR_ZIP_by_SRC.powaa\DATA\OTHERS\RELOJMES\RELOJM01.jpg,,,,,,
VELETA,.jpg,1,3,3,0,654428,639.1 KB,S:\_POST_PRODUCTION\_VFX_ELEMENTS\3D Models\3Ds Max 500 Models And Textures\500_Modeles_HQ+Textures_FR_ZIP_by_SRC.powaa\DATA\OTHERS\VELETA,S:\_POST_PRODUCTION\_VFX_ELEMENTS\3D Models\3Ds Max 500 Models And Textures\500_Modeles_HQ+Textures_FR_ZIP_by_SRC.powaa\DATA\OTHERS\VELETA\VELETA01.jpg,,,,,,
AUTOV,.jpg,1,3,3,0,540028,527.4 KB,S:\_POST_PRODUCTION\_VFX_ELEMENTS\3D Models\3Ds Max 500 Models And Textures\500_Modeles_HQ+Textures_FR_ZIP_by_SRC.powaa\DATA\PUBWORKS\AUTOV,S:\_POST_PRODUCTION\_VFX_ELEMENTS\3D Models\3Ds Max 500 Models And Textures\500_Modeles_HQ+Textures_FR_ZIP_by_SRC.powaa\DATA\PUBWORKS\AUTOV\AUTOV_01.jpg,,,,,,
BIGSG,.jpg,1,3,3,0,595796,581.8 KB,S:\_POST_PRODUCTION\_VFX_ELEMENTS\3D Models\3Ds Max 500 Models And Textures\500_Modeles_HQ+Textures_FR_ZIP_by_SRC.powaa\DATA\PUBWORKS\BIGSG,S:\_POST_PRODUCTION\_VFX_ELEMENTS\3D Models\3Ds Max 500 Models And Textures\500_Modeles_HQ+Textures_FR_ZIP_by_SRC.powaa\DATA\PUBWORKS\BIGSG\BIGSG_01.jpg,,,,,,
CAJA,.jpg,1,3,3,0,485092,473.7 KB,S:\_POST_PRODUCTION\_VFX_ELEMENTS\3D Models\3Ds Max 500 Models And Textures\500_Modeles_HQ+Textures_FR_ZIP_by_SRC.powaa\DATA\PUBWORKS\CAJA,S:\_POST_PRODUCTION\_VFX_ELEMENTS\3D Models\3Ds Max 500 Models And Textures\500_Modeles_HQ+Textures_FR_ZIP_by_SRC.powaa\DATA\PUBWORKS\CAJA\CAJA_01.jpg,,,,,,
CARTEL,.jpg,1,3,3,0,540785,528.1 KB,S:\_POST_PRODUCTION\_VFX_ELEMENTS\3D Models\3Ds Max 500 Models And Textures\500_Modeles_HQ+Textures_FR_ZIP_by_SRC.powaa\DATA\PUBWORKS\CARTEL,S:\_POST_PRODUCTION\_VFX_ELEMENTS\3D Models\3Ds Max 500 Models And Textures\500_Modeles_HQ+Textures_FR_ZIP_by_SRC.powaa\DATA\PUBWORKS\CARTEL\CARTEL01.jpg,,,,,,
CONO,.jpg,1,3,3,0,451030,440.5 KB,S:\_POST_PRODUCTION\_VFX_ELEMENTS\3D Models\3Ds Max 500 Models And Textures\500_Modeles_HQ+Textures_FR_ZIP_by_SRC.powaa\DATA\PUBWORKS\CONO,S:\_POST_PRODUCTION\_VFX_ELEMENTS\3D Models\3Ds Max 500 Models And Textures\500_Modeles_HQ+Textures_FR_ZIP_by_SRC.powaa\DATA\PUBWORKS\CONO\CONO_01.jpg,,,,,,
FAROLA,.jpg,1,3,3,0,423657,413.7 KB,S:\_POST_PRODUCTION\_VFX_ELEMENTS\3D Models\3Ds Max 500 Models And Textures\500_Modeles_HQ+Textures_FR_ZIP_by_SRC.powaa\DATA\PUBWORKS\FAROLA,S:\_POST_PRODUCTION\_VFX_ELEMENTS\3D Models\3Ds Max 500 Models And Textures\500_Modeles_HQ+Textures_FR_ZIP_by_SRC.powaa\DATA\PUBWORKS\FAROLA\FAROLA01.jpg,,,,,,
GASOL,.jpg,1,3,3,0,510428,498.5 KB,S:\_POST_PRODUCTION\_VFX_ELEMENTS\3D Models\3Ds Max 500 Models And Textures\500_Modeles_HQ+Textures_FR_ZIP_by_SRC.powaa\DATA\PUBWORKS\GASOL,S:\_POST_PRODUCTION\_VFX_ELEMENTS\3D Models\3Ds Max 500 Models And Textures\500_Modeles_HQ+Textures_FR_ZIP_by_SRC.powaa\DATA\PUBWORKS\GASOL\GASOL_01.jpg,,,,,,
HELMET,.jpg,1,3,3,0,531591,519.1 KB,S:\_POST_PRODUCTION\_VFX_ELEMENTS\3D Models\3Ds Max 500 Models And Textures\500_Modeles_HQ+Textures_FR_ZIP_by_SRC.powaa\DATA\PUBWORKS\HELMET,S:\_POST_PRODUCTION\_VFX_ELEMENTS\3D Models\3Ds Max 500 Models And Textures\500_Modeles_HQ+Textures_FR_ZIP_by_SRC.powaa\DATA\PUBWORKS\HELMET\HELMET01.jpg,,,,,,
INDI1,.jpg,1,3,3,0,557418,544.4 KB,S:\_POST_PRODUCTION\_VFX_ELEMENTS\3D Models\3Ds Max 500 Models And Textures\500_Modeles_HQ+Textures_FR_ZIP_by_SRC.powaa\DATA\PUBWORKS\INDI1,S:\_POST_PRODUCTION\_VFX_ELEMENTS\3D Models\3Ds Max 500 Models And Textures\500_Modeles_HQ+Textures_FR_ZIP_by_SRC.powaa\DATA\PUBWORKS\INDI1\INDI1_01.jpg,,,,,,
INDICA,.jpg,1,3,3,0,504403,492.6 KB,S:\_POST_PRODUCTION\_VFX_ELEMENTS\3D Models\3Ds Max 500 Models And Textures\500_Modeles_HQ+Textures_FR_ZIP_by_SRC.powaa\DATA\PUBWORKS\INDICA,S:\_POST_PRODUCTION\_VFX_ELEMENTS\3D Models\3Ds Max 500 Models And Textures\500_Modeles_HQ+Textures_FR_ZIP_by_SRC.powaa\DATA\PUBWORKS\INDICA\INDICA01.jpg,,,,,,
ITV,.jpg,1,3,3,0,524459,512.2 KB,S:\_POST_PRODUCTION\_VFX_ELEMENTS\3D Models\3Ds Max 500 Models And Textures\500_Modeles_HQ+Textures_FR_ZIP_by_SRC.powaa\DATA\PUBWORKS\ITV,S:\_POST_PRODUCTION\_VFX_ELEMENTS\3D Models\3Ds Max 500 Models And Textures\500_Modeles_HQ+Textures_FR_ZIP_by_SRC.powaa\DATA\PUBWORKS\ITV\ITV_01.jpg,,,,,,
KNMARK,.jpg,1,3,3,0,489213,477.7 KB,S:\_POST_PRODUCTION\_VFX_ELEMENTS\3D Models\3Ds Max 500 Models And Textures\500_Modeles_HQ+Textures_FR_ZIP_by_SRC.powaa\DATA\PUBWORKS\KNMARK,S:\_POST_PRODUCTION\_VFX_ELEMENTS\3D Models\3Ds Max 500 Models And Textures\500_Modeles_HQ+Textures_FR_ZIP_by_SRC.powaa\DATA\PUBWORKS\KNMARK\KNMARK01.jpg,,,,,,
LIMIT,.jpg,1,3,3,0,452452,441.8 KB,S:\_POST_PRODUCTION\_VFX_ELEMENTS\3D Models\3Ds Max 500 Models And Textures\500_Modeles_HQ+Textures_FR_ZIP_by_SRC.powaa\DATA\PUBWORKS\LIMIT70,S:\_POST_PRODUCTION\_VFX_ELEMENTS\3D Models\3Ds Max 500 Models And Textures\500_Modeles_HQ+Textures_FR_ZIP_by_SRC.powaa\DATA\PUBWORKS\LIMIT70\LIMIT_01.jpg,,,,,,
LUMINO,.jpg,1,3,3,0,425661,415.7 KB,S:\_POST_PRODUCTION\_VFX_ELEMENTS\3D Models\3Ds Max 500 Models And Textures\500_Modeles_HQ+Textures_FR_ZIP_by_SRC.powaa\DATA\PUBWORKS\LUMINOSO,S:\_POST_PRODUCTION\_VFX_ELEMENTS\3D Models\3Ds Max 500 Models And Textures\500_Modeles_HQ+Textures_FR_ZIP_by_SRC.powaa\DATA\PUBWORKS\LUMINOSO\LUMINO01.jpg,,,,,,
MEDSIG,.jpg,1,3,3,0,607837,593.6 KB,S:\_POST_PRODUCTION\_VFX_ELEMENTS\3D Models\3Ds Max 500 Models And Textures\500_Modeles_HQ+Textures_FR_ZIP_by_SRC.powaa\DATA\PUBWORKS\MEDSIGN,S:\_POST_PRODUCTION\_VFX_ELEMENTS\3D Models\3Ds Max 500 Models And Textures\500_Modeles_HQ+Textures_FR_ZIP_by_SRC.powaa\DATA\PUBWORKS\MEDSIGN\MEDSIG01.jpg,,,,,,
MEDSI,.jpg,201,203,3,0,655411,640.0 KB,S:\_POST_PRODUCTION\_VFX_ELEMENTS\3D Models\3Ds Max 500 Models And Textures\500_Modeles_HQ+Textures_FR_ZIP_by_SRC.powaa\DATA\PUBWORKS\MEDSIGN2,S:\_POST_PRODUCTION\_VFX_ELEMENTS\3D Models\3Ds Max 500 Models And Textures\500_Modeles_HQ+Textures_FR_ZIP_by_SRC.powaa\DATA\PUBWORKS\MEDSIGN2\MEDSI201.jpg,,,,,,
PANELW,.jpg,1,3,3,0,469642,458.6 KB,S:\_POST_PRODUCTION\_VFX_ELEMENTS\3D Models\3Ds Max 500 Models And Textures\500_Modeles_HQ+Textures_FR_ZIP_by_SRC.powaa\DATA\PUBWORKS\PANELWC,S:\_POST_PRODUCTION\_VFX_ELEMENTS\3D Models\3Ds Max 500 Models And Textures\500_Modeles_HQ+Textures_FR_ZIP_by_SRC.powaa\DATA\PUBWORKS\PANELWC\PANELW01.jpg,,,,,,
PAN_AS,.jpg,1,3,3,0,498540,486.9 KB,S:\_POST_PRODUCTION\_VFX_ELEMENTS\3D Models\3Ds Max 500 Models And Textures\500_Modeles_HQ+Textures_FR_ZIP_by_SRC.powaa\DATA\PUBWORKS\PAN_ASPI,S:\_POST_PRODUCTION\_VFX_ELEMENTS\3D Models\3Ds Max 500 Models And Textures\500_Modeles_HQ+Textures_FR_ZIP_by_SRC.powaa\DATA\PUBWORKS\PAN_ASPI\PAN_AS01.jpg,,,,,,
PAN_PT,.jpg,1,3,3,0,550870,538.0 KB,S:\_POST_PRODUCTION\_VFX_ELEMENTS\3D Models\3Ds Max 500 Models And Textures\500_Modeles_HQ+Textures_FR_ZIP_by_SRC.powaa\DATA\PUBWORKS\PAN_PTS,S:\_POST_PRODUCTION\_VFX_ELEMENTS\3D Models\3Ds Max 500 Models And Textures\500_Modeles_HQ+Textures_FR_ZIP_by_SRC.powaa\DATA\PUBWORKS\PAN_PTS\PAN_PT01.jpg,,,,,,
PARK,.jpg,1,3,3,0,490998,479.5 KB,S:\_POST_PRODUCTION\_VFX_ELEMENTS\3D Models\3Ds Max 500 Models And Textures\500_Modeles_HQ+Textures_FR_ZIP_by_SRC.powaa\DATA\PUBWORKS\PARK,S:\_POST_PRODUCTION\_VFX_ELEMENTS\3D Models\3Ds Max 500 Models And Textures\500_Modeles_HQ+Textures_FR_ZIP_by_SRC.powaa\DATA\PUBWORKS\PARK\PARK_01.jpg,,,,,,
PA_A,.jpg,1,3,3,0,553102,540.1 KB,S:\_POST_PRODUCTION\_VFX_ELEMENTS\3D Models\3Ds Max 500 Models And Textures\500_Modeles_HQ+Textures_FR_ZIP_by_SRC.powaa\DATA\PUBWORKS\PA_A_LAV,S:\_POST_PRODUCTION\_VFX_ELEMENTS\3D Models\3Ds Max 500 Models And Textures\500_Modeles_HQ+Textures_FR_ZIP_by_SRC.powaa\DATA\PUBWORKS\PA_A_LAV\PA_A_01.jpg,,,,,,
PA_BIE,.jpg,1,3,3,0,513977,501.9 KB,S:\_POST_PRODUCTION\_VFX_ELEMENTS\3D Models\3Ds Max 500 Models And Textures\500_Modeles_HQ+Textures_FR_ZIP_by_SRC.powaa\DATA\PUBWORKS\PA_BIENV,S:\_POST_PRODUCTION\_VFX_ELEMENTS\3D Models\3Ds Max 500 Models And Textures\500_Modeles_HQ+Textures_FR_ZIP_by_SRC.powaa\DATA\PUBWORKS\PA_BIENV\PA_BIE01.jpg,,,,,,
POST,.jpg,1,3,3,0,435796,425.6 KB,S:\_POST_PRODUCTION\_VFX_ELEMENTS\3D Models\3Ds Max 500 Models And Textures\500_Modeles_HQ+Textures_FR_ZIP_by_SRC.powaa\DATA\PUBWORKS\POST,S:\_POST_PRODUCTION\_VFX_ELEMENTS\3D Models\3Ds Max 500 Models And Textures\500_Modeles_HQ+Textures_FR_ZIP_by_SRC.powaa\DATA\PUBWORKS\POST\POST_01.jpg,,,,,,
PROHIB,.jpg,1,3,3,0,449506,439.0 KB,S:\_POST_PRODUCTION\_VFX_ELEMENTS\3D Models\3Ds Max 500 Models And Textures\500_Modeles_HQ+Textures_FR_ZIP_by_SRC.powaa\DATA\PUBWORKS\PROHIBDO,S:\_POST_PRODUCTION\_VFX_ELEMENTS\3D Models\3Ds Max 500 Models And Textures\500_Modeles_HQ+Textures_FR_ZIP_by_SRC.powaa\DATA\PUBWORKS\PROHIBDO\PROHIB01.jpg,,,,,,
QUITAM,.jpg,1,3,3,0,634047,619.2 KB,S:\_POST_PRODUCTION\_VFX_ELEMENTS\3D Models\3Ds Max 500 Models And Textures\500_Modeles_HQ+Textures_FR_ZIP_by_SRC.powaa\DATA\PUBWORKS\QUITAM,S:\_POST_PRODUCTION\_VFX_ELEMENTS\3D Models\3Ds Max 500 Models And Textures\500_Modeles_HQ+Textures_FR_ZIP_by_SRC.powaa\DATA\PUBWORKS\QUITAM\QUITAM01.jpg,,,,,,
RWCAUT,.jpg,1,3,3,0,478572,467.4 KB,S:\_POST_PRODUCTION\_VFX_ELEMENTS\3D Models\3Ds Max 500 Models And Textures\500_Modeles_HQ+Textures_FR_ZIP_by_SRC.powaa\DATA\PUBWORKS\RWCAUTIO,S:\_POST_PRODUCTION\_VFX_ELEMENTS\3D Models\3Ds Max 500 Models And Textures\500_Modeles_HQ+Textures_FR_ZIP_by_SRC.powaa\DATA\PUBWORKS\RWCAUTIO\RWCAUT01.jpg,,,,,,
RWD11,.jpg,1,3,3,0,586454,572.7 KB,S:\_POST_PRODUCTION\_VFX_ELEMENTS\3D Models\3Ds Max 500 Models And Textures\500_Modeles_HQ+Textures_FR_ZIP_by_SRC.powaa\DATA\PUBWORKS\RWDISK11,S:\_POST_PRODUCTION\_VFX_ELEMENTS\3D Models\3Ds Max 500 Models And Textures\500_Modeles_HQ+Textures_FR_ZIP_by_SRC.powaa\DATA\PUBWORKS\RWDISK11\RWD11_01.jpg,,,,,,
RWD19,.jpg,1,3,3,0,532212,519.7 KB,S:\_POST_PRODUCTION\_VFX_ELEMENTS\3D Models\3Ds Max 500 Models And Textures\500_Modeles_HQ+Textures_FR_ZIP_by_SRC.powaa\DATA\PUBWORKS\RWDISK19,S:\_POST_PRODUCTION\_VFX_ELEMENTS\3D Models\3Ds Max 500 Models And Textures\500_Modeles_HQ+Textures_FR_ZIP_by_SRC.powaa\DATA\PUBWORKS\RWDISK19\RWD19_01.jpg,,,,,,
RWSHOR,.jpg,1,3,3,0,555868,542.8 KB,S:\_POST_PRODUCTION\_VFX_ELEMENTS\3D Models\3Ds Max 500 Models And Textures\500_Modeles_HQ+Textures_FR_ZIP_by_SRC.powaa\DATA\PUBWORKS\RWSHORT,S:\_POST_PRODUCTION\_VFX_ELEMENTS\3D Models\3Ds Max 500 Models And Textures\500_Modeles_HQ+Textures_FR_ZIP_by_SRC.powaa\DATA\PUBWORKS\RWSHORT\RWSHOR01.jpg,,,,,,
RWSQUA,.jpg,1,3,3,0,494904,483.3 KB,S:\_POST_PRODUCTION\_VFX_ELEMENTS\3D Models\3Ds Max 500 Models And Textures\500_Modeles_HQ+Textures_FR_ZIP_by_SRC.powaa\DATA\PUBWORKS\RWSQUAR1,S:\_POST_PRODUCTION\_VFX_ELEMENTS\3D Models\3Ds Max 500 Models And Textures\500_Modeles_HQ+Textures_FR_ZIP_by_SRC.powaa\DATA\PUBWORKS\RWSQUAR1\RWSQUA01.jpg,,,,,,
RWSQ2,.jpg,1,3,3,0,475806,464.7 KB,S:\_POST_PRODUCTION\_VFX_ELEMENTS\3D Models\3Ds Max 500 Models And Textures\500_Modeles_HQ+Textures_FR_ZIP_by_SRC.powaa\DATA\PUBWORKS\RWSQUAR2,S:\_POST_PRODUCTION\_VFX_ELEMENTS\3D Models\3Ds Max 500 Models And Textures\500_Modeles_HQ+Textures_FR_ZIP_by_SRC.powaa\DATA\PUBWORKS\RWSQUAR2\RWSQ2_01.jpg,,,,,,
RWSTOP,.jpg,1,3,3,0,532132,519.7 KB,S:\_POST_PRODUCTION\_VFX_ELEMENTS\3D Models\3Ds Max 500 Models And Textures\500_Modeles_HQ+Textures_FR_ZIP_by_SRC.powaa\DATA\PUBWORKS\RWSTOP,S:\_POST_PRODUCTION\_VFX_ELEMENTS\3D Models\3Ds Max 500 Models And Textures\500_Modeles_HQ+Textures_FR_ZIP_by_SRC.powaa\DATA\PUBWORKS\RWSTOP\RWSTOP01.jpg,,,,,,
SERVC,.jpg,1,3,3,0,536765,524.2 KB,S:\_POST_PRODUCTION\_VFX_ELEMENTS\3D Models\3Ds Max 500 Models And Textures\500_Modeles_HQ+Textures_FR_ZIP_by_SRC.powaa\DATA\PUBWORKS\SERVC,S:\_POST_PRODUCTION\_VFX_ELEMENTS\3D Models\3Ds Max 500 Models And Textures\500_Modeles_HQ+Textures_FR_ZIP_by_SRC.powaa\DATA\PUBWORKS\SERVC\SERVC_01.jpg,,,,,,
SHELTE,.jpg,1,3,3,0,586433,572.7 KB,S:\_POST_PRODUCTION\_VFX_ELEMENTS\3D Models\3Ds Max 500 Models And Textures\500_Modeles_HQ+Textures_FR_ZIP_by_SRC.powaa\DATA\PUBWORKS\SHELTER,S:\_POST_PRODUCTION\_VFX_ELEMENTS\3D Models\3Ds Max 500 Models And Textures\500_Modeles_HQ+Textures_FR_ZIP_by_SRC.powaa\DATA\PUBWORKS\SHELTER\SHELTE01.jpg,,,,,,
STOP,.jpg,1,3,3,0,463780,452.9 KB,S:\_POST_PRODUCTION\_VFX_ELEMENTS\3D Models\3Ds Max 500 Models And Textures\500_Modeles_HQ+Textures_FR_ZIP_by_SRC.powaa\DATA\PUBWORKS\STOP,S:\_POST_PRODUCTION\_VFX_ELEMENTS\3D Models\3Ds Max 500 Models And Textures\500_Modeles_HQ+Textures_FR_ZIP_by_SRC.powaa\DATA\PUBWORKS\STOP\STOP_01.jpg,,,,,,
SWITCH,.jpg,1,3,3,0,671483,655.7 KB,S:\_POST_PRODUCTION\_VFX_ELEMENTS\3D Models\3Ds Max 500 Models And Textures\500_Modeles_HQ+Textures_FR_ZIP_by_SRC.powaa\DATA\PUBWORKS\SWITCHES,S:\_POST_PRODUCTION\_VFX_ELEMENTS\3D Models\3Ds Max 500 Models And Textures\500_Modeles_HQ+Textures_FR_ZIP_by_SRC.powaa\DATA\PUBWORKS\SWITCHES\SWITCH01.jpg,,,,,,
SWITSI,.jpg,1,3,3,0,672978,657.2 KB,S:\_POST_PRODUCTION\_VFX_ELEMENTS\3D Models\3Ds Max 500 Models And Textures\500_Modeles_HQ+Textures_FR_ZIP_by_SRC.powaa\DATA\PUBWORKS\SWITCHSI,S:\_POST_PRODUCTION\_VFX_ELEMENTS\3D Models\3Ds Max 500 Models And Textures\500_Modeles_HQ+Textures_FR_ZIP_by_SRC.powaa\DATA\PUBWORKS\SWITCHSI\SWITSI01.jpg,,,,,,
VALLA,.jpg,1,3,3,0,494420,482.8 KB,S:\_POST_PRODUCTION\_VFX_ELEMENTS\3D Models\3Ds Max 500 Models And Textures\500_Modeles_HQ+Textures_FR_ZIP_by_SRC.powaa\DATA\PUBWORKS\VALLA,S:\_POST_PRODUCTION\_VFX_ELEMENTS\3D Models\3Ds Max 500 Models And Textures\500_Modeles_HQ+Textures_FR_ZIP_by_SRC.powaa\DATA\PUBWORKS\VALLA\VALLA_01.jpg,,,,,,
VALLA,.jpg,201,203,3,0,819331,800.1 KB,S:\_POST_PRODUCTION\_VFX_ELEMENTS\3D Models\3Ds Max 500 Models And Textures\500_Modeles_HQ+Textures_FR_ZIP_by_SRC.powaa\DATA\PUBWORKS\VALLA2,S:\_POST_PRODUCTION\_VFX_ELEMENTS\3D Models\3Ds Max 500 Models And Textures\500_Modeles_HQ+Textures_FR_ZIP_by_SRC.powaa\DATA\PUBWORKS\VALLA2\VALLA201.jpg,,,,,,
VALLAP,.jpg,1,3,3,0,721530,704.6 KB,S:\_POST_PRODUCTION\_VFX_ELEMENTS\3D Models\3Ds Max 500 Models And Textures\500_Modeles_HQ+Textures_FR_ZIP_by_SRC.powaa\DATA\PUBWORKS\VALLAP,S:\_POST_PRODUCTION\_VFX_ELEMENTS\3D Models\3Ds Max 500 Models And Textures\500_Modeles_HQ+Textures_FR_ZIP_by_SRC.powaa\DATA\PUBWORKS\VALLAP\VALLAP01.jpg,,,,,,
ADVKNI,.jpg,1,3,3,0,542897,530.2 KB,S:\_POST_PRODUCTION\_VFX_ELEMENTS\3D Models\3Ds Max 500 Models And Textures\500_Modeles_HQ+Textures_FR_ZIP_by_SRC.powaa\DATA\TOOLS\ADVKNIFE,S:\_POST_PRODUCTION\_VFX_ELEMENTS\3D Models\3Ds Max 500 Models And Textures\500_Modeles_HQ+Textures_FR_ZIP_by_SRC.powaa\DATA\TOOLS\ADVKNIFE\ADVKNI01.jpg,,,,,,
AIRE,.jpg,1,3,3,0,503031,491.2 KB,S:\_POST_PRODUCTION\_VFX_ELEMENTS\3D Models\3Ds Max 500 Models And Textures\500_Modeles_HQ+Textures_FR_ZIP_by_SRC.powaa\DATA\TOOLS\AIRE,S:\_POST_PRODUCTION\_VFX_ELEMENTS\3D Models\3Ds Max 500 Models And Textures\500_Modeles_HQ+Textures_FR_ZIP_by_SRC.powaa\DATA\TOOLS\AIRE\AIRE_01.jpg,,,,,,
ANEMOM,.jpg,1,3,3,0,749017,731.5 KB,S:\_POST_PRODUCTION\_VFX_ELEMENTS\3D Models\3Ds Max 500 Models And Textures\500_Modeles_HQ+Textures_FR_ZIP_by_SRC.powaa\DATA\TOOLS\ANEMOM,S:\_POST_PRODUCTION\_VFX_ELEMENTS\3D Models\3Ds Max 500 Models And Textures\500_Modeles_HQ+Textures_FR_ZIP_by_SRC.powaa\DATA\TOOLS\ANEMOM\ANEMOM01.jpg,,,,,,
APER1,.jpg,1,3,3,0,829915,810.5 KB,S:\_POST_PRODUCTION\_VFX_ELEMENTS\3D Models\3Ds Max 500 Models And Textures\500_Modeles_HQ+Textures_FR_ZIP_by_SRC.powaa\DATA\TOOLS\APER1,S:\_POST_PRODUCTION\_VFX_ELEMENTS\3D Models\3Ds Max 500 Models And Textures\500_Modeles_HQ+Textures_FR_ZIP_by_SRC.powaa\DATA\TOOLS\APER1\APER1_01.jpg,,,,,,
APER3,.jpg,1,3,3,0,498164,486.5 KB,S:\_POST_PRODUCTION\_VFX_ELEMENTS\3D Models\3Ds Max 500 Models And Textures\500_Modeles_HQ+Textures_FR_ZIP_by_SRC.powaa\DATA\TOOLS\APER3,S:\_POST_PRODUCTION\_VFX_ELEMENTS\3D Models\3Ds Max 500 Models And Textures\500_Modeles_HQ+Textures_FR_ZIP_by_SRC.powaa\DATA\TOOLS\APER3\APER3_01.jpg,,,,,,
BALANC,.jpg,1,2,2,0,777424,759.2 KB,S:\_POST_PRODUCTION\_VFX_ELEMENTS\3D Models\3Ds Max 500 Models And Textures\500_Modeles_HQ+Textures_FR_ZIP_by_SRC.powaa\DATA\TOOLS\BALANCE,S:\_POST_PRODUCTION\_VFX_ELEMENTS\3D Models\3Ds Max 500 Models And Textures\500_Modeles_HQ+Textures_FR_ZIP_by_SRC.powaa\DATA\TOOLS\BALANCE\BALANC01.jpg,,,,,,
BALISO,.jpg,1,3,3,0,559744,546.6 KB,S:\_POST_PRODUCTION\_VFX_ELEMENTS\3D Models\3Ds Max 500 Models And Textures\500_Modeles_HQ+Textures_FR_ZIP_by_SRC.powaa\DATA\TOOLS\BALISONG,S:\_POST_PRODUCTION\_VFX_ELEMENTS\3D Models\3Ds Max 500 Models And Textures\500_Modeles_HQ+Textures_FR_ZIP_by_SRC.powaa\DATA\TOOLS\BALISONG\BALISO01.jpg,,,,,,
CALIPE,.jpg,1,3,3,0,838620,819.0 KB,S:\_POST_PRODUCTION\_VFX_ELEMENTS\3D Models\3Ds Max 500 Models And Textures\500_Modeles_HQ+Textures_FR_ZIP_by_SRC.powaa\DATA\TOOLS\CALIPER,S:\_POST_PRODUCTION\_VFX_ELEMENTS\3D Models\3Ds Max 500 Models And Textures\500_Modeles_HQ+Textures_FR_ZIP_by_SRC.powaa\DATA\TOOLS\CALIPER\CALIPE01.jpg,,,,,,
D9007C,.jpg,1,2,2,0,15241,14.9 KB,S:\_POST_PRODUCTION\_VFX_ELEMENTS\3D Models\3Ds Max 500 Models And Textures\500_Modeles_HQ+Textures_FR_ZIP_by_SRC.powaa\DATA\TOOLS\CALIPER\CALIPER,S:\_POST_PRODUCTION\_VFX_ELEMENTS\3D Models\3Ds Max 500 Models And Textures\500_Modeles_HQ+Textures_FR_ZIP_by_SRC.powaa\DATA\TOOLS\CALIPER\CALIPER\D9007C01.JPG,,,,,,
CHAPER,.jpg,1,3,3,0,547004,534.2 KB,S:\_POST_PRODUCTION\_VFX_ELEMENTS\3D Models\3Ds Max 500 Models And Textures\500_Modeles_HQ+Textures_FR_ZIP_by_SRC.powaa\DATA\TOOLS\CHAPERON,S:\_POST_PRODUCTION\_VFX_ELEMENTS\3D Models\3Ds Max 500 Models And Textures\500_Modeles_HQ+Textures_FR_ZIP_by_SRC.powaa\DATA\TOOLS\CHAPERON\CHAPER01.jpg,,,,,,
CORKSC,.jpg,1,3,3,0,664844,649.3 KB,S:\_POST_PRODUCTION\_VFX_ELEMENTS\3D Models\3Ds Max 500 Models And Textures\500_Modeles_HQ+Textures_FR_ZIP_by_SRC.powaa\DATA\TOOLS\CORKSCRE,S:\_POST_PRODUCTION\_VFX_ELEMENTS\3D Models\3Ds Max 500 Models And Textures\500_Modeles_HQ+Textures_FR_ZIP_by_SRC.powaa\DATA\TOOLS\CORKSCRE\CORKSC01.jpg,,,,,,
CUTEDI,.jpg,1,3,3,0,504272,492.5 KB,S:\_POST_PRODUCTION\_VFX_ELEMENTS\3D Models\3Ds Max 500 Models And Textures\500_Modeles_HQ+Textures_FR_ZIP_by_SRC.powaa\DATA\TOOLS\CUTEDIT,S:\_POST_PRODUCTION\_VFX_ELEMENTS\3D Models\3Ds Max 500 Models And Textures\500_Modeles_HQ+Textures_FR_ZIP_by_SRC.powaa\DATA\TOOLS\CUTEDIT\CUTEDI01.jpg,,,,,,
CUTTER,.jpg,1,3,3,0,619709,605.2 KB,S:\_POST_PRODUCTION\_VFX_ELEMENTS\3D Models\3Ds Max 500 Models And Textures\500_Modeles_HQ+Textures_FR_ZIP_by_SRC.powaa\DATA\TOOLS\CUTTER,S:\_POST_PRODUCTION\_VFX_ELEMENTS\3D Models\3Ds Max 500 Models And Textures\500_Modeles_HQ+Textures_FR_ZIP_by_SRC.powaa\DATA\TOOLS\CUTTER\CUTTER01.jpg,,,,,,
HAMMER,.jpg,1,3,3,0,544842,532.1 KB,S:\_POST_PRODUCTION\_VFX_ELEMENTS\3D Models\3Ds Max 500 Models And Textures\500_Modeles_HQ+Textures_FR_ZIP_by_SRC.powaa\DATA\TOOLS\HAMMER,S:\_POST_PRODUCTION\_VFX_ELEMENTS\3D Models\3Ds Max 500 Models And Textures\500_Modeles_HQ+Textures_FR_ZIP_by_SRC.powaa\DATA\TOOLS\HAMMER\HAMMER01.jpg,,,,,,
LIGHTE,.jpg,1,3,3,0,1488651,1.4 MB,S:\_POST_PRODUCTION\_VFX_ELEMENTS\3D Models\3Ds Max 500 Models And Textures\500_Modeles_HQ+Textures_FR_ZIP_by_SRC.powaa\DATA\TOOLS\LIGHTER,S:\_POST_PRODUCTION\_VFX_ELEMENTS\3D Models\3Ds Max 500 Models And Textures\500_Modeles_HQ+Textures_FR_ZIP_by_SRC.powaa\DATA\TOOLS\LIGHTER\LIGHTE01.jpg,,,,,,
PHILLI,.jpg,1,3,3,0,530520,518.1 KB,S:\_POST_PRODUCTION\_VFX_ELEMENTS\3D Models\3Ds Max 500 Models And Textures\500_Modeles_HQ+Textures_FR_ZIP_by_SRC.powaa\DATA\TOOLS\PHILLIPS,S:\_POST_PRODUCTION\_VFX_ELEMENTS\3D Models\3Ds Max 500 Models And Textures\500_Modeles_HQ+Textures_FR_ZIP_by_SRC.powaa\DATA\TOOLS\PHILLIPS\PHILLI01.jpg,,,,,,
PRESS,.jpg,1,3,3,0,688592,672.5 KB,S:\_POST_PRODUCTION\_VFX_ELEMENTS\3D Models\3Ds Max 500 Models And Textures\500_Modeles_HQ+Textures_FR_ZIP_by_SRC.powaa\DATA\TOOLS\PRESS,S:\_POST_PRODUCTION\_VFX_ELEMENTS\3D Models\3Ds Max 500 Models And Textures\500_Modeles_HQ+Textures_FR_ZIP_by_SRC.powaa\DATA\TOOLS\PRESS\PRESS_01.jpg,,,,,,
RANGER,.jpg,1,3,3,0,577162,563.6 KB,S:\_POST_PRODUCTION\_VFX_ELEMENTS\3D Models\3Ds Max 500 Models And Textures\500_Modeles_HQ+Textures_FR_ZIP_by_SRC.powaa\DATA\TOOLS\RANGER,S:\_POST_PRODUCTION\_VFX_ELEMENTS\3D Models\3Ds Max 500 Models And Textures\500_Modeles_HQ+Textures_FR_ZIP_by_SRC.powaa\DATA\TOOLS\RANGER\RANGER01.jpg,,,,,,
ROBSCR,.jpg,1,3,3,0,514578,502.5 KB,S:\_POST_PRODUCTION\_VFX_ELEMENTS\3D Models\3Ds Max 500 Models And Textures\500_Modeles_HQ+Textures_FR_ZIP_by_SRC.powaa\DATA\TOOLS\ROBSCREW,S:\_POST_PRODUCTION\_VFX_ELEMENTS\3D Models\3Ds Max 500 Models And Textures\500_Modeles_HQ+Textures_FR_ZIP_by_SRC.powaa\DATA\TOOLS\ROBSCREW\ROBSCR01.jpg,,,,,,
SCREWD,.jpg,1,3,3,0,521134,508.9 KB,S:\_POST_PRODUCTION\_VFX_ELEMENTS\3D Models\3Ds Max 500 Models And Textures\500_Modeles_HQ+Textures_FR_ZIP_by_SRC.powaa\DATA\TOOLS\SCREWDRI,S:\_POST_PRODUCTION\_VFX_ELEMENTS\3D Models\3Ds Max 500 Models And Textures\500_Modeles_HQ+Textures_FR_ZIP_by_SRC.powaa\DATA\TOOLS\SCREWDRI\SCREWD01.jpg,,,,,,
SILVER,.jpg,1,3,3,0,694976,678.7 KB,S:\_POST_PRODUCTION\_VFX_ELEMENTS\3D Models\3Ds Max 500 Models And Textures\500_Modeles_HQ+Textures_FR_ZIP_by_SRC.powaa\DATA\TOOLS\SILVERWA,S:\_POST_PRODUCTION\_VFX_ELEMENTS\3D Models\3Ds Max 500 Models And Textures\500_Modeles_HQ+Textures_FR_ZIP_by_SRC.powaa\DATA\TOOLS\SILVERWA\SILVER01.jpg,,,,,,
SYRING,.jpg,1,3,3,0,604767,590.6 KB,S:\_POST_PRODUCTION\_VFX_ELEMENTS\3D Models\3Ds Max 500 Models And Textures\500_Modeles_HQ+Textures_FR_ZIP_by_SRC.powaa\DATA\TOOLS\SYRINGE,S:\_POST_PRODUCTION\_VFX_ELEMENTS\3D Models\3Ds Max 500 Models And Textures\500_Modeles_HQ+Textures_FR_ZIP_by_SRC.powaa\DATA\TOOLS\SYRINGE\SYRING01.jpg,,,,,,
THACHU,.jpg,1,3,3,0,525710,513.4 KB,S:\_POST_PRODUCTION\_VFX_ELEMENTS\3D Models\3Ds Max 500 Models And Textures\500_Modeles_HQ+Textures_FR_ZIP_by_SRC.powaa\DATA\TOOLS\THACHUEL,S:\_POST_PRODUCTION\_VFX_ELEMENTS\3D Models\3Ds Max 500 Models And Textures\500_Modeles_HQ+Textures_FR_ZIP_by_SRC.powaa\DATA\TOOLS\THACHUEL\THACHU01.jpg,,,,,,
TMARCA,.jpg,1,3,3,0,606214,592.0 KB,S:\_POST_PRODUCTION\_VFX_ELEMENTS\3D Models\3Ds Max 500 Models And Textures\500_Modeles_HQ+Textures_FR_ZIP_by_SRC.powaa\DATA\TOOLS\TMARCAB,S:\_POST_PRODUCTION\_VFX_ELEMENTS\3D Models\3Ds Max 500 Models And Textures\500_Modeles_HQ+Textures_FR_ZIP_by_SRC.powaa\DATA\TOOLS\TMARCAB\TMARCA01.jpg,,,,,,
2_6_4,.jpg,1,3,3,0,826129,806.8 KB,S:\_POST_PRODUCTION\_VFX_ELEMENTS\3D Models\3Ds Max 500 Models And Textures\500_Modeles_HQ+Textures_FR_ZIP_by_SRC.powaa\DATA\TRAINS\2_6_4,S:\_POST_PRODUCTION\_VFX_ELEMENTS\3D Models\3Ds Max 500 Models And Textures\500_Modeles_HQ+Textures_FR_ZIP_by_SRC.powaa\DATA\TRAINS\2_6_4\2_6_4_01.jpg,,,,,,
AVEENG,.jpg,1,3,3,0,690564,674.4 KB,S:\_POST_PRODUCTION\_VFX_ELEMENTS\3D Models\3Ds Max 500 Models And Textures\500_Modeles_HQ+Textures_FR_ZIP_by_SRC.powaa\DATA\TRAINS\AVEENG,S:\_POST_PRODUCTION\_VFX_ELEMENTS\3D Models\3Ds Max 500 Models And Textures\500_Modeles_HQ+Textures_FR_ZIP_by_SRC.powaa\DATA\TRAINS\AVEENG\AVEENG01.jpg,,,,,,
BOXCAR,.jpg,1,3,3,0,731326,714.2 KB,S:\_POST_PRODUCTION\_VFX_ELEMENTS\3D Models\3Ds Max 500 Models And Textures\500_Modeles_HQ+Textures_FR_ZIP_by_SRC.powaa\DATA\TRAINS\BOXCAR,S:\_POST_PRODUCTION\_VFX_ELEMENTS\3D Models\3Ds Max 500 Models And Textures\500_Modeles_HQ+Textures_FR_ZIP_by_SRC.powaa\DATA\TRAINS\BOXCAR\BOXCAR01.jpg,,,,,,
EMDSD,.jpg,401,403,3,0,782178,763.8 KB,S:\_POST_PRODUCTION\_VFX_ELEMENTS\3D Models\3Ds Max 500 Models And Textures\500_Modeles_HQ+Textures_FR_ZIP_by_SRC.powaa\DATA\TRAINS\EMDSD40,S:\_POST_PRODUCTION\_VFX_ELEMENTS\3D Models\3Ds Max 500 Models And Textures\500_Modeles_HQ+Textures_FR_ZIP_by_SRC.powaa\DATA\TRAINS\EMDSD40\EMDSD401.jpg,,,,,,
GALPT,.jpg,1,3,3,0,742062,724.7 KB,S:\_POST_PRODUCTION\_VFX_ELEMENTS\3D Models\3Ds Max 500 Models And Textures\500_Modeles_HQ+Textures_FR_ZIP_by_SRC.powaa\DATA\TRAINS\GALPT,S:\_POST_PRODUCTION\_VFX_ELEMENTS\3D Models\3Ds Max 500 Models And Textures\500_Modeles_HQ+Textures_FR_ZIP_by_SRC.powaa\DATA\TRAINS\GALPT\GALPT_01.jpg,,,,,,
GOODSV,.jpg,1,3,3,0,624170,609.5 KB,S:\_POST_PRODUCTION\_VFX_ELEMENTS\3D Models\3Ds Max 500 Models And Textures\500_Modeles_HQ+Textures_FR_ZIP_by_SRC.powaa\DATA\TRAINS\GOODSVAN,S:\_POST_PRODUCTION\_VFX_ELEMENTS\3D Models\3Ds Max 500 Models And Textures\500_Modeles_HQ+Textures_FR_ZIP_by_SRC.powaa\DATA\TRAINS\GOODSVAN\GOODSV01.jpg,,,,,,
PSTWG,.jpg,1,3,3,0,766592,748.6 KB,S:\_POST_PRODUCTION\_VFX_ELEMENTS\3D Models\3Ds Max 500 Models And Textures\500_Modeles_HQ+Textures_FR_ZIP_by_SRC.powaa\DATA\TRAINS\PSTWG,S:\_POST_PRODUCTION\_VFX_ELEMENTS\3D Models\3Ds Max 500 Models And Textures\500_Modeles_HQ+Textures_FR_ZIP_by_SRC.powaa\DATA\TRAINS\PSTWG\PSTWG_01.jpg,,,,,,
THEGE,.jpg,1,3,3,0,831024,811.5 KB,S:\_POST_PRODUCTION\_VFX_ELEMENTS\3D Models\3Ds Max 500 Models And Textures\500_Modeles_HQ+Textures_FR_ZIP_by_SRC.powaa\DATA\TRAINS\THEGE,S:\_POST_PRODUCTION\_VFX_ELEMENTS\3D Models\3Ds Max 500 Models And Textures\500_Modeles_HQ+Textures_FR_ZIP_by_SRC.powaa\DATA\TRAINS\THEGE\THEGE_01.jpg,,,,,,
VLC75,.jpg,1,3,3,0,656086,640.7 KB,S:\_POST_PRODUCTION\_VFX_ELEMENTS\3D Models\3Ds Max 500 Models And Textures\500_Modeles_HQ+Textures_FR_ZIP_by_SRC.powaa\DATA\TRAINS\VLC75,S:\_POST_PRODUCTION\_VFX_ELEMENTS\3D Models\3Ds Max 500 Models And Textures\500_Modeles_HQ+Textures_FR_ZIP_by_SRC.powaa\DATA\TRAINS\VLC75\VLC75_01.jpg,,,,,,
WAGC,.jpg,1,3,3,0,711423,694.7 KB,S:\_POST_PRODUCTION\_VFX_ELEMENTS\3D Models\3Ds Max 500 Models And Textures\500_Modeles_HQ+Textures_FR_ZIP_by_SRC.powaa\DATA\TRAINS\WAGC,S:\_POST_PRODUCTION\_VFX_ELEMENTS\3D Models\3Ds Max 500 Models And Textures\500_Modeles_HQ+Textures_FR_ZIP_by_SRC.powaa\DATA\TRAINS\WAGC\WAGC_01.jpg,,,,,,
ARM_EL,.jpg,1,3,3,0,768970,750.9 KB,S:\_POST_PRODUCTION\_VFX_ELEMENTS\3D Models\3Ds Max 500 Models And Textures\500_Modeles_HQ+Textures_FR_ZIP_by_SRC.powaa\DATA\TRUCKS\ARM_ELE,S:\_POST_PRODUCTION\_VFX_ELEMENTS\3D Models\3Ds Max 500 Models And Textures\500_Modeles_HQ+Textures_FR_ZIP_by_SRC.powaa\DATA\TRUCKS\ARM_ELE\ARM_EL01.jpg,,,,,,
BLITZ,.jpg,1,3,3,0,659181,643.7 KB,S:\_POST_PRODUCTION\_VFX_ELEMENTS\3D Models\3Ds Max 500 Models And Textures\500_Modeles_HQ+Textures_FR_ZIP_by_SRC.powaa\DATA\TRUCKS\BLITZ,S:\_POST_PRODUCTION\_VFX_ELEMENTS\3D Models\3Ds Max 500 Models And Textures\500_Modeles_HQ+Textures_FR_ZIP_by_SRC.powaa\DATA\TRUCKS\BLITZ\BLITZ_01.jpg,,,,,,
BUSAEC,.jpg,1,3,3,0,833900,814.4 KB,S:\_POST_PRODUCTION\_VFX_ELEMENTS\3D Models\3Ds Max 500 Models And Textures\500_Modeles_HQ+Textures_FR_ZIP_by_SRC.powaa\DATA\TRUCKS\BUSAEC,S:\_POST_PRODUCTION\_VFX_ELEMENTS\3D Models\3Ds Max 500 Models And Textures\500_Modeles_HQ+Textures_FR_ZIP_by_SRC.powaa\DATA\TRUCKS\BUSAEC\BUSAEC01.jpg,,,,,,
CHRIST,.jpg,1,3,3,0,951699,929.4 KB,S:\_POST_PRODUCTION\_VFX_ELEMENTS\3D Models\3Ds Max 500 Models And Textures\500_Modeles_HQ+Textures_FR_ZIP_by_SRC.powaa\DATA\TRUCKS\CHRISTIE,S:\_POST_PRODUCTION\_VFX_ELEMENTS\3D Models\3Ds Max 500 Models And Textures\500_Modeles_HQ+Textures_FR_ZIP_by_SRC.powaa\DATA\TRUCKS\CHRISTIE\CHRIST01.jpg,,,,,,
DENNIS,.jpg,1,3,3,0,859814,839.7 KB,S:\_POST_PRODUCTION\_VFX_ELEMENTS\3D Models\3Ds Max 500 Models And Textures\500_Modeles_HQ+Textures_FR_ZIP_by_SRC.powaa\DATA\TRUCKS\DENNIS,S:\_POST_PRODUCTION\_VFX_ELEMENTS\3D Models\3Ds Max 500 Models And Textures\500_Modeles_HQ+Textures_FR_ZIP_by_SRC.powaa\DATA\TRUCKS\DENNIS\DENNIS01.jpg,,,,,,
DUMP,.jpg,1,3,3,0,616422,602.0 KB,S:\_POST_PRODUCTION\_VFX_ELEMENTS\3D Models\3Ds Max 500 Models And Textures\500_Modeles_HQ+Textures_FR_ZIP_by_SRC.powaa\DATA\TRUCKS\DUMP,S:\_POST_PRODUCTION\_VFX_ELEMENTS\3D Models\3Ds Max 500 Models And Textures\500_Modeles_HQ+Textures_FR_ZIP_by_SRC.powaa\DATA\TRUCKS\DUMP\DUMP_01.jpg,,,,,,
EMT,.jpg,1,3,3,0,658385,643.0 KB,S:\_POST_PRODUCTION\_VFX_ELEMENTS\3D Models\3Ds Max 500 Models And Textures\500_Modeles_HQ+Textures_FR_ZIP_by_SRC.powaa\DATA\TRUCKS\EMT,S:\_POST_PRODUCTION\_VFX_ELEMENTS\3D Models\3Ds Max 500 Models And Textures\500_Modeles_HQ+Textures_FR_ZIP_by_SRC.powaa\DATA\TRUCKS\EMT\EMT_01.jpg,,,,,,
JTTRAI,.jpg,1,3,3,0,719876,703.0 KB,S:\_POST_PRODUCTION\_VFX_ELEMENTS\3D Models\3Ds Max 500 Models And Textures\500_Modeles_HQ+Textures_FR_ZIP_by_SRC.powaa\DATA\TRUCKS\JTTRAIL,S:\_POST_PRODUCTION\_VFX_ELEMENTS\3D Models\3Ds Max 500 Models And Textures\500_Modeles_HQ+Textures_FR_ZIP_by_SRC.powaa\DATA\TRUCKS\JTTRAIL\JTTRAI01.jpg,,,,,,
LEYLAN,.jpg,1,3,3,0,677306,661.4 KB,S:\_POST_PRODUCTION\_VFX_ELEMENTS\3D Models\3Ds Max 500 Models And Textures\500_Modeles_HQ+Textures_FR_ZIP_by_SRC.powaa\DATA\TRUCKS\LEYLAND,S:\_POST_PRODUCTION\_VFX_ELEMENTS\3D Models\3Ds Max 500 Models And Textures\500_Modeles_HQ+Textures_FR_ZIP_by_SRC.powaa\DATA\TRUCKS\LEYLAND\LEYLAN01.jpg,,,,,,
MACKR,.jpg,1,3,3,0,768777,750.8 KB,S:\_POST_PRODUCTION\_VFX_ELEMENTS\3D Models\3Ds Max 500 Models And Textures\500_Modeles_HQ+Textures_FR_ZIP_by_SRC.powaa\DATA\TRUCKS\MACKR,S:\_POST_PRODUCTION\_VFX_ELEMENTS\3D Models\3Ds Max 500 Models And Textures\500_Modeles_HQ+Textures_FR_ZIP_by_SRC.powaa\DATA\TRUCKS\MACKR\MACKR_01.jpg,,,,,,
MAGNUM,.jpg,1,3,3,0,633748,618.9 KB,S:\_POST_PRODUCTION\_VFX_ELEMENTS\3D Models\3Ds Max 500 Models And Textures\500_Modeles_HQ+Textures_FR_ZIP_by_SRC.powaa\DATA\TRUCKS\MAGNUM,S:\_POST_PRODUCTION\_VFX_ELEMENTS\3D Models\3Ds Max 500 Models And Textures\500_Modeles_HQ+Textures_FR_ZIP_by_SRC.powaa\DATA\TRUCKS\MAGNUM\MAGNUM01.jpg,,,,,,
MTRAIL,.jpg,1,3,3,0,716859,700.1 KB,S:\_POST_PRODUCTION\_VFX_ELEMENTS\3D Models\3Ds Max 500 Models And Textures\500_Modeles_HQ+Textures_FR_ZIP_by_SRC.powaa\DATA\TRUCKS\MTRAILER,S:\_POST_PRODUCTION\_VFX_ELEMENTS\3D Models\3Ds Max 500 Models And Textures\500_Modeles_HQ+Textures_FR_ZIP_by_SRC.powaa\DATA\TRUCKS\MTRAILER\MTRAIL01.jpg,,,,,,
OMNI,.jpg,1,3,3,0,886817,866.0 KB,S:\_POST_PRODUCTION\_VFX_ELEMENTS\3D Models\3Ds Max 500 Models And Textures\500_Modeles_HQ+Textures_FR_ZIP_by_SRC.powaa\DATA\TRUCKS\OMNI,S:\_POST_PRODUCTION\_VFX_ELEMENTS\3D Models\3Ds Max 500 Models And Textures\500_Modeles_HQ+Textures_FR_ZIP_by_SRC.powaa\DATA\TRUCKS\OMNI\OMNI_01.jpg,,,,,,
OMNTEX,.tif,10,13,4,0,172628,168.6 KB,S:\_POST_PRODUCTION\_VFX_ELEMENTS\3D Models\3Ds Max 500 Models And Textures\500_Modeles_HQ+Textures_FR_ZIP_by_SRC.powaa\DATA\TRUCKS\OMNI\OMNI,S:\_POST_PRODUCTION\_VFX_ELEMENTS\3D Models\3Ds Max 500 Models And Textures\500_Modeles_HQ+Textures_FR_ZIP_by_SRC.powaa\DATA\TRUCKS\OMNI\OMNI\OMNTEX10.TIF,,,,,,
PETERB,.jpg,1,3,3,0,842576,822.8 KB,S:\_POST_PRODUCTION\_VFX_ELEMENTS\3D Models\3Ds Max 500 Models And Textures\500_Modeles_HQ+Textures_FR_ZIP_by_SRC.powaa\DATA\TRUCKS\PETERBIL,S:\_POST_PRODUCTION\_VFX_ELEMENTS\3D Models\3Ds Max 500 Models And Textures\500_Modeles_HQ+Textures_FR_ZIP_by_SRC.powaa\DATA\TRUCKS\PETERBIL\PETERB01.jpg,,,,,,
POMPIE,.jpg,1,3,3,0,865097,844.8 KB,S:\_POST_PRODUCTION\_VFX_ELEMENTS\3D Models\3Ds Max 500 Models And Textures\500_Modeles_HQ+Textures_FR_ZIP_by_SRC.powaa\DATA\TRUCKS\POMPIER,S:\_POST_PRODUCTION\_VFX_ELEMENTS\3D Models\3Ds Max 500 Models And Textures\500_Modeles_HQ+Textures_FR_ZIP_by_SRC.powaa\DATA\TRUCKS\POMPIER\POMPIE01.jpg,,,,,,
PUMPER,.jpg,1,3,3,0,923844,902.2 KB,S:\_POST_PRODUCTION\_VFX_ELEMENTS\3D Models\3Ds Max 500 Models And Textures\500_Modeles_HQ+Textures_FR_ZIP_by_SRC.powaa\DATA\TRUCKS\PUMPER,S:\_POST_PRODUCTION\_VFX_ELEMENTS\3D Models\3Ds Max 500 Models And Textures\500_Modeles_HQ+Textures_FR_ZIP_by_SRC.powaa\DATA\TRUCKS\PUMPER\PUMPER01.jpg,,,,,,
RTN6C,.jpg,1,3,3,0,681815,665.8 KB,S:\_POST_PRODUCTION\_VFX_ELEMENTS\3D Models\3Ds Max 500 Models And Textures\500_Modeles_HQ+Textures_FR_ZIP_by_SRC.powaa\DATA\TRUCKS\RTN6C,S:\_POST_PRODUCTION\_VFX_ELEMENTS\3D Models\3Ds Max 500 Models And Textures\500_Modeles_HQ+Textures_FR_ZIP_by_SRC.powaa\DATA\TRUCKS\RTN6C\RTN6C_01.jpg,,,,,,
SEMI_T,.jpg,1,3,3,0,665962,650.4 KB,S:\_POST_PRODUCTION\_VFX_ELEMENTS\3D Models\3Ds Max 500 Models And Textures\500_Modeles_HQ+Textures_FR_ZIP_by_SRC.powaa\DATA\TRUCKS\SEMI_T,S:\_POST_PRODUCTION\_VFX_ELEMENTS\3D Models\3Ds Max 500 Models And Textures\500_Modeles_HQ+Textures_FR_ZIP_by_SRC.powaa\DATA\TRUCKS\SEMI_T\SEMI_T01.jpg,,,,,,
TRAILE,.jpg,1,3,3,0,799591,780.9 KB,S:\_POST_PRODUCTION\_VFX_ELEMENTS\3D Models\3Ds Max 500 Models And Textures\500_Modeles_HQ+Textures_FR_ZIP_by_SRC.powaa\DATA\TRUCKS\TRAILER2,S:\_POST_PRODUCTION\_VFX_ELEMENTS\3D Models\3Ds Max 500 Models And Textures\500_Modeles_HQ+Textures_FR_ZIP_by_SRC.powaa\DATA\TRUCKS\TRAILER2\TRAILE01.jpg,,,,,,
MAPA,.jpg,1,4,4,0,84349,82.4 KB,S:\_POST_PRODUCTION\_VFX_ELEMENTS\3D Models\3Ds Max 500 Models And Textures\500_Modeles_HQ+Textures_FR_ZIP_by_SRC.powaa\DATA\TRUCKS\TRAILER2\TRAILER2,S:\_POST_PRODUCTION\_VFX_ELEMENTS\3D Models\3Ds Max 500 Models And Textures\500_Modeles_HQ+Textures_FR_ZIP_by_SRC.powaa\DATA\TRUCKS\TRAILER2\TRAILER2\MAPA01.JPG,,,,,,
TRUK,.jpg,1,3,3,0,694705,678.4 KB,S:\_POST_PRODUCTION\_VFX_ELEMENTS\3D Models\3Ds Max 500 Models And Textures\500_Modeles_HQ+Textures_FR_ZIP_by_SRC.powaa\DATA\TRUCKS\TRUK,S:\_POST_PRODUCTION\_VFX_ELEMENTS\3D Models\3Ds Max 500 Models And Textures\500_Modeles_HQ+Textures_FR_ZIP_by_SRC.powaa\DATA\TRUCKS\TRUK\TRUK_01.jpg,,,,,,
TRUKK,.jpg,1,3,3,0,848284,828.4 KB,S:\_POST_PRODUCTION\_VFX_ELEMENTS\3D Models\3Ds Max 500 Models And Textures\500_Modeles_HQ+Textures_FR_ZIP_by_SRC.powaa\DATA\TRUCKS\TRUKK,S:\_POST_PRODUCTION\_VFX_ELEMENTS\3D Models\3Ds Max 500 Models And Textures\500_Modeles_HQ+Textures_FR_ZIP_by_SRC.powaa\DATA\TRUCKS\TRUKK\TRUKK_01.jpg,,,,,,
VOLVOF,.jpg,1,3,3,0,710810,694.2 KB,S:\_POST_PRODUCTION\_VFX_ELEMENTS\3D Models\3Ds Max 500 Models And Textures\500_Modeles_HQ+Textures_FR_ZIP_by_SRC.powaa\DATA\TRUCKS\VOLVOF,S:\_POST_PRODUCTION\_VFX_ELEMENTS\3D Models\3Ds Max 500 Models And Textures\500_Modeles_HQ+Textures_FR_ZIP_by_SRC.powaa\DATA\TRUCKS\VOLVOF\VOLVOF01.jpg,,,,,,
ZIS5,.jpg,1,3,3,0,711322,694.7 KB,S:\_POST_PRODUCTION\_VFX_ELEMENTS\3D Models\3Ds Max 500 Models And Textures\500_Modeles_HQ+Textures_FR_ZIP_by_SRC.powaa\DATA\TRUCKS\ZIS5,S:\_POST_PRODUCTION\_VFX_ELEMENTS\3D Models\3Ds Max 500 Models And Textures\500_Modeles_HQ+Textures_FR_ZIP_by_SRC.powaa\DATA\TRUCKS\ZIS5\ZIS5_01.jpg,,,,,,
ARCH,.jpg,1,3,3,0,813585,794.5 KB,S:\_POST_PRODUCTION\_VFX_ELEMENTS\3D Models\3Ds Max 500 Models And Textures\500_Modeles_HQ+Textures_FR_ZIP_by_SRC.powaa\DATA\URBAN_FU\ARCH,S:\_POST_PRODUCTION\_VFX_ELEMENTS\3D Models\3Ds Max 500 Models And Textures\500_Modeles_HQ+Textures_FR_ZIP_by_SRC.powaa\DATA\URBAN_FU\ARCH\ARCH_01.jpg,,,,,,
ARCO,.jpg,101,103,3,0,948139,925.9 KB,S:\_POST_PRODUCTION\_VFX_ELEMENTS\3D Models\3Ds Max 500 Models And Textures\500_Modeles_HQ+Textures_FR_ZIP_by_SRC.powaa\DATA\URBAN_FU\ARCO_1,S:\_POST_PRODUCTION\_VFX_ELEMENTS\3D Models\3Ds Max 500 Models And Textures\500_Modeles_HQ+Textures_FR_ZIP_by_SRC.powaa\DATA\URBAN_FU\ARCO_1\ARCO_101.jpg,,,,,,
BENCH,.jpg,101,103,3,0,793081,774.5 KB,S:\_POST_PRODUCTION\_VFX_ELEMENTS\3D Models\3Ds Max 500 Models And Textures\500_Modeles_HQ+Textures_FR_ZIP_by_SRC.powaa\DATA\URBAN_FU\BENCH1,S:\_POST_PRODUCTION\_VFX_ELEMENTS\3D Models\3Ds Max 500 Models And Textures\500_Modeles_HQ+Textures_FR_ZIP_by_SRC.powaa\DATA\URBAN_FU\BENCH1\BENCH101.jpg,,,,,,
BENCH,.jpg,201,203,3,0,852216,832.2 KB,S:\_POST_PRODUCTION\_VFX_ELEMENTS\3D Models\3Ds Max 500 Models And Textures\500_Modeles_HQ+Textures_FR_ZIP_by_SRC.powaa\DATA\URBAN_FU\BENCH2,S:\_POST_PRODUCTION\_VFX_ELEMENTS\3D Models\3Ds Max 500 Models And Textures\500_Modeles_HQ+Textures_FR_ZIP_by_SRC.powaa\DATA\URBAN_FU\BENCH2\BENCH201.jpg,,,,,,
BENCH,.jpg,301,303,3,0,675690,659.9 KB,S:\_POST_PRODUCTION\_VFX_ELEMENTS\3D Models\3Ds Max 500 Models And Textures\500_Modeles_HQ+Textures_FR_ZIP_by_SRC.powaa\DATA\URBAN_FU\BENCH3,S:\_POST_PRODUCTION\_VFX_ELEMENTS\3D Models\3Ds Max 500 Models And Textures\500_Modeles_HQ+Textures_FR_ZIP_by_SRC.powaa\DATA\URBAN_FU\BENCH3\BENCH301.jpg,,,,,,
BENCH,.jpg,401,403,3,0,780335,762.0 KB,S:\_POST_PRODUCTION\_VFX_ELEMENTS\3D Models\3Ds Max 500 Models And Textures\500_Modeles_HQ+Textures_FR_ZIP_by_SRC.powaa\DATA\URBAN_FU\BENCH4,S:\_POST_PRODUCTION\_VFX_ELEMENTS\3D Models\3Ds Max 500 Models And Textures\500_Modeles_HQ+Textures_FR_ZIP_by_SRC.powaa\DATA\URBAN_FU\BENCH4\BENCH401.jpg,,,,,,
ICECRE,.jpg,1,3,3,0,667065,651.4 KB,S:\_POST_PRODUCTION\_VFX_ELEMENTS\3D Models\3Ds Max 500 Models And Textures\500_Modeles_HQ+Textures_FR_ZIP_by_SRC.powaa\DATA\URBAN_FU\ICECREAM,S:\_POST_PRODUCTION\_VFX_ELEMENTS\3D Models\3Ds Max 500 Models And Textures\500_Modeles_HQ+Textures_FR_ZIP_by_SRC.powaa\DATA\URBAN_FU\ICECREAM\ICECRE01.jpg,,,,,,
PAPELE,.jpg,1,3,3,0,456956,446.2 KB,S:\_POST_PRODUCTION\_VFX_ELEMENTS\3D Models\3Ds Max 500 Models And Textures\500_Modeles_HQ+Textures_FR_ZIP_by_SRC.powaa\DATA\URBAN_FU\PAPELERA,S:\_POST_PRODUCTION\_VFX_ELEMENTS\3D Models\3Ds Max 500 Models And Textures\500_Modeles_HQ+Textures_FR_ZIP_by_SRC.powaa\DATA\URBAN_FU\PAPELERA\PAPELE01.jpg,,,,,,
PARALE,.jpg,1,3,3,0,582393,568.7 KB,S:\_POST_PRODUCTION\_VFX_ELEMENTS\3D Models\3Ds Max 500 Models And Textures\500_Modeles_HQ+Textures_FR_ZIP_by_SRC.powaa\DATA\URBAN_FU\PARALEL,S:\_POST_PRODUCTION\_VFX_ELEMENTS\3D Models\3Ds Max 500 Models And Textures\500_Modeles_HQ+Textures_FR_ZIP_by_SRC.powaa\DATA\URBAN_FU\PARALEL\PARALE01.jpg,,,,,,
SEASAW,.jpg,1,3,3,0,627821,613.1 KB,S:\_POST_PRODUCTION\_VFX_ELEMENTS\3D Models\3Ds Max 500 Models And Textures\500_Modeles_HQ+Textures_FR_ZIP_by_SRC.powaa\DATA\URBAN_FU\SEASAW,S:\_POST_PRODUCTION\_VFX_ELEMENTS\3D Models\3Ds Max 500 Models And Textures\500_Modeles_HQ+Textures_FR_ZIP_by_SRC.powaa\DATA\URBAN_FU\SEASAW\SEASAW01.jpg,,,,,,
SLIDE,.jpg,1,3,3,0,781575,763.3 KB,S:\_POST_PRODUCTION\_VFX_ELEMENTS\3D Models\3Ds Max 500 Models And Textures\500_Modeles_HQ+Textures_FR_ZIP_by_SRC.powaa\DATA\URBAN_FU\SLIDE,S:\_POST_PRODUCTION\_VFX_ELEMENTS\3D Models\3Ds Max 500 Models And Textures\500_Modeles_HQ+Textures_FR_ZIP_by_SRC.powaa\DATA\URBAN_FU\SLIDE\SLIDE_01.jpg,,,,,,
STAIR,.jpg,1,3,3,0,706840,690.3 KB,S:\_POST_PRODUCTION\_VFX_ELEMENTS\3D Models\3Ds Max 500 Models And Textures\500_Modeles_HQ+Textures_FR_ZIP_by_SRC.powaa\DATA\URBAN_FU\STAIR,S:\_POST_PRODUCTION\_VFX_ELEMENTS\3D Models\3Ds Max 500 Models And Textures\500_Modeles_HQ+Textures_FR_ZIP_by_SRC.powaa\DATA\URBAN_FU\STAIR\STAIR_01.jpg,,,,,,
VELATE,.jpg,1,3,3,0,970875,948.1 KB,S:\_POST_PRODUCTION\_VFX_ELEMENTS\3D Models\3Ds Max 500 Models And Textures\500_Modeles_HQ+Textures_FR_ZIP_by_SRC.powaa\DATA\URBAN_FU\VELATE,S:\_POST_PRODUCTION\_VFX_ELEMENTS\3D Models\3Ds Max 500 Models And Textures\500_Modeles_HQ+Textures_FR_ZIP_by_SRC.powaa\DATA\URBAN_FU\VELATE\VELATE01.jpg,,,,,,
VICTOR,.jpg,1,3,3,0,1521478,1.5 MB,S:\_POST_PRODUCTION\_VFX_ELEMENTS\3D Models\3Ds Max 500 Models And Textures\500_Modeles_HQ+Textures_FR_ZIP_by_SRC.powaa\DATA\URBAN_FU\VICTOR2,S:\_POST_PRODUCTION\_VFX_ELEMENTS\3D Models\3Ds Max 500 Models And Textures\500_Modeles_HQ+Textures_FR_ZIP_by_SRC.powaa\DATA\URBAN_FU\VICTOR2\VICTOR01.jpg,,,,,,
TOWNH,.jpg,101,201,2,99,1157715,1.1 MB,S:\_POST_PRODUCTION\_VFX_ELEMENTS\3D Models\3Ds Max 500 Models And Textures\500_Modeles_HQ+Textures_FR_ZIP_by_SRC.powaa\Gallerie\Architecture,S:\_POST_PRODUCTION\_VFX_ELEMENTS\3D Models\3Ds Max 500 Models And Textures\500_Modeles_HQ+Textures_FR_ZIP_by_SRC.powaa\Gallerie\Architecture\TOWNH101.jpg,,,,,,
LAMPA,.jpg,301,401,2,99,608336,594.1 KB,S:\_POST_PRODUCTION\_VFX_ELEMENTS\3D Models\3Ds Max 500 Models And Textures\500_Modeles_HQ+Textures_FR_ZIP_by_SRC.powaa\Gallerie\Autres,S:\_POST_PRODUCTION\_VFX_ELEMENTS\3D Models\3Ds Max 500 Models And Textures\500_Modeles_HQ+Textures_FR_ZIP_by_SRC.powaa\Gallerie\Autres\LAMPA301.jpg,,,,,,
FOKED,.jpg,101,701,2,599,733523,716.3 KB,S:\_POST_PRODUCTION\_VFX_ELEMENTS\3D Models\3Ds Max 500 Models And Textures\500_Modeles_HQ+Textures_FR_ZIP_by_SRC.powaa\Gallerie\Avions,S:\_POST_PRODUCTION\_VFX_ELEMENTS\3D Models\3Ds Max 500 Models And Textures\500_Modeles_HQ+Textures_FR_ZIP_by_SRC.powaa\Gallerie\Avions\FOKED101.jpg,,,,,,
BAT,.jpg,1,3,3,0,704612,688.1 KB,S:\_POST_PRODUCTION\_VFX_ELEMENTS\3D Models\Large collection of 3d models\Animals\BAT,S:\_POST_PRODUCTION\_VFX_ELEMENTS\3D Models\Large collection of 3d models\Animals\BAT\BAT_01.jpg,,,,,,
BEATLE,.jpg,1,3,3,0,400943,391.5 KB,S:\_POST_PRODUCTION\_VFX_ELEMENTS\3D Models\Large collection of 3d models\Animals\BEATLE,S:\_POST_PRODUCTION\_VFX_ELEMENTS\3D Models\Large collection of 3d models\Animals\BEATLE\BEATLE01.jpg,,,,,,
BERMJ,.jpg,1,3,3,0,626630,611.9 KB,S:\_POST_PRODUCTION\_VFX_ELEMENTS\3D Models\Large collection of 3d models\Animals\BERMJ,S:\_POST_PRODUCTION\_VFX_ELEMENTS\3D Models\Large collection of 3d models\Animals\BERMJ\BERMJ_01.jpg,,,,,,
BOXER,.jpg,1,3,3,0,446723,436.3 KB,S:\_POST_PRODUCTION\_VFX_ELEMENTS\3D Models\Large collection of 3d models\Animals\BOXER,S:\_POST_PRODUCTION\_VFX_ELEMENTS\3D Models\Large collection of 3d models\Animals\BOXER\BOXER_01.jpg,,,,,,
BRACO,.jpg,1,3,3,0,374802,366.0 KB,S:\_POST_PRODUCTION\_VFX_ELEMENTS\3D Models\Large collection of 3d models\Animals\BRACO,S:\_POST_PRODUCTION\_VFX_ELEMENTS\3D Models\Large collection of 3d models\Animals\BRACO\BRACO_01.jpg,,,,,,
BUTT,.jpg,1,3,3,0,515813,503.7 KB,S:\_POST_PRODUCTION\_VFX_ELEMENTS\3D Models\Large collection of 3d models\Animals\BUTT,S:\_POST_PRODUCTION\_VFX_ELEMENTS\3D Models\Large collection of 3d models\Animals\BUTT\BUTT_01.jpg,,,,,,
CHAMA,.jpg,1,3,3,0,451568,441.0 KB,S:\_POST_PRODUCTION\_VFX_ELEMENTS\3D Models\Large collection of 3d models\Animals\CHAMA,S:\_POST_PRODUCTION\_VFX_ELEMENTS\3D Models\Large collection of 3d models\Animals\CHAMA\CHAMA_01.jpg,,,,,,
CHIMP,.jpg,1,3,3,0,400847,391.5 KB,S:\_POST_PRODUCTION\_VFX_ELEMENTS\3D Models\Large collection of 3d models\Animals\CHIMP,S:\_POST_PRODUCTION\_VFX_ELEMENTS\3D Models\Large collection of 3d models\Animals\CHIMP\CHIMP_01.jpg,,,,,,
COW,.jpg,1,3,3,0,352366,344.1 KB,S:\_POST_PRODUCTION\_VFX_ELEMENTS\3D Models\Large collection of 3d models\Animals\COW,S:\_POST_PRODUCTION\_VFX_ELEMENTS\3D Models\Large collection of 3d models\Animals\COW\COW_01.jpg,,,,,,
CRAB,.jpg,1,3,3,0,444255,433.8 KB,S:\_POST_PRODUCTION\_VFX_ELEMENTS\3D Models\Large collection of 3d models\Animals\CRAB,S:\_POST_PRODUCTION\_VFX_ELEMENTS\3D Models\Large collection of 3d models\Animals\CRAB\CRAB_01.jpg,,,,,,
ELEPHA,.jpg,1,3,3,0,504235,492.4 KB,S:\_POST_PRODUCTION\_VFX_ELEMENTS\3D Models\Large collection of 3d models\Animals\ELEPHANT,S:\_POST_PRODUCTION\_VFX_ELEMENTS\3D Models\Large collection of 3d models\Animals\ELEPHANT\ELEPHA01.jpg,,,,,,
FLAM,.jpg,1,3,3,0,366251,357.7 KB,S:\_POST_PRODUCTION\_VFX_ELEMENTS\3D Models\Large collection of 3d models\Animals\FLAM,S:\_POST_PRODUCTION\_VFX_ELEMENTS\3D Models\Large collection of 3d models\Animals\FLAM\FLAM_01.jpg,,,,,,
FLY,.jpg,1,3,3,0,566927,553.6 KB,S:\_POST_PRODUCTION\_VFX_ELEMENTS\3D Models\Large collection of 3d models\Animals\FLY,S:\_POST_PRODUCTION\_VFX_ELEMENTS\3D Models\Large collection of 3d models\Animals\FLY\FLY_01.jpg,,,,,,
GALLIM,.jpg,1,3,3,0,424328,414.4 KB,S:\_POST_PRODUCTION\_VFX_ELEMENTS\3D Models\Large collection of 3d models\Animals\GALLIM,S:\_POST_PRODUCTION\_VFX_ELEMENTS\3D Models\Large collection of 3d models\Animals\GALLIM\GALLIM01.jpg,,,,,,
GIRAFF,.jpg,1,3,3,0,459351,448.6 KB,S:\_POST_PRODUCTION\_VFX_ELEMENTS\3D Models\Large collection of 3d models\Animals\GIRAFFE,S:\_POST_PRODUCTION\_VFX_ELEMENTS\3D Models\Large collection of 3d models\Animals\GIRAFFE\GIRAFF01.jpg,,,,,,
GORILL,.jpg,1,3,3,0,420021,410.2 KB,S:\_POST_PRODUCTION\_VFX_ELEMENTS\3D Models\Large collection of 3d models\Animals\GORILLA,S:\_POST_PRODUCTION\_VFX_ELEMENTS\3D Models\Large collection of 3d models\Animals\GORILLA\GORILL01.jpg,,,,,,
KOMODO,.jpg,1,3,3,0,521486,509.3 KB,S:\_POST_PRODUCTION\_VFX_ELEMENTS\3D Models\Large collection of 3d models\Animals\KOMODO,S:\_POST_PRODUCTION\_VFX_ELEMENTS\3D Models\Large collection of 3d models\Animals\KOMODO\KOMODO01.jpg,,,,,,
KWHF,.jpg,1,3,3,0,326017,318.4 KB,S:\_POST_PRODUCTION\_VFX_ELEMENTS\3D Models\Large collection of 3d models\Animals\KWHF,S:\_POST_PRODUCTION\_VFX_ELEMENTS\3D Models\Large collection of 3d models\Animals\KWHF\KWHF_01.jpg,,,,,,
LABRAT,.jpg,1,3,3,0,507878,496.0 KB,S:\_POST_PRODUCTION\_VFX_ELEMENTS\3D Models\Large collection of 3d models\Animals\LABRAT,S:\_POST_PRODUCTION\_VFX_ELEMENTS\3D Models\Large collection of 3d models\Animals\LABRAT\LABRAT01.jpg,,,,,,
LIONES,.jpg,1,3,3,0,456142,445.5 KB,S:\_POST_PRODUCTION\_VFX_ELEMENTS\3D Models\Large collection of 3d models\Animals\LIONESS,S:\_POST_PRODUCTION\_VFX_ELEMENTS\3D Models\Large collection of 3d models\Animals\LIONESS\LIONES01.jpg,,,,,,
LOBSTE,.jpg,1,3,3,0,504071,492.3 KB,S:\_POST_PRODUCTION\_VFX_ELEMENTS\3D Models\Large collection of 3d models\Animals\LOBSTER,S:\_POST_PRODUCTION\_VFX_ELEMENTS\3D Models\Large collection of 3d models\Animals\LOBSTER\LOBSTE01.jpg,,,,,,
LPRAWN,.jpg,1,3,3,0,588741,574.9 KB,S:\_POST_PRODUCTION\_VFX_ELEMENTS\3D Models\Large collection of 3d models\Animals\LPRAWN,S:\_POST_PRODUCTION\_VFX_ELEMENTS\3D Models\Large collection of 3d models\Animals\LPRAWN\LPRAWN01.jpg,,,,,,
OCTOPU,.jpg,1,3,3,0,525251,512.9 KB,S:\_POST_PRODUCTION\_VFX_ELEMENTS\3D Models\Large collection of 3d models\Animals\OCTOPUS,S:\_POST_PRODUCTION\_VFX_ELEMENTS\3D Models\Large collection of 3d models\Animals\OCTOPUS\OCTOPU01.jpg,,,,,,
PAREXO,.jpg,1,3,3,0,471828,460.8 KB,S:\_POST_PRODUCTION\_VFX_ELEMENTS\3D Models\Large collection of 3d models\Animals\PAREXO,S:\_POST_PRODUCTION\_VFX_ELEMENTS\3D Models\Large collection of 3d models\Animals\PAREXO\PAREXO01.jpg,,,,,,
PTERAN,.jpg,1,3,3,0,590589,576.7 KB,S:\_POST_PRODUCTION\_VFX_ELEMENTS\3D Models\Large collection of 3d models\Animals\PTERANO,S:\_POST_PRODUCTION\_VFX_ELEMENTS\3D Models\Large collection of 3d models\Animals\PTERANO\PTERAN01.jpg,,,,,,
SANPED,.jpg,1,3,3,0,588722,574.9 KB,S:\_POST_PRODUCTION\_VFX_ELEMENTS\3D Models\Large collection of 3d models\Animals\SANPEDRO,S:\_POST_PRODUCTION\_VFX_ELEMENTS\3D Models\Large collection of 3d models\Animals\SANPEDRO\SANPED01.jpg,,,,,,
SCOR,.jpg,1,3,3,0,527252,514.9 KB,S:\_POST_PRODUCTION\_VFX_ELEMENTS\3D Models\Large collection of 3d models\Animals\SCOR,S:\_POST_PRODUCTION\_VFX_ELEMENTS\3D Models\Large collection of 3d models\Animals\SCOR\SCOR_01.jpg,,,,,,
SHEEP,.jpg,1,3,3,0,466533,455.6 KB,S:\_POST_PRODUCTION\_VFX_ELEMENTS\3D Models\Large collection of 3d models\Animals\SHEEPH,S:\_POST_PRODUCTION\_VFX_ELEMENTS\3D Models\Large collection of 3d models\Animals\SHEEPH\SHEEP01.jpg,,,,,,
SLMN,.jpg,1,3,3,0,454303,443.7 KB,S:\_POST_PRODUCTION\_VFX_ELEMENTS\3D Models\Large collection of 3d models\Animals\SLMN,S:\_POST_PRODUCTION\_VFX_ELEMENTS\3D Models\Large collection of 3d models\Animals\SLMN\SLMN01.jpg,,,,,,
TARANT,.jpg,1,3,3,0,734336,717.1 KB,S:\_POST_PRODUCTION\_VFX_ELEMENTS\3D Models\Large collection of 3d models\Animals\TARANTU,S:\_POST_PRODUCTION\_VFX_ELEMENTS\3D Models\Large collection of 3d models\Animals\TARANTU\TARANT01.jpg,,,,,,
TIRARE,.jpg,1,3,3,0,396371,387.1 KB,S:\_POST_PRODUCTION\_VFX_ELEMENTS\3D Models\Large collection of 3d models\Animals\TIRAREX,S:\_POST_PRODUCTION\_VFX_ELEMENTS\3D Models\Large collection of 3d models\Animals\TIRAREX\TIRARE01.jpg,,,,,,
TRICER,.jpg,1,3,3,0,450071,439.5 KB,S:\_POST_PRODUCTION\_VFX_ELEMENTS\3D Models\Large collection of 3d models\Animals\TRICERA,S:\_POST_PRODUCTION\_VFX_ELEMENTS\3D Models\Large collection of 3d models\Animals\TRICERA\TRICER01.jpg,,,,,,
TURTLE,.jpg,1,3,3,0,512252,500.2 KB,S:\_POST_PRODUCTION\_VFX_ELEMENTS\3D Models\Large collection of 3d models\Animals\TURTLE,S:\_POST_PRODUCTION\_VFX_ELEMENTS\3D Models\Large collection of 3d models\Animals\TURTLE\TURTLE01.jpg,,,,,,
WSHARK,.jpg,1,3,3,0,361985,353.5 KB,S:\_POST_PRODUCTION\_VFX_ELEMENTS\3D Models\Large collection of 3d models\Animals\WSHARKF,S:\_POST_PRODUCTION\_VFX_ELEMENTS\3D Models\Large collection of 3d models\Animals\WSHARKF\WSHARK01.jpg,,,,,,
ZEBRA,.jpg,1,3,3,0,643270,628.2 KB,S:\_POST_PRODUCTION\_VFX_ELEMENTS\3D Models\Large collection of 3d models\Animals\ZEBRA,S:\_POST_PRODUCTION\_VFX_ELEMENTS\3D Models\Large collection of 3d models\Animals\ZEBRA\ZEBRA_01.jpg,,,,,,
BANKHA,.jpg,1,3,3,0,717392,700.6 KB,S:\_POST_PRODUCTION\_VFX_ELEMENTS\3D Models\Large collection of 3d models\Architecture\BANKHAUS,S:\_POST_PRODUCTION\_VFX_ELEMENTS\3D Models\Large collection of 3d models\Architecture\BANKHAUS\BANKHA01.jpg,,,,,,
BARN,.jpg,1,3,3,0,855427,835.4 KB,S:\_POST_PRODUCTION\_VFX_ELEMENTS\3D Models\Large collection of 3d models\Architecture\BARN,S:\_POST_PRODUCTION\_VFX_ELEMENTS\3D Models\Large collection of 3d models\Architecture\BARN\BARN_01.jpg,,,,,,
COLI,.jpg,1,3,3,0,1175919,1.1 MB,S:\_POST_PRODUCTION\_VFX_ELEMENTS\3D Models\Large collection of 3d models\Architecture\COLI,S:\_POST_PRODUCTION\_VFX_ELEMENTS\3D Models\Large collection of 3d models\Architecture\COLI\COLI_01.jpg,,,,,,
COLIBU,.jpg,1,7,7,0,54554,53.3 KB,S:\_POST_PRODUCTION\_VFX_ELEMENTS\3D Models\Large collection of 3d models\Architecture\COLI\COLI,S:\_POST_PRODUCTION\_VFX_ELEMENTS\3D Models\Large collection of 3d models\Architecture\COLI\COLI\COLIBU01.JPG,,,,,,
COLIOP,.jpg,1,4,4,0,28275,27.6 KB,S:\_POST_PRODUCTION\_VFX_ELEMENTS\3D Models\Large collection of 3d models\Architecture\COLI\COLI,S:\_POST_PRODUCTION\_VFX_ELEMENTS\3D Models\Large collection of 3d models\Architecture\COLI\COLI\COLIOP01.JPG,,,,,,
DIESPO,.jpg,1,3,3,0,789942,771.4 KB,S:\_POST_PRODUCTION\_VFX_ELEMENTS\3D Models\Large collection of 3d models\Architecture\DIESPOM,S:\_POST_PRODUCTION\_VFX_ELEMENTS\3D Models\Large collection of 3d models\Architecture\DIESPOM\DIESPO01.jpg,,,,,,
ESTACI,.jpg,1,3,3,0,828535,809.1 KB,S:\_POST_PRODUCTION\_VFX_ELEMENTS\3D Models\Large collection of 3d models\Architecture\ESTACI,S:\_POST_PRODUCTION\_VFX_ELEMENTS\3D Models\Large collection of 3d models\Architecture\ESTACI\ESTACI01.jpg,,,,,,
GUTENB,.jpg,1,3,3,0,911523,890.2 KB,S:\_POST_PRODUCTION\_VFX_ELEMENTS\3D Models\Large collection of 3d models\Architecture\GUTENB,S:\_POST_PRODUCTION\_VFX_ELEMENTS\3D Models\Large collection of 3d models\Architecture\GUTENB\GUTENB01.jpg,,,,,,
HANGAR,.jpg,1,3,3,0,762382,744.5 KB,S:\_POST_PRODUCTION\_VFX_ELEMENTS\3D Models\Large collection of 3d models\Architecture\HANGAR,S:\_POST_PRODUCTION\_VFX_ELEMENTS\3D Models\Large collection of 3d models\Architecture\HANGAR\HANGAR01.jpg,,,,,,
KEHL,.jpg,1,3,3,0,663572,648.0 KB,S:\_POST_PRODUCTION\_VFX_ELEMENTS\3D Models\Large collection of 3d models\Architecture\KEHL,S:\_POST_PRODUCTION\_VFX_ELEMENTS\3D Models\Large collection of 3d models\Architecture\KEHL\KEHL_01.jpg,,,,,,
LONIC,.jpg,1,3,3,0,756777,739.0 KB,S:\_POST_PRODUCTION\_VFX_ELEMENTS\3D Models\Large collection of 3d models\Architecture\LONIC,S:\_POST_PRODUCTION\_VFX_ELEMENTS\3D Models\Large collection of 3d models\Architecture\LONIC\LONIC_01.jpg,,,,,,
LOOKOU,.jpg,1,3,3,0,610641,596.3 KB,S:\_POST_PRODUCTION\_VFX_ELEMENTS\3D Models\Large collection of 3d models\Architecture\LOOKOUT,S:\_POST_PRODUCTION\_VFX_ELEMENTS\3D Models\Large collection of 3d models\Architecture\LOOKOUT\LOOKOU01.jpg,,,,,,
MEZROC,.jpg,1,3,3,0,816374,797.2 KB,S:\_POST_PRODUCTION\_VFX_ELEMENTS\3D Models\Large collection of 3d models\Architecture\MEZROCA,S:\_POST_PRODUCTION\_VFX_ELEMENTS\3D Models\Large collection of 3d models\Architecture\MEZROCA\MEZROC01.jpg,,,,,,
ALFOMB,.jpg,1,3,3,0,610198,595.9 KB,S:\_POST_PRODUCTION\_VFX_ELEMENTS\3D Models\Large collection of 3d models\Architecture\MEZROCA\MEZROCA,S:\_POST_PRODUCTION\_VFX_ELEMENTS\3D Models\Large collection of 3d models\Architecture\MEZROCA\MEZROCA\ALFOMB01.JPG,,,,,,
MARBLE,.jpg,10,22,3,10,150573,147.0 KB,S:\_POST_PRODUCTION\_VFX_ELEMENTS\3D Models\Large collection of 3d models\Architecture\MEZROCA\MEZROCA,S:\_POST_PRODUCTION\_VFX_ELEMENTS\3D Models\Large collection of 3d models\Architecture\MEZROCA\MEZROCA\MARBLE10.JPG,,,,,,
MODERN,.jpg,1,3,3,0,871710,851.3 KB,S:\_POST_PRODUCTION\_VFX_ELEMENTS\3D Models\Large collection of 3d models\Architecture\MODERNHO,S:\_POST_PRODUCTION\_VFX_ELEMENTS\3D Models\Large collection of 3d models\Architecture\MODERNHO\MODERN01.jpg,,,,,,
RIDEAU,.jpg,1,3,3,0,832606,813.1 KB,S:\_POST_PRODUCTION\_VFX_ELEMENTS\3D Models\Large collection of 3d models\Architecture\RIDEAU,S:\_POST_PRODUCTION\_VFX_ELEMENTS\3D Models\Large collection of 3d models\Architecture\RIDEAU\RIDEAU01.jpg,,,,,,
SAWMIL,.jpg,1,3,3,0,924990,903.3 KB,S:\_POST_PRODUCTION\_VFX_ELEMENTS\3D Models\Large collection of 3d models\Architecture\SAWMILL,S:\_POST_PRODUCTION\_VFX_ELEMENTS\3D Models\Large collection of 3d models\Architecture\SAWMILL\SAWMIL01.jpg,,,,,,
SIGNAL,.jpg,1,3,3,0,883550,862.8 KB,S:\_POST_PRODUCTION\_VFX_ELEMENTS\3D Models\Large collection of 3d models\Architecture\SIGNAL,S:\_POST_PRODUCTION\_VFX_ELEMENTS\3D Models\Large collection of 3d models\Architecture\SIGNAL\SIGNAL01.jpg,,,,,,
SMOKEH,.jpg,1,3,3,0,1251557,1.2 MB,S:\_POST_PRODUCTION\_VFX_ELEMENTS\3D Models\Large collection of 3d models\Architecture\SMOKEHOU,S:\_POST_PRODUCTION\_VFX_ELEMENTS\3D Models\Large collection of 3d models\Architecture\SMOKEHOU\SMOKEH01.jpg,,,,,,
STORY,.jpg,1,3,3,0,1128165,1.1 MB,S:\_POST_PRODUCTION\_VFX_ELEMENTS\3D Models\Large collection of 3d models\Architecture\STORY,S:\_POST_PRODUCTION\_VFX_ELEMENTS\3D Models\Large collection of 3d models\Architecture\STORY\STORY_01.jpg,,,,,,
STUT_C,.jpg,1,3,3,0,867886,847.5 KB,S:\_POST_PRODUCTION\_VFX_ELEMENTS\3D Models\Large collection of 3d models\Architecture\STUT_C,S:\_POST_PRODUCTION\_VFX_ELEMENTS\3D Models\Large collection of 3d models\Architecture\STUT_C\STUT_C01.jpg,,,,,,
SUMMER,.jpg,1,3,3,0,712013,695.3 KB,S:\_POST_PRODUCTION\_VFX_ELEMENTS\3D Models\Large collection of 3d models\Architecture\SUMMER,S:\_POST_PRODUCTION\_VFX_ELEMENTS\3D Models\Large collection of 3d models\Architecture\SUMMER\SUMMER01.jpg,,,,,,
TALLER,.jpg,1,3,3,0,957252,934.8 KB,S:\_POST_PRODUCTION\_VFX_ELEMENTS\3D Models\Large collection of 3d models\Architecture\TALLER,S:\_POST_PRODUCTION\_VFX_ELEMENTS\3D Models\Large collection of 3d models\Architecture\TALLER\TALLER01.jpg,,,,,,
TOWNH,.jpg,101,103,3,0,884848,864.1 KB,S:\_POST_PRODUCTION\_VFX_ELEMENTS\3D Models\Large collection of 3d models\Architecture\TOWNHOU1,S:\_POST_PRODUCTION\_VFX_ELEMENTS\3D Models\Large collection of 3d models\Architecture\TOWNHOU1\TOWNH101.jpg,,,,,,
TOWNH,.jpg,201,203,3,0,737998,720.7 KB,S:\_POST_PRODUCTION\_VFX_ELEMENTS\3D Models\Large collection of 3d models\Architecture\TOWNHOU2,S:\_POST_PRODUCTION\_VFX_ELEMENTS\3D Models\Large collection of 3d models\Architecture\TOWNHOU2\TOWNH201.jpg,,,,,,
CARTEL,.tif,1,2,2,0,593918,580.0 KB,S:\_POST_PRODUCTION\_VFX_ELEMENTS\3D Models\Large collection of 3d models\Architecture\TOWNHOU2\TOWNHOU2,S:\_POST_PRODUCTION\_VFX_ELEMENTS\3D Models\Large collection of 3d models\Architecture\TOWNHOU2\TOWNHOU2\CARTEL01.TIF,,,,,,
TRANFC,.jpg,1,3,3,0,1082807,1.0 MB,S:\_POST_PRODUCTION\_VFX_ELEMENTS\3D Models\Large collection of 3d models\Architecture\TRANFCH,S:\_POST_PRODUCTION\_VFX_ELEMENTS\3D Models\Large collection of 3d models\Architecture\TRANFCH\TRANFC01.jpg,,,,,,
TWIN_S,.jpg,1,3,3,0,872385,851.9 KB,S:\_POST_PRODUCTION\_VFX_ELEMENTS\3D Models\Large collection of 3d models\Architecture\TWIN_S,S:\_POST_PRODUCTION\_VFX_ELEMENTS\3D Models\Large collection of 3d models\Architecture\TWIN_S\TWIN_S01.jpg,,,,,,
TWOSTO,.jpg,1,3,3,0,1112574,1.1 MB,S:\_POST_PRODUCTION\_VFX_ELEMENTS\3D Models\Large collection of 3d models\Architecture\TWOSTORY,S:\_POST_PRODUCTION\_VFX_ELEMENTS\3D Models\Large collection of 3d models\Architecture\TWOSTORY\TWOSTO01.jpg,,,,,,
T_PENS,.jpg,1,3,3,0,843428,823.7 KB,S:\_POST_PRODUCTION\_VFX_ELEMENTS\3D Models\Large collection of 3d models\Architecture\T_PENS,S:\_POST_PRODUCTION\_VFX_ELEMENTS\3D Models\Large collection of 3d models\Architecture\T_PENS\T_PENS01.jpg,,,,,,
VICTHO,.jpg,1,3,3,0,840506,820.8 KB,S:\_POST_PRODUCTION\_VFX_ELEMENTS\3D Models\Large collection of 3d models\Architecture\VICTHOU,S:\_POST_PRODUCTION\_VFX_ELEMENTS\3D Models\Large collection of 3d models\Architecture\VICTHOU\VICTHO01.jpg,,,,,,
WATER,.jpg,1,3,3,0,749199,731.6 KB,S:\_POST_PRODUCTION\_VFX_ELEMENTS\3D Models\Large collection of 3d models\Architecture\WATER_T2,S:\_POST_PRODUCTION\_VFX_ELEMENTS\3D Models\Large collection of 3d models\Architecture\WATER_T2\WATER_01.jpg,,,,,,
29FORD,.jpg,1,3,3,0,654381,639.0 KB,S:\_POST_PRODUCTION\_VFX_ELEMENTS\3D Models\Large collection of 3d models\Cars\29FORD,S:\_POST_PRODUCTION\_VFX_ELEMENTS\3D Models\Large collection of 3d models\Cars\29FORD\29FORD01.jpg,,,,,,
40FORD,.jpg,1,3,3,0,610334,596.0 KB,S:\_POST_PRODUCTION\_VFX_ELEMENTS\3D Models\Large collection of 3d models\Cars\40FORD,S:\_POST_PRODUCTION\_VFX_ELEMENTS\3D Models\Large collection of 3d models\Cars\40FORD\40FORD01.jpg,,,,,,
50FORD,.jpg,1,3,3,0,611083,596.8 KB,S:\_POST_PRODUCTION\_VFX_ELEMENTS\3D Models\Large collection of 3d models\Cars\50FOR,S:\_POST_PRODUCTION\_VFX_ELEMENTS\3D Models\Large collection of 3d models\Cars\50FOR\50FORD01.jpg,,,,,,
850P,.jpg,1,3,3,0,573357,559.9 KB,S:\_POST_PRODUCTION\_VFX_ELEMENTS\3D Models\Large collection of 3d models\Cars\850P,S:\_POST_PRODUCTION\_VFX_ELEMENTS\3D Models\Large collection of 3d models\Cars\850P\850P_01.jpg,,,,,,
ALFA,.jpg,2301,2303,3,0,698097,681.7 KB,S:\_POST_PRODUCTION\_VFX_ELEMENTS\3D Models\Large collection of 3d models\Cars\ALFA2300,S:\_POST_PRODUCTION\_VFX_ELEMENTS\3D Models\Large collection of 3d models\Cars\ALFA2300\ALFA2301.jpg,,,,,,
ALFASP,.jpg,1,3,3,0,618852,604.3 KB,S:\_POST_PRODUCTION\_VFX_ELEMENTS\3D Models\Large collection of 3d models\Cars\ALFASPID,S:\_POST_PRODUCTION\_VFX_ELEMENTS\3D Models\Large collection of 3d models\Cars\ALFASPID\ALFASP01.jpg,,,,,,
ASTONM,.jpg,1,3,3,0,573192,559.8 KB,S:\_POST_PRODUCTION\_VFX_ELEMENTS\3D Models\Large collection of 3d models\Cars\ASTONM,S:\_POST_PRODUCTION\_VFX_ELEMENTS\3D Models\Large collection of 3d models\Cars\ASTONM\ASTONM01.jpg,,,,,,
AUDIAV,.jpg,1,3,3,0,582050,568.4 KB,S:\_POST_PRODUCTION\_VFX_ELEMENTS\3D Models\Large collection of 3d models\Cars\AUDIAVUS,S:\_POST_PRODUCTION\_VFX_ELEMENTS\3D Models\Large collection of 3d models\Cars\AUDIAVUS\AUDIAV01.jpg,,,,,,
BENTLE,.jpg,1,3,3,0,823294,804.0 KB,S:\_POST_PRODUCTION\_VFX_ELEMENTS\3D Models\Large collection of 3d models\Cars\BENTLEY,S:\_POST_PRODUCTION\_VFX_ELEMENTS\3D Models\Large collection of 3d models\Cars\BENTLEY\BENTLE01.jpg,,,,,,
BMW,.jpg,32501,32503,3,0,651364,636.1 KB,S:\_POST_PRODUCTION\_VFX_ELEMENTS\3D Models\Large collection of 3d models\Cars\BMW325I,S:\_POST_PRODUCTION\_VFX_ELEMENTS\3D Models\Large collection of 3d models\Cars\BMW325I\BMW32501.jpg,,,,,,
BMW,.jpg,50201,50203,3,0,677866,662.0 KB,S:\_POST_PRODUCTION\_VFX_ELEMENTS\3D Models\Large collection of 3d models\Cars\BMW502,S:\_POST_PRODUCTION\_VFX_ELEMENTS\3D Models\Large collection of 3d models\Cars\BMW502\BMW50201.jpg,,,,,,
BUGA,.jpg,1101,1103,3,0,699224,682.8 KB,S:\_POST_PRODUCTION\_VFX_ELEMENTS\3D Models\Large collection of 3d models\Cars\BUGA110,S:\_POST_PRODUCTION\_VFX_ELEMENTS\3D Models\Large collection of 3d models\Cars\BUGA110\BUGA1101.jpg,,,,,,
BUGATT,.jpg,1,3,3,0,875152,854.6 KB,S:\_POST_PRODUCTION\_VFX_ELEMENTS\3D Models\Large collection of 3d models\Cars\BUGATTI,S:\_POST_PRODUCTION\_VFX_ELEMENTS\3D Models\Large collection of 3d models\Cars\BUGATTI\BUGATT01.jpg,,,,,,
BUICK,.jpg,1,3,3,0,722595,705.7 KB,S:\_POST_PRODUCTION\_VFX_ELEMENTS\3D Models\Large collection of 3d models\Cars\BUICK,S:\_POST_PRODUCTION\_VFX_ELEMENTS\3D Models\Large collection of 3d models\Cars\BUICK\BUICK_01.jpg,,,,,,
CADI,.jpg,5901,5903,3,0,679153,663.2 KB,S:\_POST_PRODUCTION\_VFX_ELEMENTS\3D Models\Large collection of 3d models\Cars\CADI59B,S:\_POST_PRODUCTION\_VFX_ELEMENTS\3D Models\Large collection of 3d models\Cars\CADI59B\CADI5901.jpg,,,,,,
CADILL,.jpg,1,3,3,0,699177,682.8 KB,S:\_POST_PRODUCTION\_VFX_ELEMENTS\3D Models\Large collection of 3d models\Cars\CADILLAC,S:\_POST_PRODUCTION\_VFX_ELEMENTS\3D Models\Large collection of 3d models\Cars\CADILLAC\CADILL01.jpg,,,,,,
CH54,.jpg,1,3,3,0,579528,565.9 KB,S:\_POST_PRODUCTION\_VFX_ELEMENTS\3D Models\Large collection of 3d models\Cars\CH54,S:\_POST_PRODUCTION\_VFX_ELEMENTS\3D Models\Large collection of 3d models\Cars\CH54\CH54_01.jpg,,,,,,
CHBELA,.jpg,1,3,3,0,613857,599.5 KB,S:\_POST_PRODUCTION\_VFX_ELEMENTS\3D Models\Large collection of 3d models\Cars\CHBELAIR,S:\_POST_PRODUCTION\_VFX_ELEMENTS\3D Models\Large collection of 3d models\Cars\CHBELAIR\CHBELA01.jpg,,,,,,
CHCORV,.jpg,1,3,3,0,604395,590.2 KB,S:\_POST_PRODUCTION\_VFX_ELEMENTS\3D Models\Large collection of 3d models\Cars\CHCORV,S:\_POST_PRODUCTION\_VFX_ELEMENTS\3D Models\Large collection of 3d models\Cars\CHCORV\CHCORV01.jpg,,,,,,
CHEVY,.jpg,1,3,3,0,681827,665.8 KB,S:\_POST_PRODUCTION\_VFX_ELEMENTS\3D Models\Large collection of 3d models\Cars\CHEVY,S:\_POST_PRODUCTION\_VFX_ELEMENTS\3D Models\Large collection of 3d models\Cars\CHEVY\CHEVY_01.jpg,,,,,,
CITDS,.jpg,101,103,3,0,588418,574.6 KB,S:\_POST_PRODUCTION\_VFX_ELEMENTS\3D Models\Large collection of 3d models\Cars\CITDS19,S:\_POST_PRODUCTION\_VFX_ELEMENTS\3D Models\Large collection of 3d models\Cars\CITDS19\CITDS101.jpg,,,,,,
CITH,.jpg,1,3,3,0,838313,818.7 KB,S:\_POST_PRODUCTION\_VFX_ELEMENTS\3D Models\Large collection of 3d models\Cars\CITH,S:\_POST_PRODUCTION\_VFX_ELEMENTS\3D Models\Large collection of 3d models\Cars\CITH\CITH_01.jpg,,,,,,
CITROB,.jpg,1,3,3,0,679470,663.5 KB,S:\_POST_PRODUCTION\_VFX_ELEMENTS\3D Models\Large collection of 3d models\Cars\CITROB14,S:\_POST_PRODUCTION\_VFX_ELEMENTS\3D Models\Large collection of 3d models\Cars\CITROB14\CITROB01.jpg,,,,,,
CITRO,.jpg,101,103,3,0,710993,694.3 KB,S:\_POST_PRODUCTION\_VFX_ELEMENTS\3D Models\Large collection of 3d models\Cars\CITROE,S:\_POST_PRODUCTION\_VFX_ELEMENTS\3D Models\Large collection of 3d models\Cars\CITROE\CITRO101.jpg,,,,,,
CITROE,.jpg,1,3,3,0,617655,603.2 KB,S:\_POST_PRODUCTION\_VFX_ELEMENTS\3D Models\Large collection of 3d models\Cars\CITROE15,S:\_POST_PRODUCTION\_VFX_ELEMENTS\3D Models\Large collection of 3d models\Cars\CITROE15\CITROE01.jpg,,,,,,
CITRXM,.jpg,1,3,3,0,605779,591.6 KB,S:\_POST_PRODUCTION\_VFX_ELEMENTS\3D Models\Large collection of 3d models\Cars\CITRXM,S:\_POST_PRODUCTION\_VFX_ELEMENTS\3D Models\Large collection of 3d models\Cars\CITRXM\CITRXM01.jpg,,,,,,
CZR1,.jpg,1,3,3,0,571667,558.3 KB,S:\_POST_PRODUCTION\_VFX_ELEMENTS\3D Models\Large collection of 3d models\Cars\CZR1,S:\_POST_PRODUCTION\_VFX_ELEMENTS\3D Models\Large collection of 3d models\Cars\CZR1\CZR1_01.jpg,,,,,,
DELG,.jpg,1,3,3,0,648861,633.7 KB,S:\_POST_PRODUCTION\_VFX_ELEMENTS\3D Models\Large collection of 3d models\Cars\DELG,S:\_POST_PRODUCTION\_VFX_ELEMENTS\3D Models\Large collection of 3d models\Cars\DELG\DELG_01.jpg,,,,,,
DODGEV,.jpg,1,3,3,0,649029,633.8 KB,S:\_POST_PRODUCTION\_VFX_ELEMENTS\3D Models\Large collection of 3d models\Cars\DODGEVIP,S:\_POST_PRODUCTION\_VFX_ELEMENTS\3D Models\Large collection of 3d models\Cars\DODGEVIP\DODGEV01.jpg,,,,,,
F250,.jpg,1,3,3,0,668878,653.2 KB,S:\_POST_PRODUCTION\_VFX_ELEMENTS\3D Models\Large collection of 3d models\Cars\F250,S:\_POST_PRODUCTION\_VFX_ELEMENTS\3D Models\Large collection of 3d models\Cars\F250\F250_01.jpg,,,,,,
F250-,.jpg,2,21,10,10,263142,257.0 KB,S:\_POST_PRODUCTION\_VFX_ELEMENTS\3D Models\Large collection of 3d models\Cars\F250\F250,S:\_POST_PRODUCTION\_VFX_ELEMENTS\3D Models\Large collection of 3d models\Cars\F250\F250\F250-002.JPG,,,,,,
F348,.jpg,1,3,3,0,661234,645.7 KB,S:\_POST_PRODUCTION\_VFX_ELEMENTS\3D Models\Large collection of 3d models\Cars\F348,S:\_POST_PRODUCTION\_VFX_ELEMENTS\3D Models\Large collection of 3d models\Cars\F348\F348_01.jpg,,,,,,
F40,.jpg,1,3,3,0,728941,711.9 KB,S:\_POST_PRODUCTION\_VFX_ELEMENTS\3D Models\Large collection of 3d models\Cars\F40,S:\_POST_PRODUCTION\_VFX_ELEMENTS\3D Models\Large collection of 3d models\Cars\F40\F40_01.jpg,,,,,,
F50N,.jpg,1,3,3,0,728323,711.3 KB,S:\_POST_PRODUCTION\_VFX_ELEMENTS\3D Models\Large collection of 3d models\Cars\F50N,S:\_POST_PRODUCTION\_VFX_ELEMENTS\3D Models\Large collection of 3d models\Cars\F50N\F50N_01.jpg,,,,,,
FIAT5,.jpg,1,3,3,0,717878,701.1 KB,S:\_POST_PRODUCTION\_VFX_ELEMENTS\3D Models\Large collection of 3d models\Cars\FIAT5,S:\_POST_PRODUCTION\_VFX_ELEMENTS\3D Models\Large collection of 3d models\Cars\FIAT5\FIAT5_01.jpg,,,,,,
FORDA,.jpg,101,103,3,0,687663,671.5 KB,S:\_POST_PRODUCTION\_VFX_ELEMENTS\3D Models\Large collection of 3d models\Cars\FORDA1,S:\_POST_PRODUCTION\_VFX_ELEMENTS\3D Models\Large collection of 3d models\Cars\FORDA1\FORDA101.jpg,,,,,,
FORDGT,.jpg,1,3,3,0,598894,584.9 KB,S:\_POST_PRODUCTION\_VFX_ELEMENTS\3D Models\Large collection of 3d models\Cars\FORDGT40,S:\_POST_PRODUCTION\_VFX_ELEMENTS\3D Models\Large collection of 3d models\Cars\FORDGT40\FORDGT01.jpg,,,,,,
FOGT,.jpg,9001,9003,3,0,623340,608.7 KB,S:\_POST_PRODUCTION\_VFX_ELEMENTS\3D Models\Large collection of 3d models\Cars\FORDGT90,S:\_POST_PRODUCTION\_VFX_ELEMENTS\3D Models\Large collection of 3d models\Cars\FORDGT90\FOGT9001.jpg,,,,,,
FORDMU,.jpg,1,3,3,0,610359,596.1 KB,S:\_POST_PRODUCTION\_VFX_ELEMENTS\3D Models\Large collection of 3d models\Cars\FORDMUST,S:\_POST_PRODUCTION\_VFX_ELEMENTS\3D Models\Large collection of 3d models\Cars\FORDMUST\FORDMU01.jpg,,,,,,
FORD_T,.jpg,1,3,3,0,911377,890.0 KB,S:\_POST_PRODUCTION\_VFX_ELEMENTS\3D Models\Large collection of 3d models\Cars\FORD_T12,S:\_POST_PRODUCTION\_VFX_ELEMENTS\3D Models\Large collection of 3d models\Cars\FORD_T12\FORD_T01.jpg,,,,,,
JAGTAR,.jpg,1,3,3,0,812606,793.6 KB,S:\_POST_PRODUCTION\_VFX_ELEMENTS\3D Models\Large collection of 3d models\Cars\JAGTAR,S:\_POST_PRODUCTION\_VFX_ELEMENTS\3D Models\Large collection of 3d models\Cars\JAGTAR\JAGTAR01.jpg,,,,,,
LUCIDA,.jpg,1,3,3,0,710579,693.9 KB,S:\_POST_PRODUCTION\_VFX_ELEMENTS\3D Models\Large collection of 3d models\Cars\LUCIDA,S:\_POST_PRODUCTION\_VFX_ELEMENTS\3D Models\Large collection of 3d models\Cars\LUCIDA\LUCIDA01.jpg,,,,,,
MEFIST,.jpg,1,3,3,0,877160,856.6 KB,S:\_POST_PRODUCTION\_VFX_ELEMENTS\3D Models\Large collection of 3d models\Cars\MEFIST,S:\_POST_PRODUCTION\_VFX_ELEMENTS\3D Models\Large collection of 3d models\Cars\MEFIST\MEFIST01.jpg,,,,,,
MERA,.jpg,1,3,3,0,666179,650.6 KB,S:\_POST_PRODUCTION\_VFX_ELEMENTS\3D Models\Large collection of 3d models\Cars\MERA,S:\_POST_PRODUCTION\_VFX_ELEMENTS\3D Models\Large collection of 3d models\Cars\MERA\MERA_01.jpg,,,,,,
MERCED,.jpg,1,3,3,0,645782,630.6 KB,S:\_POST_PRODUCTION\_VFX_ELEMENTS\3D Models\Large collection of 3d models\Cars\MERCEDES,S:\_POST_PRODUCTION\_VFX_ELEMENTS\3D Models\Large collection of 3d models\Cars\MERCEDES\MERCED01.jpg,,,,,,
NSX,.jpg,1,3,3,0,666874,651.2 KB,S:\_POST_PRODUCTION\_VFX_ELEMENTS\3D Models\Large collection of 3d models\Cars\NSX,S:\_POST_PRODUCTION\_VFX_ELEMENTS\3D Models\Large collection of 3d models\Cars\NSX\NSX_01.jpg,,,,,,
PRELUD,.jpg,1,3,3,0,622934,608.3 KB,S:\_POST_PRODUCTION\_VFX_ELEMENTS\3D Models\Large collection of 3d models\Cars\PRELUDE,S:\_POST_PRODUCTION\_VFX_ELEMENTS\3D Models\Large collection of 3d models\Cars\PRELUDE\PRELUD01.jpg,,,,,,
AMERVE,.jpg,1,3,3,0,1628167,1.6 MB,S:\_POST_PRODUCTION\_VFX_ELEMENTS\3D Models\Large collection of 3d models\Civil Boats\AMERVESP,S:\_POST_PRODUCTION\_VFX_ELEMENTS\3D Models\Large collection of 3d models\Civil Boats\AMERVESP\AMERVE01.jpg,,,,,,
DIBUJO,.tga,11,22,2,10,495178,483.6 KB,S:\_POST_PRODUCTION\_VFX_ELEMENTS\3D Models\Large collection of 3d models\Civil Boats\AMERVESP\AMERVESP,S:\_POST_PRODUCTION\_VFX_ELEMENTS\3D Models\Large collection of 3d models\Civil Boats\AMERVESP\AMERVESP\DIBUJO11.TGA,,,,,,
AMPHI,.jpg,1,3,3,0,1144789,1.1 MB,S:\_POST_PRODUCTION\_VFX_ELEMENTS\3D Models\Large collection of 3d models\Civil Boats\AMPHI,S:\_POST_PRODUCTION\_VFX_ELEMENTS\3D Models\Large collection of 3d models\Civil Boats\AMPHI\AMPHI_01.jpg,,,,,,
BAHRAI,.jpg,1,3,3,0,780767,762.5 KB,S:\_POST_PRODUCTION\_VFX_ELEMENTS\3D Models\Large collection of 3d models\Civil Boats\BAHRAIN,S:\_POST_PRODUCTION\_VFX_ELEMENTS\3D Models\Large collection of 3d models\Civil Boats\BAHRAIN\BAHRAI01.jpg,,,,,,
CAPHOR,.jpg,1,3,3,0,1225006,1.2 MB,S:\_POST_PRODUCTION\_VFX_ELEMENTS\3D Models\Large collection of 3d models\Civil Boats\CAPHORN,S:\_POST_PRODUCTION\_VFX_ELEMENTS\3D Models\Large collection of 3d models\Civil Boats\CAPHORN\CAPHOR01.jpg,,,,,,
CGTG,.jpg,1,3,3,0,654160,638.8 KB,S:\_POST_PRODUCTION\_VFX_ELEMENTS\3D Models\Large collection of 3d models\Civil Boats\CGTG,S:\_POST_PRODUCTION\_VFX_ELEMENTS\3D Models\Large collection of 3d models\Civil Boats\CGTG\CGTG_01.jpg,,,,,,
CORSAI,.jpg,1,3,3,0,758466,740.7 KB,S:\_POST_PRODUCTION\_VFX_ELEMENTS\3D Models\Large collection of 3d models\Civil Boats\CORSAIR,S:\_POST_PRODUCTION\_VFX_ELEMENTS\3D Models\Large collection of 3d models\Civil Boats\CORSAIR\CORSAI01.jpg,,,,,,
CSHIP,.jpg,1,3,3,0,1168512,1.1 MB,S:\_POST_PRODUCTION\_VFX_ELEMENTS\3D Models\Large collection of 3d models\Civil Boats\CSHIP,S:\_POST_PRODUCTION\_VFX_ELEMENTS\3D Models\Large collection of 3d models\Civil Boats\CSHIP\CSHIP_01.jpg,,,,,,
DISCOV,.jpg,1,3,3,0,997684,974.3 KB,S:\_POST_PRODUCTION\_VFX_ELEMENTS\3D Models\Large collection of 3d models\Civil Boats\DISCOV,S:\_POST_PRODUCTION\_VFX_ELEMENTS\3D Models\Large collection of 3d models\Civil Boats\DISCOV\DISCOV01.jpg,,,,,,
DTUG,.jpg,1,3,3,0,612010,597.7 KB,S:\_POST_PRODUCTION\_VFX_ELEMENTS\3D Models\Large collection of 3d models\Civil Boats\DTUG,S:\_POST_PRODUCTION\_VFX_ELEMENTS\3D Models\Large collection of 3d models\Civil Boats\DTUG\DTUG_01.jpg,,,,,,
FLYING,.jpg,1,3,3,0,1243618,1.2 MB,S:\_POST_PRODUCTION\_VFX_ELEMENTS\3D Models\Large collection of 3d models\Civil Boats\FLYING,S:\_POST_PRODUCTION\_VFX_ELEMENTS\3D Models\Large collection of 3d models\Civil Boats\FLYING\FLYING01.jpg,,,,,,
FLYCUE,.jpg,2,4,2,1,26169,25.6 KB,S:\_POST_PRODUCTION\_VFX_ELEMENTS\3D Models\Large collection of 3d models\Civil Boats\FLYING\FLYING,S:\_POST_PRODUCTION\_VFX_ELEMENTS\3D Models\Large collection of 3d models\Civil Boats\FLYING\FLYING\FLYCUE02.JPG,,,,,,
JUNK,.jpg,1,3,3,0,1161964,1.1 MB,S:\_POST_PRODUCTION\_VFX_ELEMENTS\3D Models\Large collection of 3d models\Civil Boats\JUNK,S:\_POST_PRODUCTION\_VFX_ELEMENTS\3D Models\Large collection of 3d models\Civil Boats\JUNK\JUNK_01.jpg,,,,,,
KURUNT,.jpg,1,3,3,0,666784,651.2 KB,S:\_POST_PRODUCTION\_VFX_ELEMENTS\3D Models\Large collection of 3d models\Civil Boats\KURUNT,S:\_POST_PRODUCTION\_VFX_ELEMENTS\3D Models\Large collection of 3d models\Civil Boats\KURUNT\KURUNT01.jpg,,,,,,
KYRENI,.jpg,1,3,3,0,872017,851.6 KB,S:\_POST_PRODUCTION\_VFX_ELEMENTS\3D Models\Large collection of 3d models\Civil Boats\KYRENIA,S:\_POST_PRODUCTION\_VFX_ELEMENTS\3D Models\Large collection of 3d models\Civil Boats\KYRENIA\KYRENI01.jpg,,,,,,
MOONLI,.jpg,1,3,3,0,717943,701.1 KB,S:\_POST_PRODUCTION\_VFX_ELEMENTS\3D Models\Large collection of 3d models\Civil Boats\MOONLI,S:\_POST_PRODUCTION\_VFX_ELEMENTS\3D Models\Large collection of 3d models\Civil Boats\MOONLI\MOONLI01.jpg,,,,,,
MQUEEN,.jpg,1,3,3,0,877531,857.0 KB,S:\_POST_PRODUCTION\_VFX_ELEMENTS\3D Models\Large collection of 3d models\Civil Boats\MQUEEN,S:\_POST_PRODUCTION\_VFX_ELEMENTS\3D Models\Large collection of 3d models\Civil Boats\MQUEEN\MQUEEN01.jpg,,,,,,
SISTER,.jpg,1,3,3,0,804192,785.3 KB,S:\_POST_PRODUCTION\_VFX_ELEMENTS\3D Models\Large collection of 3d models\Civil Boats\SISTER,S:\_POST_PRODUCTION\_VFX_ELEMENTS\3D Models\Large collection of 3d models\Civil Boats\SISTER\SISTER01.jpg,,,,,,
ST_MAR,.jpg,1,3,3,0,974047,951.2 KB,S:\_POST_PRODUCTION\_VFX_ELEMENTS\3D Models\Large collection of 3d models\Civil Boats\ST_MARIA,S:\_POST_PRODUCTION\_VFX_ELEMENTS\3D Models\Large collection of 3d models\Civil Boats\ST_MARIA\ST_MAR01.jpg,,,,,,
TITANI,.jpg,1,3,3,0,856104,836.0 KB,S:\_POST_PRODUCTION\_VFX_ELEMENTS\3D Models\Large collection of 3d models\Civil Boats\TITANIC,S:\_POST_PRODUCTION\_VFX_ELEMENTS\3D Models\Large collection of 3d models\Civil Boats\TITANIC\TITANI01.jpg,,,,,,
BREVER,.jpg,1,3,3,0,1347093,1.3 MB,S:\_POST_PRODUCTION\_VFX_ELEMENTS\3D Models\Large collection of 3d models\Design\BREVERCH,S:\_POST_PRODUCTION\_VFX_ELEMENTS\3D Models\Large collection of 3d models\Design\BREVERCH\BREVER01.jpg,,,,,,
CHAISE,.jpg,1,3,3,0,622578,608.0 KB,S:\_POST_PRODUCTION\_VFX_ELEMENTS\3D Models\Large collection of 3d models\Design\CHAISE,S:\_POST_PRODUCTION\_VFX_ELEMENTS\3D Models\Large collection of 3d models\Design\CHAISE\CHAISE01.jpg,,,,,,
CORBU,.jpg,201,203,3,0,716410,699.6 KB,S:\_POST_PRODUCTION\_VFX_ELEMENTS\3D Models\Large collection of 3d models\Design\CORBUSI2,S:\_POST_PRODUCTION\_VFX_ELEMENTS\3D Models\Large collection of 3d models\Design\CORBUSI2\CORBU201.jpg,,,,,,
CORBUS,.jpg,1,3,3,0,953197,930.9 KB,S:\_POST_PRODUCTION\_VFX_ELEMENTS\3D Models\Large collection of 3d models\Design\CORBUSIE,S:\_POST_PRODUCTION\_VFX_ELEMENTS\3D Models\Large collection of 3d models\Design\CORBUSIE\CORBUS01.jpg,,,,,,
GARRIT,.jpg,1,3,3,0,643105,628.0 KB,S:\_POST_PRODUCTION\_VFX_ELEMENTS\3D Models\Large collection of 3d models\Design\GARRITRI,S:\_POST_PRODUCTION\_VFX_ELEMENTS\3D Models\Large collection of 3d models\Design\GARRITRI\GARRIT01.jpg,,,,,,
GEHRYC,.jpg,1,3,3,0,847785,827.9 KB,S:\_POST_PRODUCTION\_VFX_ELEMENTS\3D Models\Large collection of 3d models\Design\GEHRYCHA,S:\_POST_PRODUCTION\_VFX_ELEMENTS\3D Models\Large collection of 3d models\Design\GEHRYCHA\GEHRYC01.jpg,,,,,,
HOPECH,.jpg,1,3,3,0,634083,619.2 KB,S:\_POST_PRODUCTION\_VFX_ELEMENTS\3D Models\Large collection of 3d models\Design\HOPECHAI,S:\_POST_PRODUCTION\_VFX_ELEMENTS\3D Models\Large collection of 3d models\Design\HOPECHAI\HOPECH01.jpg,,,,,,
JACOBS,.jpg,1,3,3,0,721623,704.7 KB,S:\_POST_PRODUCTION\_VFX_ELEMENTS\3D Models\Large collection of 3d models\Design\JACOBSEN,S:\_POST_PRODUCTION\_VFX_ELEMENTS\3D Models\Large collection of 3d models\Design\JACOBSEN\JACOBS01.jpg,,,,,,
LLOYDC,.jpg,1,3,3,0,577760,564.2 KB,S:\_POST_PRODUCTION\_VFX_ELEMENTS\3D Models\Large collection of 3d models\Design\LLOYDCHA,S:\_POST_PRODUCTION\_VFX_ELEMENTS\3D Models\Large collection of 3d models\Design\LLOYDCHA\LLOYDC01.jpg,,,,,,
MALLET,.jpg,1,3,3,0,723247,706.3 KB,S:\_POST_PRODUCTION\_VFX_ELEMENTS\3D Models\Large collection of 3d models\Design\MALLETCH,S:\_POST_PRODUCTION\_VFX_ELEMENTS\3D Models\Large collection of 3d models\Design\MALLETCH\MALLET01.jpg,,,,,,
SERRIT,.jpg,1,3,3,0,783528,765.2 KB,S:\_POST_PRODUCTION\_VFX_ELEMENTS\3D Models\Large collection of 3d models\Design\SERRITRI,S:\_POST_PRODUCTION\_VFX_ELEMENTS\3D Models\Large collection of 3d models\Design\SERRITRI\SERRIT01.jpg,,,,,,
SINGLE,.jpg,1,3,3,0,773409,755.3 KB,S:\_POST_PRODUCTION\_VFX_ELEMENTS\3D Models\Large collection of 3d models\Design\SINGLE,S:\_POST_PRODUCTION\_VFX_ELEMENTS\3D Models\Large collection of 3d models\Design\SINGLE\SINGLE01.jpg,,,,,,
SOFA,.jpg,1,3,3,0,591009,577.2 KB,S:\_POST_PRODUCTION\_VFX_ELEMENTS\3D Models\Large collection of 3d models\Design\SOFA,S:\_POST_PRODUCTION\_VFX_ELEMENTS\3D Models\Large collection of 3d models\Design\SOFA\SOFA_01.jpg,,,,,,
AIWALK,.jpg,1,3,3,0,727565,710.5 KB,S:\_POST_PRODUCTION\_VFX_ELEMENTS\3D Models\Large collection of 3d models\Electronics\AIWALKMA,S:\_POST_PRODUCTION\_VFX_ELEMENTS\3D Models\Large collection of 3d models\Electronics\AIWALKMA\AIWALK01.jpg,,,,,,
ASPES,.jpg,101,103,3,0,611743,597.4 KB,S:\_POST_PRODUCTION\_VFX_ELEMENTS\3D Models\Large collection of 3d models\Electronics\ASPES141,S:\_POST_PRODUCTION\_VFX_ELEMENTS\3D Models\Large collection of 3d models\Electronics\ASPES141\ASPES101.jpg,,,,,,
AUTOW,.jpg,1,3,3,0,713905,697.2 KB,S:\_POST_PRODUCTION\_VFX_ELEMENTS\3D Models\Large collection of 3d models\Electronics\AUTOW,S:\_POST_PRODUCTION\_VFX_ELEMENTS\3D Models\Large collection of 3d models\Electronics\AUTOW\AUTOW_01.jpg,,,,,,
CAFETA,.jpg,1,3,3,0,688135,672.0 KB,S:\_POST_PRODUCTION\_VFX_ELEMENTS\3D Models\Large collection of 3d models\Electronics\CAFETALG,S:\_POST_PRODUCTION\_VFX_ELEMENTS\3D Models\Large collection of 3d models\Electronics\CAFETALG\CAFETA01.jpg,,,,,,
CASETT,.jpg,1,3,3,0,738104,720.8 KB,S:\_POST_PRODUCTION\_VFX_ELEMENTS\3D Models\Large collection of 3d models\Electronics\CASETTE,S:\_POST_PRODUCTION\_VFX_ELEMENTS\3D Models\Large collection of 3d models\Electronics\CASETTE\CASETT01.jpg,,,,,,
CPU,.jpg,1,3,3,0,562884,549.7 KB,S:\_POST_PRODUCTION\_VFX_ELEMENTS\3D Models\Large collection of 3d models\Electronics\CPU,S:\_POST_PRODUCTION\_VFX_ELEMENTS\3D Models\Large collection of 3d models\Electronics\CPU\CPU_01.jpg,,,,,,
E,.jpg,9000001,9000003,3,0,623957,609.3 KB,S:\_POST_PRODUCTION\_VFX_ELEMENTS\3D Models\Large collection of 3d models\Electronics\E900002,S:\_POST_PRODUCTION\_VFX_ELEMENTS\3D Models\Large collection of 3d models\Electronics\E900002\E9000001.jpg,,,,,,
ELECTA,.jpg,1,3,3,0,1151975,1.1 MB,S:\_POST_PRODUCTION\_VFX_ELEMENTS\3D Models\Large collection of 3d models\Electronics\ELECTAIR,S:\_POST_PRODUCTION\_VFX_ELEMENTS\3D Models\Large collection of 3d models\Electronics\ELECTAIR\ELECTA01.jpg,,,,,,
ELECTI,.jpg,1,3,3,0,916810,895.3 KB,S:\_POST_PRODUCTION\_VFX_ELEMENTS\3D Models\Large collection of 3d models\Electronics\ELECTIRO,S:\_POST_PRODUCTION\_VFX_ELEMENTS\3D Models\Large collection of 3d models\Electronics\ELECTIRO\ELECTI01.jpg,,,,,,
FLOPPY,.jpg,1,3,3,0,629734,615.0 KB,S:\_POST_PRODUCTION\_VFX_ELEMENTS\3D Models\Large collection of 3d models\Electronics\FLOPPY,S:\_POST_PRODUCTION\_VFX_ELEMENTS\3D Models\Large collection of 3d models\Electronics\FLOPPY\FLOPPY01.jpg,,,,,,
FORMAP,.jpg,1,3,3,0,648866,633.7 KB,S:\_POST_PRODUCTION\_VFX_ELEMENTS\3D Models\Large collection of 3d models\Electronics\FORMAPH,S:\_POST_PRODUCTION\_VFX_ELEMENTS\3D Models\Large collection of 3d models\Electronics\FORMAPH\FORMAP01.jpg,,,,,,
HAIRDR,.jpg,1,3,3,0,535500,522.9 KB,S:\_POST_PRODUCTION\_VFX_ELEMENTS\3D Models\Large collection of 3d models\Electronics\HAIRDR,S:\_POST_PRODUCTION\_VFX_ELEMENTS\3D Models\Large collection of 3d models\Electronics\HAIRDR\HAIRDR01.jpg,,,,,,
JUICER,.jpg,1,3,3,0,557700,544.6 KB,S:\_POST_PRODUCTION\_VFX_ELEMENTS\3D Models\Large collection of 3d models\Electronics\JUICER,S:\_POST_PRODUCTION\_VFX_ELEMENTS\3D Models\Large collection of 3d models\Electronics\JUICER\JUICER01.jpg,,,,,,
KEYBOA,.jpg,1,3,3,0,777333,759.1 KB,S:\_POST_PRODUCTION\_VFX_ELEMENTS\3D Models\Large collection of 3d models\Electronics\KEYBOARD,S:\_POST_PRODUCTION\_VFX_ELEMENTS\3D Models\Large collection of 3d models\Electronics\KEYBOARD\KEYBOA01.jpg,,,,,,
MAGNAD,.jpg,1,3,3,0,875000,854.5 KB,S:\_POST_PRODUCTION\_VFX_ELEMENTS\3D Models\Large collection of 3d models\Electronics\MAGNAD,S:\_POST_PRODUCTION\_VFX_ELEMENTS\3D Models\Large collection of 3d models\Electronics\MAGNAD\MAGNAD01.jpg,,,,,,
METZFI,.jpg,1,3,3,0,816419,797.3 KB,S:\_POST_PRODUCTION\_VFX_ELEMENTS\3D Models\Large collection of 3d models\Electronics\METZFIN,S:\_POST_PRODUCTION\_VFX_ELEMENTS\3D Models\Large collection of 3d models\Electronics\METZFIN\METZFI01.jpg,,,,,,
MICROP,.jpg,1,3,3,0,815166,796.1 KB,S:\_POST_PRODUCTION\_VFX_ELEMENTS\3D Models\Large collection of 3d models\Electronics\MICROP,S:\_POST_PRODUCTION\_VFX_ELEMENTS\3D Models\Large collection of 3d models\Electronics\MICROP\MICROP01.jpg,,,,,,
MONITO,.jpg,1,3,3,0,1461133,1.4 MB,S:\_POST_PRODUCTION\_VFX_ELEMENTS\3D Models\Large collection of 3d models\Electronics\MONITOR,S:\_POST_PRODUCTION\_VFX_ELEMENTS\3D Models\Large collection of 3d models\Electronics\MONITOR\MONITO01.jpg,,,,,,
NOKIA,.jpg,1,3,3,0,577676,564.1 KB,S:\_POST_PRODUCTION\_VFX_ELEMENTS\3D Models\Large collection of 3d models\Electronics\NOKIA,S:\_POST_PRODUCTION\_VFX_ELEMENTS\3D Models\Large collection of 3d models\Electronics\NOKIA\NOKIA_01.jpg,,,,,,
PUBLIC,.jpg,1,3,3,0,690189,674.0 KB,S:\_POST_PRODUCTION\_VFX_ELEMENTS\3D Models\Large collection of 3d models\Electronics\PUBLICPH,S:\_POST_PRODUCTION\_VFX_ELEMENTS\3D Models\Large collection of 3d models\Electronics\PUBLICPH\PUBLIC01.jpg,,,,,,
SINGER,.jpg,1,3,3,0,996473,973.1 KB,S:\_POST_PRODUCTION\_VFX_ELEMENTS\3D Models\Large collection of 3d models\Electronics\SINGER,S:\_POST_PRODUCTION\_VFX_ELEMENTS\3D Models\Large collection of 3d models\Electronics\SINGER\SINGER01.jpg,,,,,,
SOLACM,.jpg,1,3,3,0,619991,605.5 KB,S:\_POST_PRODUCTION\_VFX_ELEMENTS\3D Models\Large collection of 3d models\Electronics\SOLACM55,S:\_POST_PRODUCTION\_VFX_ELEMENTS\3D Models\Large collection of 3d models\Electronics\SOLACM55\SOLACM01.jpg,,,,,,
TELEFO,.jpg,1,3,3,0,616301,601.9 KB,S:\_POST_PRODUCTION\_VFX_ELEMENTS\3D Models\Large collection of 3d models\Electronics\TELEFONO,S:\_POST_PRODUCTION\_VFX_ELEMENTS\3D Models\Large collection of 3d models\Electronics\TELEFONO\TELEFO01.jpg,,,,,,
TV70,.jpg,1,3,3,0,696246,679.9 KB,S:\_POST_PRODUCTION\_VFX_ELEMENTS\3D Models\Large collection of 3d models\Electronics\TV70,S:\_POST_PRODUCTION\_VFX_ELEMENTS\3D Models\Large collection of 3d models\Electronics\TV70\TV70_01.jpg,,,,,,
T_BLAC,.jpg,1,3,3,0,653765,638.4 KB,S:\_POST_PRODUCTION\_VFX_ELEMENTS\3D Models\Large collection of 3d models\Electronics\T_BLACK,S:\_POST_PRODUCTION\_VFX_ELEMENTS\3D Models\Large collection of 3d models\Electronics\T_BLACK\T_BLAC01.jpg,,,,,,
B_DPLA,.tif,1,2,2,0,1560988,1.5 MB,S:\_POST_PRODUCTION\_VFX_ELEMENTS\3D Models\Large collection of 3d models\Electronics\T_BLACK\T_BLACK,S:\_POST_PRODUCTION\_VFX_ELEMENTS\3D Models\Large collection of 3d models\Electronics\T_BLACK\T_BLACK\B_DPLA01.TIF,,,,,,
VHSTAP,.jpg,1,3,3,0,646064,630.9 KB,S:\_POST_PRODUCTION\_VFX_ELEMENTS\3D Models\Large collection of 3d models\Electronics\VHSTAPE,S:\_POST_PRODUCTION\_VFX_ELEMENTS\3D Models\Large collection of 3d models\Electronics\VHSTAPE\VHSTAP01.jpg,,,,,,
WALLLA,.jpg,1,3,3,0,555174,542.2 KB,S:\_POST_PRODUCTION\_VFX_ELEMENTS\3D Models\Large collection of 3d models\Electronics\WALLLAMP,S:\_POST_PRODUCTION\_VFX_ELEMENTS\3D Models\Large collection of 3d models\Electronics\WALLLAMP\WALLLA01.jpg,,,,,,
WASHMA,.jpg,1,3,3,0,606801,592.6 KB,S:\_POST_PRODUCTION\_VFX_ELEMENTS\3D Models\Large collection of 3d models\Electronics\WASHMACH,S:\_POST_PRODUCTION\_VFX_ELEMENTS\3D Models\Large collection of 3d models\Electronics\WASHMACH\WASHMA01.jpg,,,,,,
BATH,.jpg,1,3,3,0,365059,356.5 KB,S:\_POST_PRODUCTION\_VFX_ELEMENTS\3D Models\Large collection of 3d models\Furniture\Bathtub jacuzzi,S:\_POST_PRODUCTION\_VFX_ELEMENTS\3D Models\Large collection of 3d models\Furniture\Bathtub jacuzzi\BATH_01.jpg,,,,,,
500D,.jpg,1,3,3,0,656214,640.8 KB,S:\_POST_PRODUCTION\_VFX_ELEMENTS\3D Models\Large collection of 3d models\Helicopters\500D,S:\_POST_PRODUCTION\_VFX_ELEMENTS\3D Models\Large collection of 3d models\Helicopters\500D\500D_01.jpg,,,,,,
ABEJET,.jpg,1,3,3,0,636787,621.9 KB,S:\_POST_PRODUCTION\_VFX_ELEMENTS\3D Models\Large collection of 3d models\Helicopters\ABJETR2,S:\_POST_PRODUCTION\_VFX_ELEMENTS\3D Models\Large collection of 3d models\Helicopters\ABJETR2\ABEJET01.jpg,,,,,,
AH11,.jpg,1,3,3,0,741549,724.2 KB,S:\_POST_PRODUCTION\_VFX_ELEMENTS\3D Models\Large collection of 3d models\Helicopters\AH11,S:\_POST_PRODUCTION\_VFX_ELEMENTS\3D Models\Large collection of 3d models\Helicopters\AH11\AH11_01.jpg,,,,,,
AH11PA,.jpg,1,2,2,0,21091,20.6 KB,S:\_POST_PRODUCTION\_VFX_ELEMENTS\3D Models\Large collection of 3d models\Helicopters\AH11\AH11,S:\_POST_PRODUCTION\_VFX_ELEMENTS\3D Models\Large collection of 3d models\Helicopters\AH11\AH11\AH11PA01.JPG,,,,,,
AH12,.jpg,1,3,3,0,721612,704.7 KB,S:\_POST_PRODUCTION\_VFX_ELEMENTS\3D Models\Large collection of 3d models\Helicopters\AH12,S:\_POST_PRODUCTION\_VFX_ELEMENTS\3D Models\Large collection of 3d models\Helicopters\AH12\AH12_01.jpg,,,,,,
AH12PA,.jpg,1,2,2,0,21091,20.6 KB,S:\_POST_PRODUCTION\_VFX_ELEMENTS\3D Models\Large collection of 3d models\Helicopters\AH12\AH12,S:\_POST_PRODUCTION\_VFX_ELEMENTS\3D Models\Large collection of 3d models\Helicopters\AH12\AH12\AH12PA01.JPG,,,,,,
AH_1W,.jpg,1,3,3,0,729694,712.6 KB,S:\_POST_PRODUCTION\_VFX_ELEMENTS\3D Models\Large collection of 3d models\Helicopters\AH_1W,S:\_POST_PRODUCTION\_VFX_ELEMENTS\3D Models\Large collection of 3d models\Helicopters\AH_1W\AH_1W_01.jpg,,,,,,
ALOUET,.jpg,1,3,3,0,699994,683.6 KB,S:\_POST_PRODUCTION\_VFX_ELEMENTS\3D Models\Large collection of 3d models\Helicopters\ALOUETTE,S:\_POST_PRODUCTION\_VFX_ELEMENTS\3D Models\Large collection of 3d models\Helicopters\ALOUETTE\ALOUET01.jpg,,,,,,
APACHE,.jpg,1,3,3,0,741024,723.7 KB,S:\_POST_PRODUCTION\_VFX_ELEMENTS\3D Models\Large collection of 3d models\Helicopters\APACHE,S:\_POST_PRODUCTION\_VFX_ELEMENTS\3D Models\Large collection of 3d models\Helicopters\APACHE\APACHE01.jpg,,,,,,
BELL,.jpg,2201,2203,3,0,638361,623.4 KB,S:\_POST_PRODUCTION\_VFX_ELEMENTS\3D Models\Large collection of 3d models\Helicopters\BELL222,S:\_POST_PRODUCTION\_VFX_ELEMENTS\3D Models\Large collection of 3d models\Helicopters\BELL222\BELL2201.jpg,,,,,,
BELLH,.jpg,101,103,3,0,754961,737.3 KB,S:\_POST_PRODUCTION\_VFX_ELEMENTS\3D Models\Large collection of 3d models\Helicopters\BELLH13,S:\_POST_PRODUCTION\_VFX_ELEMENTS\3D Models\Large collection of 3d models\Helicopters\BELLH13\BELLH101.jpg,,,,,,
BO105,.jpg,1,3,3,0,703197,686.7 KB,S:\_POST_PRODUCTION\_VFX_ELEMENTS\3D Models\Large collection of 3d models\Helicopters\BO105,S:\_POST_PRODUCTION\_VFX_ELEMENTS\3D Models\Large collection of 3d models\Helicopters\BO105\BO105_01.jpg,,,,,,
CHIN,.jpg,1,3,3,0,702905,686.4 KB,S:\_POST_PRODUCTION\_VFX_ELEMENTS\3D Models\Large collection of 3d models\Helicopters\CHIN,S:\_POST_PRODUCTION\_VFX_ELEMENTS\3D Models\Large collection of 3d models\Helicopters\CHIN\CHIN_01.jpg,,,,,,
HOKUM,.jpg,1,3,3,0,779996,761.7 KB,S:\_POST_PRODUCTION\_VFX_ELEMENTS\3D Models\Large collection of 3d models\Helicopters\HOKUM,S:\_POST_PRODUCTION\_VFX_ELEMENTS\3D Models\Large collection of 3d models\Helicopters\HOKUM\HOKUM_01.jpg,,,,,,
HUEY,.jpg,1,3,3,0,679833,663.9 KB,S:\_POST_PRODUCTION\_VFX_ELEMENTS\3D Models\Large collection of 3d models\Helicopters\HUEY,S:\_POST_PRODUCTION\_VFX_ELEMENTS\3D Models\Large collection of 3d models\Helicopters\HUEY\HUEY_01.jpg,,,,,,
HUS1,.jpg,1,3,3,0,816523,797.4 KB,S:\_POST_PRODUCTION\_VFX_ELEMENTS\3D Models\Large collection of 3d models\Helicopters\HUS1,S:\_POST_PRODUCTION\_VFX_ELEMENTS\3D Models\Large collection of 3d models\Helicopters\HUS1\HUS1_01.jpg,,,,,,
KA25A,.jpg,1,3,3,0,798030,779.3 KB,S:\_POST_PRODUCTION\_VFX_ELEMENTS\3D Models\Large collection of 3d models\Helicopters\KA25A,S:\_POST_PRODUCTION\_VFX_ELEMENTS\3D Models\Large collection of 3d models\Helicopters\KA25A\KA25A_01.jpg,,,,,,
KA25,.jpg,35,58,11,13,109832,107.3 KB,S:\_POST_PRODUCTION\_VFX_ELEMENTS\3D Models\Large collection of 3d models\Helicopters\KA25A\KA25A,S:\_POST_PRODUCTION\_VFX_ELEMENTS\3D Models\Large collection of 3d models\Helicopters\KA25A\KA25A\KA25_035.JPG,,,,,,
MI_2,.jpg,1,3,3,0,693547,677.3 KB,S:\_POST_PRODUCTION\_VFX_ELEMENTS\3D Models\Large collection of 3d models\Helicopters\MI_2,S:\_POST_PRODUCTION\_VFX_ELEMENTS\3D Models\Large collection of 3d models\Helicopters\MI_2\MI_2_01.jpg,,,,,,
SH2F,.jpg,1,3,3,0,677183,661.3 KB,S:\_POST_PRODUCTION\_VFX_ELEMENTS\3D Models\Large collection of 3d models\Helicopters\SH2F,S:\_POST_PRODUCTION\_VFX_ELEMENTS\3D Models\Large collection of 3d models\Helicopters\SH2F\SH2F_01.jpg,,,,,,
T_HELI,.jpg,1,3,3,0,804894,786.0 KB,S:\_POST_PRODUCTION\_VFX_ELEMENTS\3D Models\Large collection of 3d models\Helicopters\T_HELI,S:\_POST_PRODUCTION\_VFX_ELEMENTS\3D Models\Large collection of 3d models\Helicopters\T_HELI\T_HELI01.jpg,,,,,,
EARH,.jpg,1,3,3,0,602859,588.7 KB,S:\_POST_PRODUCTION\_VFX_ELEMENTS\3D Models\Large collection of 3d models\Human\EARH,S:\_POST_PRODUCTION\_VFX_ELEMENTS\3D Models\Large collection of 3d models\Human\EARH\EARH_01.jpg,,,,,,
LEXTRE,.jpg,1,3,3,0,559833,546.7 KB,S:\_POST_PRODUCTION\_VFX_ELEMENTS\3D Models\Large collection of 3d models\Human\LEXTREM,S:\_POST_PRODUCTION\_VFX_ELEMENTS\3D Models\Large collection of 3d models\Human\LEXTREM\LEXTRE01.jpg,,,,,,
MAN,.jpg,1,3,3,0,510481,498.5 KB,S:\_POST_PRODUCTION\_VFX_ELEMENTS\3D Models\Large collection of 3d models\Human\MAN,S:\_POST_PRODUCTION\_VFX_ELEMENTS\3D Models\Large collection of 3d models\Human\MAN\MAN_01.jpg,,,,,,
SIGHT,.jpg,1,3,3,0,524000,511.7 KB,S:\_POST_PRODUCTION\_VFX_ELEMENTS\3D Models\Large collection of 3d models\Human\SIGHT,S:\_POST_PRODUCTION\_VFX_ELEMENTS\3D Models\Large collection of 3d models\Human\SIGHT\SIGHT_01.jpg,,,,,,
SKULL,.jpg,1,3,3,0,509455,497.5 KB,S:\_POST_PRODUCTION\_VFX_ELEMENTS\3D Models\Large collection of 3d models\Human\SKULL,S:\_POST_PRODUCTION\_VFX_ELEMENTS\3D Models\Large collection of 3d models\Human\SKULL\SKULL_01.jpg,,,,,,
THORAX,.jpg,1,3,3,0,565545,552.3 KB,S:\_POST_PRODUCTION\_VFX_ELEMENTS\3D Models\Large collection of 3d models\Human\THORAX,S:\_POST_PRODUCTION\_VFX_ELEMENTS\3D Models\Large collection of 3d models\Human\THORAX\THORAX01.jpg,,,,,,
UEXTRE,.jpg,1,3,3,0,510586,498.6 KB,S:\_POST_PRODUCTION\_VFX_ELEMENTS\3D Models\Large collection of 3d models\Human\UEXTREM,S:\_POST_PRODUCTION\_VFX_ELEMENTS\3D Models\Large collection of 3d models\Human\UEXTREM\UEXTRE01.jpg,,,,,,
WOMAN,.jpg,1,2,2,0,400053,390.7 KB,S:\_POST_PRODUCTION\_VFX_ELEMENTS\3D Models\Large collection of 3d models\Human\WOMAN,S:\_POST_PRODUCTION\_VFX_ELEMENTS\3D Models\Large collection of 3d models\Human\WOMAN\WOMAN_01.jpg,,,,,,
BIBER,.jpg,1,3,3,0,423779,413.8 KB,S:\_POST_PRODUCTION\_VFX_ELEMENTS\3D Models\Large collection of 3d models\Millitary Boats\BIBER,S:\_POST_PRODUCTION\_VFX_ELEMENTS\3D Models\Large collection of 3d models\Millitary Boats\BIBER\BIBER_01.jpg,,,,,,
BISMAR,.jpg,1,3,3,0,474597,463.5 KB,S:\_POST_PRODUCTION\_VFX_ELEMENTS\3D Models\Large collection of 3d models\Millitary Boats\BISMARK,S:\_POST_PRODUCTION\_VFX_ELEMENTS\3D Models\Large collection of 3d models\Millitary Boats\BISMARK\BISMAR01.jpg,,,,,,
BSM_RM,.tif,1,2,2,0,854166,834.1 KB,S:\_POST_PRODUCTION\_VFX_ELEMENTS\3D Models\Large collection of 3d models\Millitary Boats\BISMARK\BISMARK,S:\_POST_PRODUCTION\_VFX_ELEMENTS\3D Models\Large collection of 3d models\Millitary Boats\BISMARK\BISMARK\BSM_RM01.TIF,,,,,,
CONSTI,.jpg,1,3,3,0,773603,755.5 KB,S:\_POST_PRODUCTION\_VFX_ELEMENTS\3D Models\Large collection of 3d models\Millitary Boats\CONSTITU,S:\_POST_PRODUCTION\_VFX_ELEMENTS\3D Models\Large collection of 3d models\Millitary Boats\CONSTITU\CONSTI01.jpg,,,,,,
DALLAS,.jpg,1,3,3,0,355668,347.3 KB,S:\_POST_PRODUCTION\_VFX_ELEMENTS\3D Models\Large collection of 3d models\Millitary Boats\DALLAS,S:\_POST_PRODUCTION\_VFX_ELEMENTS\3D Models\Large collection of 3d models\Millitary Boats\DALLAS\DALLAS01.jpg,,,,,,
DEMORA,.jpg,1,3,3,0,434261,424.1 KB,S:\_POST_PRODUCTION\_VFX_ELEMENTS\3D Models\Large collection of 3d models\Millitary Boats\DEMORA,S:\_POST_PRODUCTION\_VFX_ELEMENTS\3D Models\Large collection of 3d models\Millitary Boats\DEMORA\DEMORA01.jpg,,,,,,
EMDEN,.jpg,1,3,3,0,593882,580.0 KB,S:\_POST_PRODUCTION\_VFX_ELEMENTS\3D Models\Large collection of 3d models\Millitary Boats\EMDEN,S:\_POST_PRODUCTION\_VFX_ELEMENTS\3D Models\Large collection of 3d models\Millitary Boats\EMDEN\EMDEN_01.jpg,,,,,,
GLORIE,.jpg,1,3,3,0,957832,935.4 KB,S:\_POST_PRODUCTION\_VFX_ELEMENTS\3D Models\Large collection of 3d models\Millitary Boats\GLORIEUX,S:\_POST_PRODUCTION\_VFX_ELEMENTS\3D Models\Large collection of 3d models\Millitary Boats\GLORIEUX\GLORIE01.jpg,,,,,,
GREEK,.jpg,1,3,3,0,923119,901.5 KB,S:\_POST_PRODUCTION\_VFX_ELEMENTS\3D Models\Large collection of 3d models\Millitary Boats\GREEK,S:\_POST_PRODUCTION\_VFX_ELEMENTS\3D Models\Large collection of 3d models\Millitary Boats\GREEK\GREEK_01.jpg,,,,,,
KNEB,.jpg,1,3,3,0,545360,532.6 KB,S:\_POST_PRODUCTION\_VFX_ELEMENTS\3D Models\Large collection of 3d models\Millitary Boats\KNEB,S:\_POST_PRODUCTION\_VFX_ELEMENTS\3D Models\Large collection of 3d models\Millitary Boats\KNEB\KNEB_01.jpg,,,,,,
LSS,.jpg,1,3,3,0,387660,378.6 KB,S:\_POST_PRODUCTION\_VFX_ELEMENTS\3D Models\Large collection of 3d models\Millitary Boats\LSS,S:\_POST_PRODUCTION\_VFX_ELEMENTS\3D Models\Large collection of 3d models\Millitary Boats\LSS\LSS_01.jpg,,,,,,
LSSC,.jpg,1,3,3,0,429156,419.1 KB,S:\_POST_PRODUCTION\_VFX_ELEMENTS\3D Models\Large collection of 3d models\Millitary Boats\LSSC,S:\_POST_PRODUCTION\_VFX_ELEMENTS\3D Models\Large collection of 3d models\Millitary Boats\LSSC\LSSC_01.jpg,,,,,,
MYFLOW,.jpg,1,3,3,0,899070,878.0 KB,S:\_POST_PRODUCTION\_VFX_ELEMENTS\3D Models\Large collection of 3d models\Millitary Boats\MYFLOWER,S:\_POST_PRODUCTION\_VFX_ELEMENTS\3D Models\Large collection of 3d models\Millitary Boats\MYFLOWER\MYFLOW01.jpg,,,,,,
NANU,.jpg,1,3,3,0,547797,535.0 KB,S:\_POST_PRODUCTION\_VFX_ELEMENTS\3D Models\Large collection of 3d models\Millitary Boats\NANU,S:\_POST_PRODUCTION\_VFX_ELEMENTS\3D Models\Large collection of 3d models\Millitary Boats\NANU\NANU_01.jpg,,,,,,
NEGER,.jpg,1,3,3,0,409086,399.5 KB,S:\_POST_PRODUCTION\_VFX_ELEMENTS\3D Models\Large collection of 3d models\Millitary Boats\NEGER,S:\_POST_PRODUCTION\_VFX_ELEMENTS\3D Models\Large collection of 3d models\Millitary Boats\NEGER\NEGER_01.jpg,,,,,,
NGER,.jpg,2,7,5,1,49476,48.3 KB,S:\_POST_PRODUCTION\_VFX_ELEMENTS\3D Models\Large collection of 3d models\Millitary Boats\NEGER\NEGER,S:\_POST_PRODUCTION\_VFX_ELEMENTS\3D Models\Large collection of 3d models\Millitary Boats\NEGER\NEGER\NGER002.JPG,,,,,,
NYERSE,.jpg,1,3,3,0,761221,743.4 KB,S:\_POST_PRODUCTION\_VFX_ELEMENTS\3D Models\Large collection of 3d models\Millitary Boats\NYERSEY,S:\_POST_PRODUCTION\_VFX_ELEMENTS\3D Models\Large collection of 3d models\Millitary Boats\NYERSEY\NYERSE01.jpg,,,,,,
OTSU_I,.jpg,1,3,3,0,510520,498.6 KB,S:\_POST_PRODUCTION\_VFX_ELEMENTS\3D Models\Large collection of 3d models\Millitary Boats\OTSU_I19,S:\_POST_PRODUCTION\_VFX_ELEMENTS\3D Models\Large collection of 3d models\Millitary Boats\OTSU_I19\OTSU_I01.jpg,,,,,,
T,.tif,19,191,2,171,75964,74.2 KB,S:\_POST_PRODUCTION\_VFX_ELEMENTS\3D Models\Large collection of 3d models\Millitary Boats\OTSU_I19\OTSU_I19,S:\_POST_PRODUCTION\_VFX_ELEMENTS\3D Models\Large collection of 3d models\Millitary Boats\OTSU_I19\OTSU_I19\T19.TIF,,,,,,
PATROL,.jpg,1,3,3,0,600235,586.2 KB,S:\_POST_PRODUCTION\_VFX_ELEMENTS\3D Models\Large collection of 3d models\Millitary Boats\PATROLB,S:\_POST_PRODUCTION\_VFX_ELEMENTS\3D Models\Large collection of 3d models\Millitary Boats\PATROLB\PATROL01.jpg,,,,,,
PIBBER,.jpg,1,3,3,0,442713,432.3 KB,S:\_POST_PRODUCTION\_VFX_ELEMENTS\3D Models\Large collection of 3d models\Millitary Boats\PIBBER,S:\_POST_PRODUCTION\_VFX_ELEMENTS\3D Models\Large collection of 3d models\Millitary Boats\PIBBER\PIBBER01.jpg,,,,,,
POLA,.jpg,1,3,3,0,513582,501.5 KB,S:\_POST_PRODUCTION\_VFX_ELEMENTS\3D Models\Large collection of 3d models\Millitary Boats\POLA,S:\_POST_PRODUCTION\_VFX_ELEMENTS\3D Models\Large collection of 3d models\Millitary Boats\POLA\POLA_01.jpg,,,,,,
PT109,.jpg,1,3,3,0,661039,645.5 KB,S:\_POST_PRODUCTION\_VFX_ELEMENTS\3D Models\Large collection of 3d models\Millitary Boats\PT109,S:\_POST_PRODUCTION\_VFX_ELEMENTS\3D Models\Large collection of 3d models\Millitary Boats\PT109\PT109_01.jpg,,,,,,
PT32,.jpg,1,3,3,0,908229,886.9 KB,S:\_POST_PRODUCTION\_VFX_ELEMENTS\3D Models\Large collection of 3d models\Millitary Boats\PT32,S:\_POST_PRODUCTION\_VFX_ELEMENTS\3D Models\Large collection of 3d models\Millitary Boats\PT32\PT32_01.jpg,,,,,,
REALE,.jpg,1,3,3,0,1130482,1.1 MB,S:\_POST_PRODUCTION\_VFX_ELEMENTS\3D Models\Large collection of 3d models\Millitary Boats\REALE,S:\_POST_PRODUCTION\_VFX_ELEMENTS\3D Models\Large collection of 3d models\Millitary Boats\REALE\REALE_01.jpg,,,,,,
REDOUT,.jpg,1,3,3,0,380292,371.4 KB,S:\_POST_PRODUCTION\_VFX_ELEMENTS\3D Models\Large collection of 3d models\Millitary Boats\REDOUTAB,S:\_POST_PRODUCTION\_VFX_ELEMENTS\3D Models\Large collection of 3d models\Millitary Boats\REDOUTAB\REDOUT01.jpg,,,,,,
ROMANS,.jpg,1,3,3,0,678264,662.4 KB,S:\_POST_PRODUCTION\_VFX_ELEMENTS\3D Models\Large collection of 3d models\Millitary Boats\ROMANSHP,S:\_POST_PRODUCTION\_VFX_ELEMENTS\3D Models\Large collection of 3d models\Millitary Boats\ROMANSHP\ROMANS01.jpg,,,,,,
SEEHUN,.jpg,1,3,3,0,441590,431.2 KB,S:\_POST_PRODUCTION\_VFX_ELEMENTS\3D Models\Large collection of 3d models\Millitary Boats\SEEHUND,S:\_POST_PRODUCTION\_VFX_ELEMENTS\3D Models\Large collection of 3d models\Millitary Boats\SEEHUND\SEEHUN01.jpg,,,,,,
SHINAN,.jpg,1,3,3,0,555832,542.8 KB,S:\_POST_PRODUCTION\_VFX_ELEMENTS\3D Models\Large collection of 3d models\Millitary Boats\SHINANO,S:\_POST_PRODUCTION\_VFX_ELEMENTS\3D Models\Large collection of 3d models\Millitary Boats\SHINANO\SHINAN01.jpg,,,,,,
SIREN,.jpg,1,3,3,0,1519426,1.4 MB,S:\_POST_PRODUCTION\_VFX_ELEMENTS\3D Models\Large collection of 3d models\Millitary Boats\SIREN,S:\_POST_PRODUCTION\_VFX_ELEMENTS\3D Models\Large collection of 3d models\Millitary Boats\SIREN\SIREN_01.jpg,,,,,,
SOLEIL,.jpg,1,3,3,0,863251,843.0 KB,S:\_POST_PRODUCTION\_VFX_ELEMENTS\3D Models\Large collection of 3d models\Millitary Boats\SOLEIL,S:\_POST_PRODUCTION\_VFX_ELEMENTS\3D Models\Large collection of 3d models\Millitary Boats\SOLEIL\SOLEIL01.jpg,,,,,,
SUBCHS,.jpg,1,3,3,0,550170,537.3 KB,S:\_POST_PRODUCTION\_VFX_ELEMENTS\3D Models\Large collection of 3d models\Millitary Boats\SUBCHS,S:\_POST_PRODUCTION\_VFX_ELEMENTS\3D Models\Large collection of 3d models\Millitary Boats\SUBCHS\SUBCHS01.jpg,,,,,,
SUPERB,.jpg,1,3,3,0,919188,897.6 KB,S:\_POST_PRODUCTION\_VFX_ELEMENTS\3D Models\Large collection of 3d models\Millitary Boats\SUPERBE,S:\_POST_PRODUCTION\_VFX_ELEMENTS\3D Models\Large collection of 3d models\Millitary Boats\SUPERBE\SUPERB01.jpg,,,,,,
TARAWA,.jpg,1,3,3,0,463075,452.2 KB,S:\_POST_PRODUCTION\_VFX_ELEMENTS\3D Models\Large collection of 3d models\Millitary Boats\TARAWA,S:\_POST_PRODUCTION\_VFX_ELEMENTS\3D Models\Large collection of 3d models\Millitary Boats\TARAWA\TARAWA01.jpg,,,,,,
TYPE7B,.jpg,1,3,3,0,441894,431.5 KB,S:\_POST_PRODUCTION\_VFX_ELEMENTS\3D Models\Large collection of 3d models\Millitary Boats\TYPE7B,S:\_POST_PRODUCTION\_VFX_ELEMENTS\3D Models\Large collection of 3d models\Millitary Boats\TYPE7B\TYPE7B01.jpg,,,,,,
T_LCVP,.jpg,1,3,3,0,434532,424.3 KB,S:\_POST_PRODUCTION\_VFX_ELEMENTS\3D Models\Large collection of 3d models\Millitary Boats\T_LCVP,S:\_POST_PRODUCTION\_VFX_ELEMENTS\3D Models\Large collection of 3d models\Millitary Boats\T_LCVP\T_LCVP01.jpg,,,,,,
USS_OH,.jpg,1,3,3,0,386566,377.5 KB,S:\_POST_PRODUCTION\_VFX_ELEMENTS\3D Models\Large collection of 3d models\Millitary Boats\USS_OHIO,S:\_POST_PRODUCTION\_VFX_ELEMENTS\3D Models\Large collection of 3d models\Millitary Boats\USS_OHIO\USS_OH01.jpg,,,,,,
VALLEY,.jpg,1,3,3,0,513294,501.3 KB,S:\_POST_PRODUCTION\_VFX_ELEMENTS\3D Models\Large collection of 3d models\Millitary Boats\VALLEY,S:\_POST_PRODUCTION\_VFX_ELEMENTS\3D Models\Large collection of 3d models\Millitary Boats\VALLEY\VALLEY01.jpg,,,,,,
VICTOR,.jpg,1,3,3,0,1000763,977.3 KB,S:\_POST_PRODUCTION\_VFX_ELEMENTS\3D Models\Large collection of 3d models\Millitary Boats\VICTORY,S:\_POST_PRODUCTION\_VFX_ELEMENTS\3D Models\Large collection of 3d models\Millitary Boats\VICTORY\VICTOR01.jpg,,,,,,
VIKSHI,.jpg,1,3,3,0,729226,712.1 KB,S:\_POST_PRODUCTION\_VFX_ELEMENTS\3D Models\Large collection of 3d models\Millitary Boats\VIKSHIP,S:\_POST_PRODUCTION\_VFX_ELEMENTS\3D Models\Large collection of 3d models\Millitary Boats\VIKSHIP\VIKSHI01.jpg,,,,,,
VOSPER,.jpg,1,3,3,0,464195,453.3 KB,S:\_POST_PRODUCTION\_VFX_ELEMENTS\3D Models\Large collection of 3d models\Millitary Boats\VOSPER,S:\_POST_PRODUCTION\_VFX_ELEMENTS\3D Models\Large collection of 3d models\Millitary Boats\VOSPER\VOSPER01.jpg,,,,,,
ABRAMS,.jpg,1,3,3,0,680697,664.7 KB,S:\_POST_PRODUCTION\_VFX_ELEMENTS\3D Models\Large collection of 3d models\Millitary\ABRAMS,S:\_POST_PRODUCTION\_VFX_ELEMENTS\3D Models\Large collection of 3d models\Millitary\ABRAMS\ABRAMS01.jpg,,,,,,
AMBWC,.jpg,501,503,3,0,640588,625.6 KB,S:\_POST_PRODUCTION\_VFX_ELEMENTS\3D Models\Large collection of 3d models\Millitary\AMBWC54,S:\_POST_PRODUCTION\_VFX_ELEMENTS\3D Models\Large collection of 3d models\Millitary\AMBWC54\AMBWC501.jpg,,,,,,
AMX,.jpg,3001,3003,3,0,776233,758.0 KB,S:\_POST_PRODUCTION\_VFX_ELEMENTS\3D Models\Large collection of 3d models\Millitary\AMX_30,S:\_POST_PRODUCTION\_VFX_ELEMENTS\3D Models\Large collection of 3d models\Millitary\AMX_30\AMX_3001.jpg,,,,,,
NUM,.tif,9,10,2,0,317175,309.7 KB,S:\_POST_PRODUCTION\_VFX_ELEMENTS\3D Models\Large collection of 3d models\Millitary\AMX_30\AMX_30,S:\_POST_PRODUCTION\_VFX_ELEMENTS\3D Models\Large collection of 3d models\Millitary\AMX_30\AMX_30\NUM09.TIF,,,,,,
BRDM3,.jpg,1,3,3,0,583924,570.2 KB,S:\_POST_PRODUCTION\_VFX_ELEMENTS\3D Models\Large collection of 3d models\Millitary\BRDM3,S:\_POST_PRODUCTION\_VFX_ELEMENTS\3D Models\Large collection of 3d models\Millitary\BRDM3\BRDM3_01.jpg,,,,,,
FEMALE,.jpg,1,3,3,0,643461,628.4 KB,S:\_POST_PRODUCTION\_VFX_ELEMENTS\3D Models\Large collection of 3d models\Millitary\FEMALE,S:\_POST_PRODUCTION\_VFX_ELEMENTS\3D Models\Large collection of 3d models\Millitary\FEMALE\FEMALE01.jpg,,,,,,
FLACKP,.jpg,1,3,3,0,636813,621.9 KB,S:\_POST_PRODUCTION\_VFX_ELEMENTS\3D Models\Large collection of 3d models\Millitary\FLACKP,S:\_POST_PRODUCTION\_VFX_ELEMENTS\3D Models\Large collection of 3d models\Millitary\FLACKP\FLACKP01.jpg,,,,,,
,.tga,67,212,2,144,74461,72.7 KB,S:\_POST_PRODUCTION\_VFX_ELEMENTS\3D Models\Large collection of 3d models\Millitary\FLACKP\FLACKP,S:\_POST_PRODUCTION\_VFX_ELEMENTS\3D Models\Large collection of 3d models\Millitary\FLACKP\FLACKP\67.TGA,,,,,,
FT17_B,.jpg,1,3,3,0,631258,616.5 KB,S:\_POST_PRODUCTION\_VFX_ELEMENTS\3D Models\Large collection of 3d models\Millitary\FT17_BER,S:\_POST_PRODUCTION\_VFX_ELEMENTS\3D Models\Large collection of 3d models\Millitary\FT17_BER\FT17_B01.jpg,,,,,,
GMC,.jpg,1,3,3,0,642279,627.2 KB,S:\_POST_PRODUCTION\_VFX_ELEMENTS\3D Models\Large collection of 3d models\Millitary\GMC,S:\_POST_PRODUCTION\_VFX_ELEMENTS\3D Models\Large collection of 3d models\Millitary\GMC\GMC_01.jpg,,,,,,
HEMTT,.jpg,1,3,3,0,692677,676.4 KB,S:\_POST_PRODUCTION\_VFX_ELEMENTS\3D Models\Large collection of 3d models\Millitary\HEMTT,S:\_POST_PRODUCTION\_VFX_ELEMENTS\3D Models\Large collection of 3d models\Millitary\HEMTT\HEMTT_01.jpg,,,,,,
HUMMER,.jpg,1,3,3,0,756521,738.8 KB,S:\_POST_PRODUCTION\_VFX_ELEMENTS\3D Models\Large collection of 3d models\Millitary\HUMMER,S:\_POST_PRODUCTION\_VFX_ELEMENTS\3D Models\Large collection of 3d models\Millitary\HUMMER\HUMMER01.jpg,,,,,,
JAGDPA,.jpg,1,3,3,0,688198,672.1 KB,S:\_POST_PRODUCTION\_VFX_ELEMENTS\3D Models\Large collection of 3d models\Millitary\JAGDPANZ,S:\_POST_PRODUCTION\_VFX_ELEMENTS\3D Models\Large collection of 3d models\Millitary\JAGDPANZ\JAGDPA01.jpg,,,,,,
KUBEL,.jpg,1,3,3,0,614408,600.0 KB,S:\_POST_PRODUCTION\_VFX_ELEMENTS\3D Models\Large collection of 3d models\Millitary\KUBEL,S:\_POST_PRODUCTION\_VFX_ELEMENTS\3D Models\Large collection of 3d models\Millitary\KUBEL\KUBEL_01.jpg,,,,,,
LECRER,.jpg,1,3,3,0,614604,600.2 KB,S:\_POST_PRODUCTION\_VFX_ELEMENTS\3D Models\Large collection of 3d models\Millitary\LECRERC,S:\_POST_PRODUCTION\_VFX_ELEMENTS\3D Models\Large collection of 3d models\Millitary\LECRERC\LECRER01.jpg,,,,,,
M110A,.jpg,201,203,3,0,635771,620.9 KB,S:\_POST_PRODUCTION\_VFX_ELEMENTS\3D Models\Large collection of 3d models\Millitary\M110A2,S:\_POST_PRODUCTION\_VFX_ELEMENTS\3D Models\Large collection of 3d models\Millitary\M110A2\M110A201.jpg,,,,,,
M29,.jpg,1,3,3,0,661158,645.7 KB,S:\_POST_PRODUCTION\_VFX_ELEMENTS\3D Models\Large collection of 3d models\Millitary\M29,S:\_POST_PRODUCTION\_VFX_ELEMENTS\3D Models\Large collection of 3d models\Millitary\M29\M29_01.jpg,,,,,,
M2A2,.jpg,1,3,3,0,741691,724.3 KB,S:\_POST_PRODUCTION\_VFX_ELEMENTS\3D Models\Large collection of 3d models\Millitary\M2A2,S:\_POST_PRODUCTION\_VFX_ELEMENTS\3D Models\Large collection of 3d models\Millitary\M2A2\M2A2_01.jpg,,,,,,
M3GRAN,.jpg,1,3,3,0,774396,756.2 KB,S:\_POST_PRODUCTION\_VFX_ELEMENTS\3D Models\Large collection of 3d models\Millitary\M3GRANT,S:\_POST_PRODUCTION\_VFX_ELEMENTS\3D Models\Large collection of 3d models\Millitary\M3GRANT\M3GRAN01.jpg,,,,,,
M4A,.jpg,37501,37503,3,0,675493,659.7 KB,S:\_POST_PRODUCTION\_VFX_ELEMENTS\3D Models\Large collection of 3d models\Millitary\M4A375W,S:\_POST_PRODUCTION\_VFX_ELEMENTS\3D Models\Large collection of 3d models\Millitary\M4A375W\M4A37501.jpg,,,,,,
M60,.jpg,1,3,3,0,602501,588.4 KB,S:\_POST_PRODUCTION\_VFX_ELEMENTS\3D Models\Large collection of 3d models\Millitary\M60,S:\_POST_PRODUCTION\_VFX_ELEMENTS\3D Models\Large collection of 3d models\Millitary\M60\M60_01.jpg,,,,,,
M730A,.jpg,101,103,3,0,693835,677.6 KB,S:\_POST_PRODUCTION\_VFX_ELEMENTS\3D Models\Large collection of 3d models\Millitary\M730A1,S:\_POST_PRODUCTION\_VFX_ELEMENTS\3D Models\Large collection of 3d models\Millitary\M730A1\M730A101.jpg,,,,,,
SDKFZ,.jpg,201,203,3,0,740831,723.5 KB,S:\_POST_PRODUCTION\_VFX_ELEMENTS\3D Models\Large collection of 3d models\Millitary\SDKFZ2,S:\_POST_PRODUCTION\_VFX_ELEMENTS\3D Models\Large collection of 3d models\Millitary\SDKFZ2\SDKFZ201.jpg,,,,,,
SWIM,.jpg,1,3,3,0,683547,667.5 KB,S:\_POST_PRODUCTION\_VFX_ELEMENTS\3D Models\Large collection of 3d models\Millitary\SWIM,S:\_POST_PRODUCTION\_VFX_ELEMENTS\3D Models\Large collection of 3d models\Millitary\SWIM\SWIM_01.jpg,,,,,,
TIGER,.jpg,1,3,3,0,693730,677.5 KB,S:\_POST_PRODUCTION\_VFX_ELEMENTS\3D Models\Large collection of 3d models\Millitary\TIGER,S:\_POST_PRODUCTION\_VFX_ELEMENTS\3D Models\Large collection of 3d models\Millitary\TIGER\TIGER_01.jpg,,,,,,
V100,.jpg,1,3,3,0,658676,643.2 KB,S:\_POST_PRODUCTION\_VFX_ELEMENTS\3D Models\Large collection of 3d models\Millitary\V100,S:\_POST_PRODUCTION\_VFX_ELEMENTS\3D Models\Large collection of 3d models\Millitary\V100\V100_01.jpg,,,,,,
WILLYS,.jpg,1,3,3,0,686897,670.8 KB,S:\_POST_PRODUCTION\_VFX_ELEMENTS\3D Models\Large collection of 3d models\Millitary\WILLYS,S:\_POST_PRODUCTION\_VFX_ELEMENTS\3D Models\Large collection of 3d models\Millitary\WILLYS\WILLYS01.jpg,,,,,,
WMCVUN,.jpg,1,3,3,0,943594,921.5 KB,S:\_POST_PRODUCTION\_VFX_ELEMENTS\3D Models\Large collection of 3d models\Millitary\WMCVUN,S:\_POST_PRODUCTION\_VFX_ELEMENTS\3D Models\Large collection of 3d models\Millitary\WMCVUN\WMCVUN01.jpg,,,,,,
ACE,.jpg,1,3,3,0,966458,943.8 KB,S:\_POST_PRODUCTION\_VFX_ELEMENTS\3D Models\Large collection of 3d models\Motorcicles\ACE,S:\_POST_PRODUCTION\_VFX_ELEMENTS\3D Models\Large collection of 3d models\Motorcicles\ACE\ACE_01.jpg,,,,,,
BIMOTA,.jpg,1,3,3,0,772072,754.0 KB,S:\_POST_PRODUCTION\_VFX_ELEMENTS\3D Models\Large collection of 3d models\Motorcicles\BIMOTA,S:\_POST_PRODUCTION\_VFX_ELEMENTS\3D Models\Large collection of 3d models\Motorcicles\BIMOTA\BIMOTA01.jpg,,,,,,
BMW,.jpg,11001,11003,3,0,921518,899.9 KB,S:\_POST_PRODUCTION\_VFX_ELEMENTS\3D Models\Large collection of 3d models\Motorcicles\BMW1100,S:\_POST_PRODUCTION\_VFX_ELEMENTS\3D Models\Large collection of 3d models\Motorcicles\BMW1100\BMW11001.jpg,,,,,,
BMWK,.jpg,1001,1003,3,0,815245,796.1 KB,S:\_POST_PRODUCTION\_VFX_ELEMENTS\3D Models\Large collection of 3d models\Motorcicles\BMWK100,S:\_POST_PRODUCTION\_VFX_ELEMENTS\3D Models\Large collection of 3d models\Motorcicles\BMWK100\BMWK1001.jpg,,,,,,
DENIS,.jpg,1,3,3,0,835243,815.7 KB,S:\_POST_PRODUCTION\_VFX_ELEMENTS\3D Models\Large collection of 3d models\Motorcicles\DENIS,S:\_POST_PRODUCTION\_VFX_ELEMENTS\3D Models\Large collection of 3d models\Motorcicles\DENIS\DENIS_01.jpg,,,,,,
DUC,.jpg,91601,91603,3,0,790860,772.3 KB,S:\_POST_PRODUCTION\_VFX_ELEMENTS\3D Models\Large collection of 3d models\Motorcicles\DUC916,S:\_POST_PRODUCTION\_VFX_ELEMENTS\3D Models\Large collection of 3d models\Motorcicles\DUC916\DUC91601.jpg,,,,,,
ELTYPE,.jpg,1,3,3,0,902059,880.9 KB,S:\_POST_PRODUCTION\_VFX_ELEMENTS\3D Models\Large collection of 3d models\Motorcicles\ELTYPE,S:\_POST_PRODUCTION\_VFX_ELEMENTS\3D Models\Large collection of 3d models\Motorcicles\ELTYPE\ELTYPE01.jpg,,,,,,
FACILE,.jpg,1,3,3,0,1336495,1.3 MB,S:\_POST_PRODUCTION\_VFX_ELEMENTS\3D Models\Large collection of 3d models\Motorcicles\FACILE,S:\_POST_PRODUCTION\_VFX_ELEMENTS\3D Models\Large collection of 3d models\Motorcicles\FACILE\FACILE01.jpg,,,,,,
FRECCI,.jpg,1,3,3,0,1243816,1.2 MB,S:\_POST_PRODUCTION\_VFX_ELEMENTS\3D Models\Large collection of 3d models\Motorcicles\FRECCIA,S:\_POST_PRODUCTION\_VFX_ELEMENTS\3D Models\Large collection of 3d models\Motorcicles\FRECCIA\FRECCI01.jpg,,,,,,
HDARMY,.jpg,1,3,3,0,726135,709.1 KB,S:\_POST_PRODUCTION\_VFX_ELEMENTS\3D Models\Large collection of 3d models\Motorcicles\HDARMY,S:\_POST_PRODUCTION\_VFX_ELEMENTS\3D Models\Large collection of 3d models\Motorcicles\HDARMY\HDARMY01.jpg,,,,,,
HDFAT,.jpg,1,3,3,0,840326,820.6 KB,S:\_POST_PRODUCTION\_VFX_ELEMENTS\3D Models\Large collection of 3d models\Motorcicles\HDFAT,S:\_POST_PRODUCTION\_VFX_ELEMENTS\3D Models\Large collection of 3d models\Motorcicles\HDFAT\HDFAT_01.jpg,,,,,,
HDHER,.jpg,1,3,3,0,845099,825.3 KB,S:\_POST_PRODUCTION\_VFX_ELEMENTS\3D Models\Large collection of 3d models\Motorcicles\HDHER,S:\_POST_PRODUCTION\_VFX_ELEMENTS\3D Models\Large collection of 3d models\Motorcicles\HDHER\HDHER_01.jpg,,,,,,
HDPOL,.jpg,1,3,3,0,843779,824.0 KB,S:\_POST_PRODUCTION\_VFX_ELEMENTS\3D Models\Large collection of 3d models\Motorcicles\HDPOL,S:\_POST_PRODUCTION\_VFX_ELEMENTS\3D Models\Large collection of 3d models\Motorcicles\HDPOL\HDPOL_01.jpg,,,,,,
HEND,.jpg,1901,1903,3,0,1019971,996.1 KB,S:\_POST_PRODUCTION\_VFX_ELEMENTS\3D Models\Large collection of 3d models\Motorcicles\HEND1912,S:\_POST_PRODUCTION\_VFX_ELEMENTS\3D Models\Large collection of 3d models\Motorcicles\HEND1912\HEND1901.jpg,,,,,,
HOND_N,.jpg,1,3,3,0,799866,781.1 KB,S:\_POST_PRODUCTION\_VFX_ELEMENTS\3D Models\Large collection of 3d models\Motorcicles\HOND_NR,S:\_POST_PRODUCTION\_VFX_ELEMENTS\3D Models\Large collection of 3d models\Motorcicles\HOND_NR\HOND_N01.jpg,,,,,,
HOND_M,.jpg,10,16,6,1,293472,286.6 KB,S:\_POST_PRODUCTION\_VFX_ELEMENTS\3D Models\Large collection of 3d models\Motorcicles\HOND_NR\HOND_NR,S:\_POST_PRODUCTION\_VFX_ELEMENTS\3D Models\Large collection of 3d models\Motorcicles\HOND_NR\HOND_NR\HOND_M10.JPG,,,,,,
SHADOW,.jpg,1,3,3,0,963267,940.7 KB,S:\_POST_PRODUCTION\_VFX_ELEMENTS\3D Models\Large collection of 3d models\Motorcicles\SHADOW2,S:\_POST_PRODUCTION\_VFX_ELEMENTS\3D Models\Large collection of 3d models\Motorcicles\SHADOW2\SHADOW01.jpg,,,,,,
T_BMWR,.jpg,1,3,3,0,822761,803.5 KB,S:\_POST_PRODUCTION\_VFX_ELEMENTS\3D Models\Large collection of 3d models\Motorcicles\T_BMWR75,S:\_POST_PRODUCTION\_VFX_ELEMENTS\3D Models\Large collection of 3d models\Motorcicles\T_BMWR75\T_BMWR01.jpg,,,,,,
VFRR,.jpg,1,3,3,0,757741,740.0 KB,S:\_POST_PRODUCTION\_VFX_ELEMENTS\3D Models\Large collection of 3d models\Motorcicles\VFRR,S:\_POST_PRODUCTION\_VFX_ELEMENTS\3D Models\Large collection of 3d models\Motorcicles\VFRR\VFRR_01.jpg,,,,,,
ALTOSH,.jpg,1,3,3,0,618656,604.2 KB,S:\_POST_PRODUCTION\_VFX_ELEMENTS\3D Models\Large collection of 3d models\Music instruments\ALTOSHAW,S:\_POST_PRODUCTION\_VFX_ELEMENTS\3D Models\Large collection of 3d models\Music instruments\ALTOSHAW\ALTOSH01.jpg,,,,,,
ARPA,.jpg,1,3,3,0,763501,745.6 KB,S:\_POST_PRODUCTION\_VFX_ELEMENTS\3D Models\Large collection of 3d models\Music instruments\ARPA,S:\_POST_PRODUCTION\_VFX_ELEMENTS\3D Models\Large collection of 3d models\Music instruments\ARPA\ARPA_01.jpg,,,,,,
BASSOO,.jpg,1,3,3,0,571362,558.0 KB,S:\_POST_PRODUCTION\_VFX_ELEMENTS\3D Models\Large collection of 3d models\Music instruments\BASSOON,S:\_POST_PRODUCTION\_VFX_ELEMENTS\3D Models\Large collection of 3d models\Music instruments\BASSOON\BASSOO01.jpg,,,,,,
CIMBAL,.jpg,1,3,3,0,814663,795.6 KB,S:\_POST_PRODUCTION\_VFX_ELEMENTS\3D Models\Large collection of 3d models\Music instruments\CIMBALES,S:\_POST_PRODUCTION\_VFX_ELEMENTS\3D Models\Large collection of 3d models\Music instruments\CIMBALES\CIMBAL01.jpg,,,,,,
CLARIN,.jpg,1,3,3,0,577424,563.9 KB,S:\_POST_PRODUCTION\_VFX_ELEMENTS\3D Models\Large collection of 3d models\Music instruments\CLARIN,S:\_POST_PRODUCTION\_VFX_ELEMENTS\3D Models\Large collection of 3d models\Music instruments\CLARIN\CLARIN01.jpg,,,,,,
GUITAR,.jpg,1,3,3,0,606641,592.4 KB,S:\_POST_PRODUCTION\_VFX_ELEMENTS\3D Models\Large collection of 3d models\Music instruments\GUITAR,S:\_POST_PRODUCTION\_VFX_ELEMENTS\3D Models\Large collection of 3d models\Music instruments\GUITAR\GUITAR01.jpg,,,,,,
KEYBOA,.jpg,1,3,3,0,702419,686.0 KB,S:\_POST_PRODUCTION\_VFX_ELEMENTS\3D Models\Large collection of 3d models\Music instruments\KEYBOARD,S:\_POST_PRODUCTION\_VFX_ELEMENTS\3D Models\Large collection of 3d models\Music instruments\KEYBOARD\KEYBOA01.jpg,,,,,,
LUDWIG,.jpg,1,3,3,0,954010,931.7 KB,S:\_POST_PRODUCTION\_VFX_ELEMENTS\3D Models\Large collection of 3d models\Music instruments\LUDWIGDR,S:\_POST_PRODUCTION\_VFX_ELEMENTS\3D Models\Large collection of 3d models\Music instruments\LUDWIGDR\LUDWIG01.jpg,,,,,,
SHAWN,.jpg,1,3,3,0,646230,631.1 KB,S:\_POST_PRODUCTION\_VFX_ELEMENTS\3D Models\Large collection of 3d models\Music instruments\SHAWN,S:\_POST_PRODUCTION\_VFX_ELEMENTS\3D Models\Large collection of 3d models\Music instruments\SHAWN\SHAWN_01.jpg,,,,,,
TAMBOR,.jpg,1,3,3,0,678560,662.7 KB,S:\_POST_PRODUCTION\_VFX_ELEMENTS\3D Models\Large collection of 3d models\Music instruments\TAMBOR2,S:\_POST_PRODUCTION\_VFX_ELEMENTS\3D Models\Large collection of 3d models\Music instruments\TAMBOR2\TAMBOR01.jpg,,,,,,
TRUMPE,.jpg,1,3,3,0,740100,722.8 KB,S:\_POST_PRODUCTION\_VFX_ELEMENTS\3D Models\Large collection of 3d models\Music instruments\TRUMPE,S:\_POST_PRODUCTION\_VFX_ELEMENTS\3D Models\Large collection of 3d models\Music instruments\TRUMPE\TRUMPE01.jpg,,,,,,
TRUMPT,.jpg,1,3,3,0,709522,692.9 KB,S:\_POST_PRODUCTION\_VFX_ELEMENTS\3D Models\Large collection of 3d models\Music instruments\TRUMPET,S:\_POST_PRODUCTION\_VFX_ELEMENTS\3D Models\Large collection of 3d models\Music instruments\TRUMPET\TRUMPT01.jpg,,,,,,
VIOLA,.jpg,1,3,3,0,851170,831.2 KB,S:\_POST_PRODUCTION\_VFX_ELEMENTS\3D Models\Large collection of 3d models\Music instruments\VIOLA,S:\_POST_PRODUCTION\_VFX_ELEMENTS\3D Models\Large collection of 3d models\Music instruments\VIOLA\VIOLA_01.jpg,,,,,,
VIOLIN,.jpg,1,3,3,0,826606,807.2 KB,S:\_POST_PRODUCTION\_VFX_ELEMENTS\3D Models\Large collection of 3d models\Music instruments\VIOLIN,S:\_POST_PRODUCTION\_VFX_ELEMENTS\3D Models\Large collection of 3d models\Music instruments\VIOLIN\VIOLIN01.jpg,,,,,,
ZITHER,.jpg,1,3,3,0,993657,970.4 KB,S:\_POST_PRODUCTION\_VFX_ELEMENTS\3D Models\Large collection of 3d models\Music instruments\ZITHER,S:\_POST_PRODUCTION\_VFX_ELEMENTS\3D Models\Large collection of 3d models\Music instruments\ZITHER\ZITHER01.jpg,,,,,,
ANNOUN,.jpg,1,3,3,0,549565,536.7 KB,S:\_POST_PRODUCTION\_VFX_ELEMENTS\3D Models\Large collection of 3d models\Myscelanious\ANNOUNC,S:\_POST_PRODUCTION\_VFX_ELEMENTS\3D Models\Large collection of 3d models\Myscelanious\ANNOUNC\ANNOUN01.jpg,,,,,,
BULLSE,.jpg,1,3,3,0,560231,547.1 KB,S:\_POST_PRODUCTION\_VFX_ELEMENTS\3D Models\Large collection of 3d models\Myscelanious\BULLSE,S:\_POST_PRODUCTION\_VFX_ELEMENTS\3D Models\Large collection of 3d models\Myscelanious\BULLSE\BULLSE01.jpg,,,,,,
CANDEL,.jpg,1,3,3,0,521274,509.1 KB,S:\_POST_PRODUCTION\_VFX_ELEMENTS\3D Models\Large collection of 3d models\Myscelanious\CANDEL,S:\_POST_PRODUCTION\_VFX_ELEMENTS\3D Models\Large collection of 3d models\Myscelanious\CANDEL\CANDEL01.jpg,,,,,,
CANOPE,.jpg,1,3,3,0,949646,927.4 KB,S:\_POST_PRODUCTION\_VFX_ELEMENTS\3D Models\Large collection of 3d models\Myscelanious\CANOPES,S:\_POST_PRODUCTION\_VFX_ELEMENTS\3D Models\Large collection of 3d models\Myscelanious\CANOPES\CANOPE01.jpg,,,,,,
DOMINI,.jpg,1,3,3,0,597260,583.3 KB,S:\_POST_PRODUCTION\_VFX_ELEMENTS\3D Models\Large collection of 3d models\Myscelanious\DOMINI,S:\_POST_PRODUCTION\_VFX_ELEMENTS\3D Models\Large collection of 3d models\Myscelanious\DOMINI\DOMINI01.jpg,,,,,,
DRINKI,.jpg,1,3,3,0,674743,658.9 KB,S:\_POST_PRODUCTION\_VFX_ELEMENTS\3D Models\Large collection of 3d models\Myscelanious\DRINKING,S:\_POST_PRODUCTION\_VFX_ELEMENTS\3D Models\Large collection of 3d models\Myscelanious\DRINKING\DRINKI01.jpg,,,,,,
ERZHER,.jpg,1,3,3,0,678607,662.7 KB,S:\_POST_PRODUCTION\_VFX_ELEMENTS\3D Models\Large collection of 3d models\Myscelanious\ERZHER,S:\_POST_PRODUCTION\_VFX_ELEMENTS\3D Models\Large collection of 3d models\Myscelanious\ERZHER\ERZHER01.jpg,,,,,,
FERDIN,.jpg,1,3,3,0,718817,702.0 KB,S:\_POST_PRODUCTION\_VFX_ELEMENTS\3D Models\Large collection of 3d models\Myscelanious\FERDINAN,S:\_POST_PRODUCTION\_VFX_ELEMENTS\3D Models\Large collection of 3d models\Myscelanious\FERDINAN\FERDIN01.jpg,,,,,,
FPEN,.jpg,1,3,3,0,639357,624.4 KB,S:\_POST_PRODUCTION\_VFX_ELEMENTS\3D Models\Large collection of 3d models\Myscelanious\FPEN,S:\_POST_PRODUCTION\_VFX_ELEMENTS\3D Models\Large collection of 3d models\Myscelanious\FPEN\FPEN_01.jpg,,,,,,
FREDER,.jpg,1,3,3,0,540128,527.5 KB,S:\_POST_PRODUCTION\_VFX_ELEMENTS\3D Models\Large collection of 3d models\Myscelanious\FREDERII,S:\_POST_PRODUCTION\_VFX_ELEMENTS\3D Models\Large collection of 3d models\Myscelanious\FREDERII\FREDER01.jpg,,,,,,
GLOBO,.jpg,1,3,3,0,829684,810.2 KB,S:\_POST_PRODUCTION\_VFX_ELEMENTS\3D Models\Large collection of 3d models\Myscelanious\GLOBO,S:\_POST_PRODUCTION\_VFX_ELEMENTS\3D Models\Large collection of 3d models\Myscelanious\GLOBO\GLOBO_01.jpg,,,,,,
GUILLO,.jpg,1,3,3,0,719067,702.2 KB,S:\_POST_PRODUCTION\_VFX_ELEMENTS\3D Models\Large collection of 3d models\Myscelanious\GUILLOT,S:\_POST_PRODUCTION\_VFX_ELEMENTS\3D Models\Large collection of 3d models\Myscelanious\GUILLOT\GUILLO01.jpg,,,,,,
LAMPAR,.jpg,1,3,3,0,544910,532.1 KB,S:\_POST_PRODUCTION\_VFX_ELEMENTS\3D Models\Large collection of 3d models\Myscelanious\LAMPARA1,S:\_POST_PRODUCTION\_VFX_ELEMENTS\3D Models\Large collection of 3d models\Myscelanious\LAMPARA1\LAMPAR01.jpg,,,,,,
LAMPA,.jpg,301,303,3,0,523311,511.0 KB,S:\_POST_PRODUCTION\_VFX_ELEMENTS\3D Models\Large collection of 3d models\Myscelanious\LAMPARA3,S:\_POST_PRODUCTION\_VFX_ELEMENTS\3D Models\Large collection of 3d models\Myscelanious\LAMPARA3\LAMPA301.jpg,,,,,,
LAMPA,.jpg,401,403,3,0,517254,505.1 KB,S:\_POST_PRODUCTION\_VFX_ELEMENTS\3D Models\Large collection of 3d models\Myscelanious\LAMPARA4,S:\_POST_PRODUCTION\_VFX_ELEMENTS\3D Models\Large collection of 3d models\Myscelanious\LAMPARA4\LAMPA401.jpg,,,,,,
LANTER,.jpg,1,3,3,0,591470,577.6 KB,S:\_POST_PRODUCTION\_VFX_ELEMENTS\3D Models\Large collection of 3d models\Myscelanious\LANTERN,S:\_POST_PRODUCTION\_VFX_ELEMENTS\3D Models\Large collection of 3d models\Myscelanious\LANTERN\LANTER01.jpg,,,,,,
RELOJM,.jpg,1,3,3,0,729422,712.3 KB,S:\_POST_PRODUCTION\_VFX_ELEMENTS\3D Models\Large collection of 3d models\Myscelanious\RELOJMES,S:\_POST_PRODUCTION\_VFX_ELEMENTS\3D Models\Large collection of 3d models\Myscelanious\RELOJMES\RELOJM01.jpg,,,,,,
VELETA,.jpg,1,3,3,0,654428,639.1 KB,S:\_POST_PRODUCTION\_VFX_ELEMENTS\3D Models\Large collection of 3d models\Myscelanious\VELETA,S:\_POST_PRODUCTION\_VFX_ELEMENTS\3D Models\Large collection of 3d models\Myscelanious\VELETA\VELETA01.jpg,,,,,,
AGFACA,.jpg,1,3,3,0,661980,646.5 KB,S:\_POST_PRODUCTION\_VFX_ELEMENTS\3D Models\Large collection of 3d models\Optical\AGFACAM,S:\_POST_PRODUCTION\_VFX_ELEMENTS\3D Models\Large collection of 3d models\Optical\AGFACAM\AGFACA01.jpg,,,,,,
BINOCU,.jpg,1,3,3,0,952436,930.1 KB,S:\_POST_PRODUCTION\_VFX_ELEMENTS\3D Models\Large collection of 3d models\Optical\BINOCU,S:\_POST_PRODUCTION\_VFX_ELEMENTS\3D Models\Large collection of 3d models\Optical\BINOCU\BINOCU01.jpg,,,,,,
COSINA,.jpg,1,3,3,0,692071,675.9 KB,S:\_POST_PRODUCTION\_VFX_ELEMENTS\3D Models\Large collection of 3d models\Optical\COSINA,S:\_POST_PRODUCTION\_VFX_ELEMENTS\3D Models\Large collection of 3d models\Optical\COSINA\COSINA01.jpg,,,,,,
GLASSE,.jpg,1,3,3,0,616956,602.5 KB,S:\_POST_PRODUCTION\_VFX_ELEMENTS\3D Models\Large collection of 3d models\Optical\GLASSES,S:\_POST_PRODUCTION\_VFX_ELEMENTS\3D Models\Large collection of 3d models\Optical\GLASSES\GLASSE01.jpg,,,,,,
GLASSI,.jpg,1,3,3,0,757994,740.2 KB,S:\_POST_PRODUCTION\_VFX_ELEMENTS\3D Models\Large collection of 3d models\Optical\GLASSIND,S:\_POST_PRODUCTION\_VFX_ELEMENTS\3D Models\Large collection of 3d models\Optical\GLASSIND\GLASSI01.jpg,,,,,,
KODAKC,.jpg,1,3,3,0,722453,705.5 KB,S:\_POST_PRODUCTION\_VFX_ELEMENTS\3D Models\Large collection of 3d models\Optical\KODAKCAM,S:\_POST_PRODUCTION\_VFX_ELEMENTS\3D Models\Large collection of 3d models\Optical\KODAKCAM\KODAKC01.jpg,,,,,,
MICROS,.jpg,1,3,3,0,747786,730.3 KB,S:\_POST_PRODUCTION\_VFX_ELEMENTS\3D Models\Large collection of 3d models\Optical\MICROS,S:\_POST_PRODUCTION\_VFX_ELEMENTS\3D Models\Large collection of 3d models\Optical\MICROS\MICROS01.jpg,,,,,,
POLARO,.jpg,1,3,3,0,1142238,1.1 MB,S:\_POST_PRODUCTION\_VFX_ELEMENTS\3D Models\Large collection of 3d models\Optical\POLAROID,S:\_POST_PRODUCTION\_VFX_ELEMENTS\3D Models\Large collection of 3d models\Optical\POLAROID\POLARO01.jpg,,,,,,
RAYBAN,.jpg,1,3,3,0,578981,565.4 KB,S:\_POST_PRODUCTION\_VFX_ELEMENTS\3D Models\Large collection of 3d models\Optical\RAYBAN,S:\_POST_PRODUCTION\_VFX_ELEMENTS\3D Models\Large collection of 3d models\Optical\RAYBAN\RAYBAN01.jpg,,,,,,
SUPER,.jpg,801,803,3,0,795151,776.5 KB,S:\_POST_PRODUCTION\_VFX_ELEMENTS\3D Models\Large collection of 3d models\Optical\SUPER8,S:\_POST_PRODUCTION\_VFX_ELEMENTS\3D Models\Large collection of 3d models\Optical\SUPER8\SUPER801.jpg,,,,,,
JUGU,.jpg,1,3,3,0,643113,628.0 KB,S:\_POST_PRODUCTION\_VFX_ELEMENTS\3D Models\Large collection of 3d models\Optical\T_JUGU,S:\_POST_PRODUCTION\_VFX_ELEMENTS\3D Models\Large collection of 3d models\Optical\T_JUGU\JUGU_01.jpg,,,,,,
T_OPTI,.jpg,1,3,3,0,731495,714.4 KB,S:\_POST_PRODUCTION\_VFX_ELEMENTS\3D Models\Large collection of 3d models\Optical\T_OPTI,S:\_POST_PRODUCTION\_VFX_ELEMENTS\3D Models\Large collection of 3d models\Optical\T_OPTI\T_OPTI01.jpg,,,,,,
A6M2N,.jpg,1,3,3,0,668412,652.7 KB,S:\_POST_PRODUCTION\_VFX_ELEMENTS\3D Models\Large collection of 3d models\Planes\A6M2N,S:\_POST_PRODUCTION\_VFX_ELEMENTS\3D Models\Large collection of 3d models\Planes\A6M2N\A6M2N_01.jpg,,,,,,
AIRBUS,.jpg,1,3,3,0,593428,579.5 KB,S:\_POST_PRODUCTION\_VFX_ELEMENTS\3D Models\Large collection of 3d models\Planes\AIRBUS,S:\_POST_PRODUCTION\_VFX_ELEMENTS\3D Models\Large collection of 3d models\Planes\AIRBUS\AIRBUS01.jpg,,,,,,
B29,.jpg,1,3,3,0,704742,688.2 KB,S:\_POST_PRODUCTION\_VFX_ELEMENTS\3D Models\Large collection of 3d models\Planes\B29,S:\_POST_PRODUCTION\_VFX_ELEMENTS\3D Models\Large collection of 3d models\Planes\B29\B29_01.jpg,,,,,,
B52,.jpg,1,3,3,0,705130,688.6 KB,S:\_POST_PRODUCTION\_VFX_ELEMENTS\3D Models\Large collection of 3d models\Planes\B52,S:\_POST_PRODUCTION\_VFX_ELEMENTS\3D Models\Large collection of 3d models\Planes\B52\B52_01.jpg,,,,,,
B52-,.jpg,3,14,10,2,174985,170.9 KB,S:\_POST_PRODUCTION\_VFX_ELEMENTS\3D Models\Large collection of 3d models\Planes\B52\B52,S:\_POST_PRODUCTION\_VFX_ELEMENTS\3D Models\Large collection of 3d models\Planes\B52\B52\B52-003.JPG,,,,,,
B6MG,.jpg,2,3,2,0,290503,283.7 KB,S:\_POST_PRODUCTION\_VFX_ELEMENTS\3D Models\Large collection of 3d models\Planes\B6MG,S:\_POST_PRODUCTION\_VFX_ELEMENTS\3D Models\Large collection of 3d models\Planes\B6MG\B6MG_02.jpg,,,,,,
B747,.jpg,1,3,3,0,633386,618.5 KB,S:\_POST_PRODUCTION\_VFX_ELEMENTS\3D Models\Large collection of 3d models\Planes\B747,S:\_POST_PRODUCTION\_VFX_ELEMENTS\3D Models\Large collection of 3d models\Planes\B747\B747_01.jpg,,,,,,
BA146,.jpg,1,3,3,0,623072,608.5 KB,S:\_POST_PRODUCTION\_VFX_ELEMENTS\3D Models\Large collection of 3d models\Planes\BA146,S:\_POST_PRODUCTION\_VFX_ELEMENTS\3D Models\Large collection of 3d models\Planes\BA146\BA146_01.jpg,,,,,,
BAJAGU,.jpg,1,3,3,0,645558,630.4 KB,S:\_POST_PRODUCTION\_VFX_ELEMENTS\3D Models\Large collection of 3d models\Planes\BAJAGUAR,S:\_POST_PRODUCTION\_VFX_ELEMENTS\3D Models\Large collection of 3d models\Planes\BAJAGUAR\BAJAGU01.jpg,,,,,,
BEECH,.jpg,1,3,3,0,595744,581.8 KB,S:\_POST_PRODUCTION\_VFX_ELEMENTS\3D Models\Large collection of 3d models\Planes\BEECH,S:\_POST_PRODUCTION\_VFX_ELEMENTS\3D Models\Large collection of 3d models\Planes\BEECH\BEECH_01.jpg,,,,,,
BOEI7,.jpg,1,3,3,0,647794,632.6 KB,S:\_POST_PRODUCTION\_VFX_ELEMENTS\3D Models\Large collection of 3d models\Planes\BOEIN707,S:\_POST_PRODUCTION\_VFX_ELEMENTS\3D Models\Large collection of 3d models\Planes\BOEIN707\BOEI7_01.jpg,,,,,,
BRTLMK,.jpg,1,3,3,0,669812,654.1 KB,S:\_POST_PRODUCTION\_VFX_ELEMENTS\3D Models\Large collection of 3d models\Planes\BRTLMK32,S:\_POST_PRODUCTION\_VFX_ELEMENTS\3D Models\Large collection of 3d models\Planes\BRTLMK32\BRTLMK01.jpg,,,,,,
BUCCAN,.jpg,1,3,3,0,681703,665.7 KB,S:\_POST_PRODUCTION\_VFX_ELEMENTS\3D Models\Large collection of 3d models\Planes\BUCCANE,S:\_POST_PRODUCTION\_VFX_ELEMENTS\3D Models\Large collection of 3d models\Planes\BUCCANE\BUCCAN01.jpg,,,,,,
BV138M,.jpg,1,3,3,0,804151,785.3 KB,S:\_POST_PRODUCTION\_VFX_ELEMENTS\3D Models\Large collection of 3d models\Planes\BV138MS,S:\_POST_PRODUCTION\_VFX_ELEMENTS\3D Models\Large collection of 3d models\Planes\BV138MS\BV138M01.jpg,,,,,,
CANDAI,.jpg,1,3,3,0,716325,699.5 KB,S:\_POST_PRODUCTION\_VFX_ELEMENTS\3D Models\Large collection of 3d models\Planes\CANDAIR,S:\_POST_PRODUCTION\_VFX_ELEMENTS\3D Models\Large collection of 3d models\Planes\CANDAIR\CANDAI01.jpg,,,,,,
CATALI,.jpg,1,3,3,0,727294,710.2 KB,S:\_POST_PRODUCTION\_VFX_ELEMENTS\3D Models\Large collection of 3d models\Planes\CATALINA,S:\_POST_PRODUCTION\_VFX_ELEMENTS\3D Models\Large collection of 3d models\Planes\CATALINA\CATALI01.jpg,,,,,,
CESSNA,.jpg,1,3,3,0,571859,558.5 KB,S:\_POST_PRODUCTION\_VFX_ELEMENTS\3D Models\Large collection of 3d models\Planes\CESSNA,S:\_POST_PRODUCTION\_VFX_ELEMENTS\3D Models\Large collection of 3d models\Planes\CESSNA\CESSNA01.jpg,,,,,,
COCKPI,.jpg,1,2,2,0,828618,809.2 KB,S:\_POST_PRODUCTION\_VFX_ELEMENTS\3D Models\Large collection of 3d models\Planes\COCKPIT,S:\_POST_PRODUCTION\_VFX_ELEMENTS\3D Models\Large collection of 3d models\Planes\COCKPIT\COCKPI01.jpg,,,,,,
BPMA,.jpg,1,2,2,0,24490,23.9 KB,S:\_POST_PRODUCTION\_VFX_ELEMENTS\3D Models\Large collection of 3d models\Planes\COCKPIT\COCKPIT,S:\_POST_PRODUCTION\_VFX_ELEMENTS\3D Models\Large collection of 3d models\Planes\COCKPIT\COCKPIT\BPMA01.JPG,,,,,,
MPMA,.jpg,1,44,44,0,4825006,4.6 MB,S:\_POST_PRODUCTION\_VFX_ELEMENTS\3D Models\Large collection of 3d models\Planes\COCKPIT\COCKPIT,S:\_POST_PRODUCTION\_VFX_ELEMENTS\3D Models\Large collection of 3d models\Planes\COCKPIT\COCKPIT\MPMA01.JPG,,,,,,
CONSTE,.jpg,1,3,3,0,709508,692.9 KB,S:\_POST_PRODUCTION\_VFX_ELEMENTS\3D Models\Large collection of 3d models\Planes\CONSTELA,S:\_POST_PRODUCTION\_VFX_ELEMENTS\3D Models\Large collection of 3d models\Planes\CONSTELA\CONSTE01.jpg,,,,,,
CURTIS,.jpg,1,3,3,0,704046,687.5 KB,S:\_POST_PRODUCTION\_VFX_ELEMENTS\3D Models\Large collection of 3d models\Planes\CURTISS,S:\_POST_PRODUCTION\_VFX_ELEMENTS\3D Models\Large collection of 3d models\Planes\CURTISS\CURTIS01.jpg,,,,,,
DC3,.jpg,1,3,3,0,621662,607.1 KB,S:\_POST_PRODUCTION\_VFX_ELEMENTS\3D Models\Large collection of 3d models\Planes\DC3,S:\_POST_PRODUCTION\_VFX_ELEMENTS\3D Models\Large collection of 3d models\Planes\DC3\DC3_01.jpg,,,,,,
DORDO,.jpg,1,3,3,0,668487,652.8 KB,S:\_POST_PRODUCTION\_VFX_ELEMENTS\3D Models\Large collection of 3d models\Planes\DORDO17Z,S:\_POST_PRODUCTION\_VFX_ELEMENTS\3D Models\Large collection of 3d models\Planes\DORDO17Z\DORDO_01.jpg,,,,,,
DORDIE,.jpg,1,3,3,0,656405,641.0 KB,S:\_POST_PRODUCTION\_VFX_ELEMENTS\3D Models\Large collection of 3d models\Planes\DORNIER,S:\_POST_PRODUCTION\_VFX_ELEMENTS\3D Models\Large collection of 3d models\Planes\DORNIER\DORDIE01.jpg,,,,,,
EA_6B,.jpg,1,3,3,0,730812,713.7 KB,S:\_POST_PRODUCTION\_VFX_ELEMENTS\3D Models\Large collection of 3d models\Planes\EA_6B,S:\_POST_PRODUCTION\_VFX_ELEMENTS\3D Models\Large collection of 3d models\Planes\EA_6B\EA_6B_01.jpg,,,,,,
EINDKE,.jpg,1,3,3,0,715381,698.6 KB,S:\_POST_PRODUCTION\_VFX_ELEMENTS\3D Models\Large collection of 3d models\Planes\EINDKER,S:\_POST_PRODUCTION\_VFX_ELEMENTS\3D Models\Large collection of 3d models\Planes\EINDKER\EINDKE01.jpg,,,,,,
F111,.jpg,1,3,3,0,633902,619.0 KB,S:\_POST_PRODUCTION\_VFX_ELEMENTS\3D Models\Large collection of 3d models\Planes\F111,S:\_POST_PRODUCTION\_VFX_ELEMENTS\3D Models\Large collection of 3d models\Planes\F111\F111_01.jpg,,,,,,
F15E,.jpg,1,3,3,0,675096,659.3 KB,S:\_POST_PRODUCTION\_VFX_ELEMENTS\3D Models\Large collection of 3d models\Planes\F15E,S:\_POST_PRODUCTION\_VFX_ELEMENTS\3D Models\Large collection of 3d models\Planes\F15E\F15E_01.jpg,,,,,,
F16FIN,.jpg,1,3,3,0,619863,605.3 KB,S:\_POST_PRODUCTION\_VFX_ELEMENTS\3D Models\Large collection of 3d models\Planes\F16FIN,S:\_POST_PRODUCTION\_VFX_ELEMENTS\3D Models\Large collection of 3d models\Planes\F16FIN\F16FIN01.jpg,,,,,,
F4U1,.jpg,1,3,3,0,679050,663.1 KB,S:\_POST_PRODUCTION\_VFX_ELEMENTS\3D Models\Large collection of 3d models\Planes\F4U1,S:\_POST_PRODUCTION\_VFX_ELEMENTS\3D Models\Large collection of 3d models\Planes\F4U1\F4U1_01.jpg,,,,,,
F5F,.jpg,1,3,3,0,623835,609.2 KB,S:\_POST_PRODUCTION\_VFX_ELEMENTS\3D Models\Large collection of 3d models\Planes\F5F,S:\_POST_PRODUCTION\_VFX_ELEMENTS\3D Models\Large collection of 3d models\Planes\F5F\F5F_01.jpg,,,,,,
FA5,.jpg,1,3,3,0,773688,755.6 KB,S:\_POST_PRODUCTION\_VFX_ELEMENTS\3D Models\Large collection of 3d models\Planes\FA5,S:\_POST_PRODUCTION\_VFX_ELEMENTS\3D Models\Large collection of 3d models\Planes\FA5\FA5_01.jpg,,,,,,
FA5IND,.jpg,1,3,3,0,1031283,1007.1 KB,S:\_POST_PRODUCTION\_VFX_ELEMENTS\3D Models\Large collection of 3d models\Planes\FA5INDY,S:\_POST_PRODUCTION\_VFX_ELEMENTS\3D Models\Large collection of 3d models\Planes\FA5INDY\FA5IND01.jpg,,,,,,
FALCON,.jpg,1,3,3,0,629175,614.4 KB,S:\_POST_PRODUCTION\_VFX_ELEMENTS\3D Models\Large collection of 3d models\Planes\FALCON10,S:\_POST_PRODUCTION\_VFX_ELEMENTS\3D Models\Large collection of 3d models\Planes\FALCON10\FALCON01.jpg,,,,,,
FIATG,.jpg,1,3,3,0,695487,679.2 KB,S:\_POST_PRODUCTION\_VFX_ELEMENTS\3D Models\Large collection of 3d models\Planes\FIATG50,S:\_POST_PRODUCTION\_VFX_ELEMENTS\3D Models\Large collection of 3d models\Planes\FIATG50\FIATG_01.jpg,,,,,,
FOKER,.jpg,201,203,3,0,615853,601.4 KB,S:\_POST_PRODUCTION\_VFX_ELEMENTS\3D Models\Large collection of 3d models\Planes\FOKER27,S:\_POST_PRODUCTION\_VFX_ELEMENTS\3D Models\Large collection of 3d models\Planes\FOKER27\FOKER201.jpg,,,,,,
FOKED,.jpg,101,103,3,0,652064,636.8 KB,S:\_POST_PRODUCTION\_VFX_ELEMENTS\3D Models\Large collection of 3d models\Planes\FOKERD1,S:\_POST_PRODUCTION\_VFX_ELEMENTS\3D Models\Large collection of 3d models\Planes\FOKERD1\FOKED101.jpg,,,,,,
TOP,.jpg,12,21,2,8,29699,29.0 KB,S:\_POST_PRODUCTION\_VFX_ELEMENTS\3D Models\Large collection of 3d models\Planes\FOKERD1\FOKERD1,S:\_POST_PRODUCTION\_VFX_ELEMENTS\3D Models\Large collection of 3d models\Planes\FOKERD1\FOKERD1\TOP12.JPG,,,,,,
FOKED,.jpg,701,703,3,0,599542,585.5 KB,S:\_POST_PRODUCTION\_VFX_ELEMENTS\3D Models\Large collection of 3d models\Planes\FOKERD7,S:\_POST_PRODUCTION\_VFX_ELEMENTS\3D Models\Large collection of 3d models\Planes\FOKERD7\FOKED701.jpg,,,,,,
FOKERR,.jpg,1,3,3,0,621063,606.5 KB,S:\_POST_PRODUCTION\_VFX_ELEMENTS\3D Models\Large collection of 3d models\Planes\FOKERR7,S:\_POST_PRODUCTION\_VFX_ELEMENTS\3D Models\Large collection of 3d models\Planes\FOKERR7\FOKERR01.jpg,,,,,,
FORDFL,.jpg,1,3,3,0,622597,608.0 KB,S:\_POST_PRODUCTION\_VFX_ELEMENTS\3D Models\Large collection of 3d models\Planes\FORDFL,S:\_POST_PRODUCTION\_VFX_ELEMENTS\3D Models\Large collection of 3d models\Planes\FORDFL\FORDFL01.jpg,,,,,,
FW190,.jpg,1,3,3,0,609419,595.1 KB,S:\_POST_PRODUCTION\_VFX_ELEMENTS\3D Models\Large collection of 3d models\Planes\FW190_F8,S:\_POST_PRODUCTION\_VFX_ELEMENTS\3D Models\Large collection of 3d models\Planes\FW190_F8\FW190_01.jpg,,,,,,
FW3FL,.jpg,1,3,3,0,699979,683.6 KB,S:\_POST_PRODUCTION\_VFX_ELEMENTS\3D Models\Large collection of 3d models\Planes\FW3FL,S:\_POST_PRODUCTION\_VFX_ELEMENTS\3D Models\Large collection of 3d models\Planes\FW3FL\FW3FL_01.jpg,,,,,,
FW58B,.jpg,1,3,3,0,728632,711.6 KB,S:\_POST_PRODUCTION\_VFX_ELEMENTS\3D Models\Large collection of 3d models\Planes\FW58B,S:\_POST_PRODUCTION\_VFX_ELEMENTS\3D Models\Large collection of 3d models\Planes\FW58B\FW58B_01.jpg,,,,,,
G17S,.jpg,1,3,3,0,849085,829.2 KB,S:\_POST_PRODUCTION\_VFX_ELEMENTS\3D Models\Large collection of 3d models\Planes\G17S,S:\_POST_PRODUCTION\_VFX_ELEMENTS\3D Models\Large collection of 3d models\Planes\G17S\G17S_01.jpg,,,,,,
GEEBEE,.jpg,1,3,3,0,855597,835.5 KB,S:\_POST_PRODUCTION\_VFX_ELEMENTS\3D Models\Large collection of 3d models\Planes\GEEBEE,S:\_POST_PRODUCTION\_VFX_ELEMENTS\3D Models\Large collection of 3d models\Planes\GEEBEE\GEEBEE01.jpg,,,,,,
GOT4,.jpg,1,3,3,0,865225,844.9 KB,S:\_POST_PRODUCTION\_VFX_ELEMENTS\3D Models\Large collection of 3d models\Planes\GOT4,S:\_POST_PRODUCTION\_VFX_ELEMENTS\3D Models\Large collection of 3d models\Planes\GOT4\GOT4_01.jpg,,,,,,
HALIFA,.jpg,1,3,3,0,866098,845.8 KB,S:\_POST_PRODUCTION\_VFX_ELEMENTS\3D Models\Large collection of 3d models\Planes\HALIFAX,S:\_POST_PRODUCTION\_VFX_ELEMENTS\3D Models\Large collection of 3d models\Planes\HALIFAX\HALIFA01.jpg,,,,,,
HARR,.jpg,1,3,3,0,668438,652.8 KB,S:\_POST_PRODUCTION\_VFX_ELEMENTS\3D Models\Large collection of 3d models\Planes\HARR,S:\_POST_PRODUCTION\_VFX_ELEMENTS\3D Models\Large collection of 3d models\Planes\HARR\HARR_01.jpg,,,,,,
HE162,.jpg,1,3,3,0,605720,591.5 KB,S:\_POST_PRODUCTION\_VFX_ELEMENTS\3D Models\Large collection of 3d models\Planes\HE162,S:\_POST_PRODUCTION\_VFX_ELEMENTS\3D Models\Large collection of 3d models\Planes\HE162\HE162_01.jpg,,,,,,
HEINKE,.jpg,1,3,3,0,760561,742.7 KB,S:\_POST_PRODUCTION\_VFX_ELEMENTS\3D Models\Large collection of 3d models\Planes\HEINKE,S:\_POST_PRODUCTION\_VFX_ELEMENTS\3D Models\Large collection of 3d models\Planes\HEINKE\HEINKE01.jpg,,,,,,
HENSCH,.jpg,1,3,3,0,779876,761.6 KB,S:\_POST_PRODUCTION\_VFX_ELEMENTS\3D Models\Large collection of 3d models\Planes\HENSCHEL,S:\_POST_PRODUCTION\_VFX_ELEMENTS\3D Models\Large collection of 3d models\Planes\HENSCHEL\HENSCH01.jpg,,,,,,
HERCUL,.jpg,1,3,3,0,728926,711.8 KB,S:\_POST_PRODUCTION\_VFX_ELEMENTS\3D Models\Large collection of 3d models\Planes\HERCULES,S:\_POST_PRODUCTION\_VFX_ELEMENTS\3D Models\Large collection of 3d models\Planes\HERCULES\HERCUL01.jpg,,,,,,
HORNET,.jpg,1,3,3,0,680263,664.3 KB,S:\_POST_PRODUCTION\_VFX_ELEMENTS\3D Models\Large collection of 3d models\Planes\HORNET,S:\_POST_PRODUCTION\_VFX_ELEMENTS\3D Models\Large collection of 3d models\Planes\HORNET\HORNET01.jpg,,,,,,
INVADE,.jpg,1,3,3,0,734906,717.7 KB,S:\_POST_PRODUCTION\_VFX_ELEMENTS\3D Models\Large collection of 3d models\Planes\INVADER,S:\_POST_PRODUCTION\_VFX_ELEMENTS\3D Models\Large collection of 3d models\Planes\INVADER\INVADE01.jpg,,,,,,
MAVIS,.jpg,1,2,2,0,608500,594.2 KB,S:\_POST_PRODUCTION\_VFX_ELEMENTS\3D Models\Large collection of 3d models\Planes\MAVIS,S:\_POST_PRODUCTION\_VFX_ELEMENTS\3D Models\Large collection of 3d models\Planes\MAVIS\MAVIS_01.jpg,,,,,,
MOSQUI,.jpg,1,3,3,0,744325,726.9 KB,S:\_POST_PRODUCTION\_VFX_ELEMENTS\3D Models\Large collection of 3d models\Planes\MOSQUITO,S:\_POST_PRODUCTION\_VFX_ELEMENTS\3D Models\Large collection of 3d models\Planes\MOSQUITO\MOSQUI01.jpg,,,,,,
NATTER,.jpg,1,3,3,0,740769,723.4 KB,S:\_POST_PRODUCTION\_VFX_ELEMENTS\3D Models\Large collection of 3d models\Planes\NATTER,S:\_POST_PRODUCTION\_VFX_ELEMENTS\3D Models\Large collection of 3d models\Planes\NATTER\NATTER01.jpg,,,,,,
OTTER,.jpg,1,3,3,0,681646,665.7 KB,S:\_POST_PRODUCTION\_VFX_ELEMENTS\3D Models\Large collection of 3d models\Planes\OTTER,S:\_POST_PRODUCTION\_VFX_ELEMENTS\3D Models\Large collection of 3d models\Planes\OTTER\OTTER_01.jpg,,,,,,
PFEIL,.jpg,1,3,3,0,648824,633.6 KB,S:\_POST_PRODUCTION\_VFX_ELEMENTS\3D Models\Large collection of 3d models\Planes\PFEIL,S:\_POST_PRODUCTION\_VFX_ELEMENTS\3D Models\Large collection of 3d models\Planes\PFEIL\PFEIL_01.jpg,,,,,,
RAPIDE,.jpg,1,3,3,0,797515,778.8 KB,S:\_POST_PRODUCTION\_VFX_ELEMENTS\3D Models\Large collection of 3d models\Planes\RAPIDE,S:\_POST_PRODUCTION\_VFX_ELEMENTS\3D Models\Large collection of 3d models\Planes\RAPIDE\RAPIDE01.jpg,,,,,,
STORCH,.jpg,1,3,3,0,867206,846.9 KB,S:\_POST_PRODUCTION\_VFX_ELEMENTS\3D Models\Large collection of 3d models\Planes\STORCH,S:\_POST_PRODUCTION\_VFX_ELEMENTS\3D Models\Large collection of 3d models\Planes\STORCH\STORCH01.jpg,,,,,,
T_767,.jpg,1,3,3,0,596855,582.9 KB,S:\_POST_PRODUCTION\_VFX_ELEMENTS\3D Models\Large collection of 3d models\Planes\T_767,S:\_POST_PRODUCTION\_VFX_ELEMENTS\3D Models\Large collection of 3d models\Planes\T_767\T_767_01.jpg,,,,,,
T_CHER,.jpg,1,3,3,0,625628,611.0 KB,S:\_POST_PRODUCTION\_VFX_ELEMENTS\3D Models\Large collection of 3d models\Planes\T_CHER,S:\_POST_PRODUCTION\_VFX_ELEMENTS\3D Models\Large collection of 3d models\Planes\T_CHER\T_CHER01.jpg,,,,,,
T_CORB,.jpg,1,3,3,0,625172,610.5 KB,S:\_POST_PRODUCTION\_VFX_ELEMENTS\3D Models\Large collection of 3d models\Planes\T_CORB,S:\_POST_PRODUCTION\_VFX_ELEMENTS\3D Models\Large collection of 3d models\Planes\T_CORB\T_CORB01.jpg,,,,,,
T_LANC,.jpg,1,3,3,0,768302,750.3 KB,S:\_POST_PRODUCTION\_VFX_ELEMENTS\3D Models\Large collection of 3d models\Planes\T_LANC,S:\_POST_PRODUCTION\_VFX_ELEMENTS\3D Models\Large collection of 3d models\Planes\T_LANC\T_LANC01.jpg,,,,,,
T_SWOR,.jpg,1,3,3,0,795652,777.0 KB,S:\_POST_PRODUCTION\_VFX_ELEMENTS\3D Models\Large collection of 3d models\Planes\T_SWOR,S:\_POST_PRODUCTION\_VFX_ELEMENTS\3D Models\Large collection of 3d models\Planes\T_SWOR\T_SWOR01.jpg,,,,,,
VULCAN,.jpg,1,3,3,0,630080,615.3 KB,S:\_POST_PRODUCTION\_VFX_ELEMENTS\3D Models\Large collection of 3d models\Planes\VULCAN,S:\_POST_PRODUCTION\_VFX_ELEMENTS\3D Models\Large collection of 3d models\Planes\VULCAN\VULCAN01.jpg,,,,,,
ZEPPEL,.jpg,1,3,3,0,547047,534.2 KB,S:\_POST_PRODUCTION\_VFX_ELEMENTS\3D Models\Large collection of 3d models\Planes\ZEPPEL,S:\_POST_PRODUCTION\_VFX_ELEMENTS\3D Models\Large collection of 3d models\Planes\ZEPPEL\ZEPPEL01.jpg,,,,,,
ADVKNI,.jpg,1,3,3,0,542897,530.2 KB,S:\_POST_PRODUCTION\_VFX_ELEMENTS\3D Models\Large collection of 3d models\Tools\!!!!!!\ADVKNIFE,S:\_POST_PRODUCTION\_VFX_ELEMENTS\3D Models\Large collection of 3d models\Tools\!!!!!!\ADVKNIFE\ADVKNI01.jpg,,,,,,
PHILLI,.jpg,1,3,3,0,530520,518.1 KB,S:\_POST_PRODUCTION\_VFX_ELEMENTS\3D Models\Large collection of 3d models\Tools\!!!!!!\PHILLIPS,S:\_POST_PRODUCTION\_VFX_ELEMENTS\3D Models\Large collection of 3d models\Tools\!!!!!!\PHILLIPS\PHILLI01.jpg,,,,,,
ROBSCR,.jpg,1,3,3,0,514578,502.5 KB,S:\_POST_PRODUCTION\_VFX_ELEMENTS\3D Models\Large collection of 3d models\Tools\!!!!!!\ROBSCREW,S:\_POST_PRODUCTION\_VFX_ELEMENTS\3D Models\Large collection of 3d models\Tools\!!!!!!\ROBSCREW\ROBSCR01.jpg,,,,,,
AIRE,.jpg,1,3,3,0,503031,491.2 KB,S:\_POST_PRODUCTION\_VFX_ELEMENTS\3D Models\Large collection of 3d models\Tools\AIRE,S:\_POST_PRODUCTION\_VFX_ELEMENTS\3D Models\Large collection of 3d models\Tools\AIRE\AIRE_01.jpg,,,,,,
ANEMOM,.jpg,1,3,3,0,749017,731.5 KB,S:\_POST_PRODUCTION\_VFX_ELEMENTS\3D Models\Large collection of 3d models\Tools\ANEMOM,S:\_POST_PRODUCTION\_VFX_ELEMENTS\3D Models\Large collection of 3d models\Tools\ANEMOM\ANEMOM01.jpg,,,,,,
APER1,.jpg,1,3,3,0,829915,810.5 KB,S:\_POST_PRODUCTION\_VFX_ELEMENTS\3D Models\Large collection of 3d models\Tools\APER1,S:\_POST_PRODUCTION\_VFX_ELEMENTS\3D Models\Large collection of 3d models\Tools\APER1\APER1_01.jpg,,,,,,
APER3,.jpg,1,3,3,0,498164,486.5 KB,S:\_POST_PRODUCTION\_VFX_ELEMENTS\3D Models\Large collection of 3d models\Tools\APER3,S:\_POST_PRODUCTION\_VFX_ELEMENTS\3D Models\Large collection of 3d models\Tools\APER3\APER3_01.jpg,,,,,,
BALANC,.jpg,1,2,2,0,777424,759.2 KB,S:\_POST_PRODUCTION\_VFX_ELEMENTS\3D Models\Large collection of 3d models\Tools\BALANCE,S:\_POST_PRODUCTION\_VFX_ELEMENTS\3D Models\Large collection of 3d models\Tools\BALANCE\BALANC01.jpg,,,,,,
BALISO,.jpg,1,3,3,0,559744,546.6 KB,S:\_POST_PRODUCTION\_VFX_ELEMENTS\3D Models\Large collection of 3d models\Tools\BALISONG,S:\_POST_PRODUCTION\_VFX_ELEMENTS\3D Models\Large collection of 3d models\Tools\BALISONG\BALISO01.jpg,,,,,,
CALIPE,.jpg,1,3,3,0,838620,819.0 KB,S:\_POST_PRODUCTION\_VFX_ELEMENTS\3D Models\Large collection of 3d models\Tools\CALIPER,S:\_POST_PRODUCTION\_VFX_ELEMENTS\3D Models\Large collection of 3d models\Tools\CALIPER\CALIPE01.jpg,,,,,,
D9007C,.jpg,1,2,2,0,15241,14.9 KB,S:\_POST_PRODUCTION\_VFX_ELEMENTS\3D Models\Large collection of 3d models\Tools\CALIPER\CALIPER,S:\_POST_PRODUCTION\_VFX_ELEMENTS\3D Models\Large collection of 3d models\Tools\CALIPER\CALIPER\D9007C01.JPG,,,,,,
CHAPER,.jpg,1,3,3,0,547004,534.2 KB,S:\_POST_PRODUCTION\_VFX_ELEMENTS\3D Models\Large collection of 3d models\Tools\CHAPERON,S:\_POST_PRODUCTION\_VFX_ELEMENTS\3D Models\Large collection of 3d models\Tools\CHAPERON\CHAPER01.jpg,,,,,,
CORKSC,.jpg,1,3,3,0,664844,649.3 KB,S:\_POST_PRODUCTION\_VFX_ELEMENTS\3D Models\Large collection of 3d models\Tools\CORKSCRE,S:\_POST_PRODUCTION\_VFX_ELEMENTS\3D Models\Large collection of 3d models\Tools\CORKSCRE\CORKSC01.jpg,,,,,,
CUTEDI,.jpg,1,3,3,0,504272,492.5 KB,S:\_POST_PRODUCTION\_VFX_ELEMENTS\3D Models\Large collection of 3d models\Tools\CUTEDIT,S:\_POST_PRODUCTION\_VFX_ELEMENTS\3D Models\Large collection of 3d models\Tools\CUTEDIT\CUTEDI01.jpg,,,,,,
CUTTER,.jpg,1,3,3,0,619709,605.2 KB,S:\_POST_PRODUCTION\_VFX_ELEMENTS\3D Models\Large collection of 3d models\Tools\CUTTER,S:\_POST_PRODUCTION\_VFX_ELEMENTS\3D Models\Large collection of 3d models\Tools\CUTTER\CUTTER01.jpg,,,,,,
HAMMER,.jpg,1,3,3,0,544842,532.1 KB,S:\_POST_PRODUCTION\_VFX_ELEMENTS\3D Models\Large collection of 3d models\Tools\HAMMER,S:\_POST_PRODUCTION\_VFX_ELEMENTS\3D Models\Large collection of 3d models\Tools\HAMMER\HAMMER01.jpg,,,,,,
PRESS,.jpg,1,3,3,0,688592,672.5 KB,S:\_POST_PRODUCTION\_VFX_ELEMENTS\3D Models\Large collection of 3d models\Tools\PRESS,S:\_POST_PRODUCTION\_VFX_ELEMENTS\3D Models\Large collection of 3d models\Tools\PRESS\PRESS_01.jpg,,,,,,
RANGER,.jpg,1,3,3,0,577162,563.6 KB,S:\_POST_PRODUCTION\_VFX_ELEMENTS\3D Models\Large collection of 3d models\Tools\RANGER,S:\_POST_PRODUCTION\_VFX_ELEMENTS\3D Models\Large collection of 3d models\Tools\RANGER\RANGER01.jpg,,,,,,
SCREWD,.jpg,1,3,3,0,521134,508.9 KB,S:\_POST_PRODUCTION\_VFX_ELEMENTS\3D Models\Large collection of 3d models\Tools\SCREWDRI,S:\_POST_PRODUCTION\_VFX_ELEMENTS\3D Models\Large collection of 3d models\Tools\SCREWDRI\SCREWD01.jpg,,,,,,
SILVER,.jpg,1,3,3,0,694976,678.7 KB,S:\_POST_PRODUCTION\_VFX_ELEMENTS\3D Models\Large collection of 3d models\Tools\SILVERWA,S:\_POST_PRODUCTION\_VFX_ELEMENTS\3D Models\Large collection of 3d models\Tools\SILVERWA\SILVER01.jpg,,,,,,
SYRING,.jpg,1,3,3,0,604767,590.6 KB,S:\_POST_PRODUCTION\_VFX_ELEMENTS\3D Models\Large collection of 3d models\Tools\SYRINGE,S:\_POST_PRODUCTION\_VFX_ELEMENTS\3D Models\Large collection of 3d models\Tools\SYRINGE\SYRING01.jpg,,,,,,
THACHU,.jpg,1,3,3,0,525710,513.4 KB,S:\_POST_PRODUCTION\_VFX_ELEMENTS\3D Models\Large collection of 3d models\Tools\THACHUEL,S:\_POST_PRODUCTION\_VFX_ELEMENTS\3D Models\Large collection of 3d models\Tools\THACHUEL\THACHU01.jpg,,,,,,
TMARCA,.jpg,1,3,3,0,606214,592.0 KB,S:\_POST_PRODUCTION\_VFX_ELEMENTS\3D Models\Large collection of 3d models\Tools\TMARCAB,S:\_POST_PRODUCTION\_VFX_ELEMENTS\3D Models\Large collection of 3d models\Tools\TMARCAB\TMARCA01.jpg,,,,,,
2_6_4,.jpg,1,3,3,0,826129,806.8 KB,S:\_POST_PRODUCTION\_VFX_ELEMENTS\3D Models\Large collection of 3d models\Trains\2_6_4,S:\_POST_PRODUCTION\_VFX_ELEMENTS\3D Models\Large collection of 3d models\Trains\2_6_4\2_6_4_01.jpg,,,,,,
AVEENG,.jpg,1,3,3,0,690564,674.4 KB,S:\_POST_PRODUCTION\_VFX_ELEMENTS\3D Models\Large collection of 3d models\Trains\AVEENG,S:\_POST_PRODUCTION\_VFX_ELEMENTS\3D Models\Large collection of 3d models\Trains\AVEENG\AVEENG01.jpg,,,,,,
BOXCAR,.jpg,1,3,3,0,731326,714.2 KB,S:\_POST_PRODUCTION\_VFX_ELEMENTS\3D Models\Large collection of 3d models\Trains\BOXCAR,S:\_POST_PRODUCTION\_VFX_ELEMENTS\3D Models\Large collection of 3d models\Trains\BOXCAR\BOXCAR01.jpg,,,,,,
EMDSD,.jpg,401,403,3,0,782178,763.8 KB,S:\_POST_PRODUCTION\_VFX_ELEMENTS\3D Models\Large collection of 3d models\Trains\EMDSD40,S:\_POST_PRODUCTION\_VFX_ELEMENTS\3D Models\Large collection of 3d models\Trains\EMDSD40\EMDSD401.jpg,,,,,,
GALPT,.jpg,1,3,3,0,742062,724.7 KB,S:\_POST_PRODUCTION\_VFX_ELEMENTS\3D Models\Large collection of 3d models\Trains\GALPT,S:\_POST_PRODUCTION\_VFX_ELEMENTS\3D Models\Large collection of 3d models\Trains\GALPT\GALPT_01.jpg,,,,,,
GOODSV,.jpg,1,3,3,0,624170,609.5 KB,S:\_POST_PRODUCTION\_VFX_ELEMENTS\3D Models\Large collection of 3d models\Trains\GOODSVAN,S:\_POST_PRODUCTION\_VFX_ELEMENTS\3D Models\Large collection of 3d models\Trains\GOODSVAN\GOODSV01.jpg,,,,,,
PSTWG,.jpg,1,3,3,0,766592,748.6 KB,S:\_POST_PRODUCTION\_VFX_ELEMENTS\3D Models\Large collection of 3d models\Trains\PSTWG,S:\_POST_PRODUCTION\_VFX_ELEMENTS\3D Models\Large collection of 3d models\Trains\PSTWG\PSTWG_01.jpg,,,,,,
THEGE,.jpg,1,3,3,0,831024,811.5 KB,S:\_POST_PRODUCTION\_VFX_ELEMENTS\3D Models\Large collection of 3d models\Trains\THEGE,S:\_POST_PRODUCTION\_VFX_ELEMENTS\3D Models\Large collection of 3d models\Trains\THEGE\THEGE_01.jpg,,,,,,
VLC75,.jpg,1,3,3,0,656086,640.7 KB,S:\_POST_PRODUCTION\_VFX_ELEMENTS\3D Models\Large collection of 3d models\Trains\VLC75,S:\_POST_PRODUCTION\_VFX_ELEMENTS\3D Models\Large collection of 3d models\Trains\VLC75\VLC75_01.jpg,,,,,,
WAGC,.jpg,1,3,3,0,711423,694.7 KB,S:\_POST_PRODUCTION\_VFX_ELEMENTS\3D Models\Large collection of 3d models\Trains\WAGC,S:\_POST_PRODUCTION\_VFX_ELEMENTS\3D Models\Large collection of 3d models\Trains\WAGC\WAGC_01.jpg,,,,,,
ARM_EL,.jpg,1,3,3,0,768970,750.9 KB,S:\_POST_PRODUCTION\_VFX_ELEMENTS\3D Models\Large collection of 3d models\Trucks\ARM_ELE,S:\_POST_PRODUCTION\_VFX_ELEMENTS\3D Models\Large collection of 3d models\Trucks\ARM_ELE\ARM_EL01.jpg,,,,,,
BLITZ,.jpg,1,3,3,0,659181,643.7 KB,S:\_POST_PRODUCTION\_VFX_ELEMENTS\3D Models\Large collection of 3d models\Trucks\BLITZ,S:\_POST_PRODUCTION\_VFX_ELEMENTS\3D Models\Large collection of 3d models\Trucks\BLITZ\BLITZ_01.jpg,,,,,,
BUSAEC,.jpg,1,3,3,0,833900,814.4 KB,S:\_POST_PRODUCTION\_VFX_ELEMENTS\3D Models\Large collection of 3d models\Trucks\BUSAEC,S:\_POST_PRODUCTION\_VFX_ELEMENTS\3D Models\Large collection of 3d models\Trucks\BUSAEC\BUSAEC01.jpg,,,,,,
CHRIST,.jpg,1,3,3,0,951699,929.4 KB,S:\_POST_PRODUCTION\_VFX_ELEMENTS\3D Models\Large collection of 3d models\Trucks\CHRISTIE,S:\_POST_PRODUCTION\_VFX_ELEMENTS\3D Models\Large collection of 3d models\Trucks\CHRISTIE\CHRIST01.jpg,,,,,,
DENNIS,.jpg,1,3,3,0,859814,839.7 KB,S:\_POST_PRODUCTION\_VFX_ELEMENTS\3D Models\Large collection of 3d models\Trucks\DENNIS,S:\_POST_PRODUCTION\_VFX_ELEMENTS\3D Models\Large collection of 3d models\Trucks\DENNIS\DENNIS01.jpg,,,,,,
DUMP,.jpg,1,3,3,0,616422,602.0 KB,S:\_POST_PRODUCTION\_VFX_ELEMENTS\3D Models\Large collection of 3d models\Trucks\DUMP,S:\_POST_PRODUCTION\_VFX_ELEMENTS\3D Models\Large collection of 3d models\Trucks\DUMP\DUMP_01.jpg,,,,,,
EMT,.jpg,1,3,3,0,658385,643.0 KB,S:\_POST_PRODUCTION\_VFX_ELEMENTS\3D Models\Large collection of 3d models\Trucks\EMT,S:\_POST_PRODUCTION\_VFX_ELEMENTS\3D Models\Large collection of 3d models\Trucks\EMT\EMT_01.jpg,,,,,,
JTTRAI,.jpg,1,3,3,0,719876,703.0 KB,S:\_POST_PRODUCTION\_VFX_ELEMENTS\3D Models\Large collection of 3d models\Trucks\JTTRAIL,S:\_POST_PRODUCTION\_VFX_ELEMENTS\3D Models\Large collection of 3d models\Trucks\JTTRAIL\JTTRAI01.jpg,,,,,,
LEYLAN,.jpg,1,3,3,0,677306,661.4 KB,S:\_POST_PRODUCTION\_VFX_ELEMENTS\3D Models\Large collection of 3d models\Trucks\LEYLAND,S:\_POST_PRODUCTION\_VFX_ELEMENTS\3D Models\Large collection of 3d models\Trucks\LEYLAND\LEYLAN01.jpg,,,,,,
MACKR,.jpg,1,3,3,0,768777,750.8 KB,S:\_POST_PRODUCTION\_VFX_ELEMENTS\3D Models\Large collection of 3d models\Trucks\MACKR,S:\_POST_PRODUCTION\_VFX_ELEMENTS\3D Models\Large collection of 3d models\Trucks\MACKR\MACKR_01.jpg,,,,,,
MAGNUM,.jpg,1,3,3,0,633748,618.9 KB,S:\_POST_PRODUCTION\_VFX_ELEMENTS\3D Models\Large collection of 3d models\Trucks\MAGNUM,S:\_POST_PRODUCTION\_VFX_ELEMENTS\3D Models\Large collection of 3d models\Trucks\MAGNUM\MAGNUM01.jpg,,,,,,
MTRAIL,.jpg,1,3,3,0,716859,700.1 KB,S:\_POST_PRODUCTION\_VFX_ELEMENTS\3D Models\Large collection of 3d models\Trucks\MTRAILER,S:\_POST_PRODUCTION\_VFX_ELEMENTS\3D Models\Large collection of 3d models\Trucks\MTRAILER\MTRAIL01.jpg,,,,,,
OMNI,.jpg,1,3,3,0,886817,866.0 KB,S:\_POST_PRODUCTION\_VFX_ELEMENTS\3D Models\Large collection of 3d models\Trucks\OMNI,S:\_POST_PRODUCTION\_VFX_ELEMENTS\3D Models\Large collection of 3d models\Trucks\OMNI\OMNI_01.jpg,,,,,,
OMNTEX,.tif,10,13,4,0,172628,168.6 KB,S:\_POST_PRODUCTION\_VFX_ELEMENTS\3D Models\Large collection of 3d models\Trucks\OMNI\OMNI,S:\_POST_PRODUCTION\_VFX_ELEMENTS\3D Models\Large collection of 3d models\Trucks\OMNI\OMNI\OMNTEX10.TIF,,,,,,
PETERB,.jpg,1,3,3,0,842576,822.8 KB,S:\_POST_PRODUCTION\_VFX_ELEMENTS\3D Models\Large collection of 3d models\Trucks\PETERBIL,S:\_POST_PRODUCTION\_VFX_ELEMENTS\3D Models\Large collection of 3d models\Trucks\PETERBIL\PETERB01.jpg,,,,,,
POMPIE,.jpg,1,3,3,0,865097,844.8 KB,S:\_POST_PRODUCTION\_VFX_ELEMENTS\3D Models\Large collection of 3d models\Trucks\POMPIER,S:\_POST_PRODUCTION\_VFX_ELEMENTS\3D Models\Large collection of 3d models\Trucks\POMPIER\POMPIE01.jpg,,,,,,
PUMPER,.jpg,1,3,3,0,923844,902.2 KB,S:\_POST_PRODUCTION\_VFX_ELEMENTS\3D Models\Large collection of 3d models\Trucks\PUMPER,S:\_POST_PRODUCTION\_VFX_ELEMENTS\3D Models\Large collection of 3d models\Trucks\PUMPER\PUMPER01.jpg,,,,,,
RTN6C,.jpg,1,3,3,0,681815,665.8 KB,S:\_POST_PRODUCTION\_VFX_ELEMENTS\3D Models\Large collection of 3d models\Trucks\RTN6C,S:\_POST_PRODUCTION\_VFX_ELEMENTS\3D Models\Large collection of 3d models\Trucks\RTN6C\RTN6C_01.jpg,,,,,,
SEMI_T,.jpg,1,3,3,0,665962,650.4 KB,S:\_POST_PRODUCTION\_VFX_ELEMENTS\3D Models\Large collection of 3d models\Trucks\SEMI_T,S:\_POST_PRODUCTION\_VFX_ELEMENTS\3D Models\Large collection of 3d models\Trucks\SEMI_T\SEMI_T01.jpg,,,,,,
TRAILE,.jpg,1,3,3,0,799591,780.9 KB,S:\_POST_PRODUCTION\_VFX_ELEMENTS\3D Models\Large collection of 3d models\Trucks\TRAILER2,S:\_POST_PRODUCTION\_VFX_ELEMENTS\3D Models\Large collection of 3d models\Trucks\TRAILER2\TRAILE01.jpg,,,,,,
MAPA,.jpg,1,4,4,0,84349,82.4 KB,S:\_POST_PRODUCTION\_VFX_ELEMENTS\3D Models\Large collection of 3d models\Trucks\TRAILER2\TRAILER2,S:\_POST_PRODUCTION\_VFX_ELEMENTS\3D Models\Large collection of 3d models\Trucks\TRAILER2\TRAILER2\MAPA01.JPG,,,,,,
TRUK,.jpg,1,3,3,0,694705,678.4 KB,S:\_POST_PRODUCTION\_VFX_ELEMENTS\3D Models\Large collection of 3d models\Trucks\TRUK,S:\_POST_PRODUCTION\_VFX_ELEMENTS\3D Models\Large collection of 3d models\Trucks\TRUK\TRUK_01.jpg,,,,,,
TRUKK,.jpg,1,3,3,0,848284,828.4 KB,S:\_POST_PRODUCTION\_VFX_ELEMENTS\3D Models\Large collection of 3d models\Trucks\TRUKK,S:\_POST_PRODUCTION\_VFX_ELEMENTS\3D Models\Large collection of 3d models\Trucks\TRUKK\TRUKK_01.jpg,,,,,,
VOLVOF,.jpg,1,3,3,0,710810,694.2 KB,S:\_POST_PRODUCTION\_VFX_ELEMENTS\3D Models\Large collection of 3d models\Trucks\VOLVOF,S:\_POST_PRODUCTION\_VFX_ELEMENTS\3D Models\Large collection of 3d models\Trucks\VOLVOF\VOLVOF01.jpg,,,,,,
ZIS5,.jpg,1,3,3,0,711322,694.7 KB,S:\_POST_PRODUCTION\_VFX_ELEMENTS\3D Models\Large collection of 3d models\Trucks\ZIS5,S:\_POST_PRODUCTION\_VFX_ELEMENTS\3D Models\Large collection of 3d models\Trucks\ZIS5\ZIS5_01.jpg,,,,,,
ARCH,.jpg,1,3,3,0,813585,794.5 KB,S:\_POST_PRODUCTION\_VFX_ELEMENTS\3D Models\Large collection of 3d models\Urban\ARCH,S:\_POST_PRODUCTION\_VFX_ELEMENTS\3D Models\Large collection of 3d models\Urban\ARCH\ARCH_01.jpg,,,,,,
ARCO,.jpg,101,103,3,0,948139,925.9 KB,S:\_POST_PRODUCTION\_VFX_ELEMENTS\3D Models\Large collection of 3d models\Urban\ARCO_1,S:\_POST_PRODUCTION\_VFX_ELEMENTS\3D Models\Large collection of 3d models\Urban\ARCO_1\ARCO_101.jpg,,,,,,
AUTOV,.jpg,1,3,3,0,540028,527.4 KB,S:\_POST_PRODUCTION\_VFX_ELEMENTS\3D Models\Large collection of 3d models\Urban\AUTOV,S:\_POST_PRODUCTION\_VFX_ELEMENTS\3D Models\Large collection of 3d models\Urban\AUTOV\AUTOV_01.jpg,,,,,,
BENCH,.jpg,101,103,3,0,793081,774.5 KB,S:\_POST_PRODUCTION\_VFX_ELEMENTS\3D Models\Large collection of 3d models\Urban\BENCH1,S:\_POST_PRODUCTION\_VFX_ELEMENTS\3D Models\Large collection of 3d models\Urban\BENCH1\BENCH101.jpg,,,,,,
BENCH,.jpg,201,203,3,0,852216,832.2 KB,S:\_POST_PRODUCTION\_VFX_ELEMENTS\3D Models\Large collection of 3d models\Urban\BENCH2,S:\_POST_PRODUCTION\_VFX_ELEMENTS\3D Models\Large collection of 3d models\Urban\BENCH2\BENCH201.jpg,,,,,,
BENCH,.jpg,301,303,3,0,675690,659.9 KB,S:\_POST_PRODUCTION\_VFX_ELEMENTS\3D Models\Large collection of 3d models\Urban\BENCH3,S:\_POST_PRODUCTION\_VFX_ELEMENTS\3D Models\Large collection of 3d models\Urban\BENCH3\BENCH301.jpg,,,,,,
BENCH,.jpg,401,403,3,0,780335,762.0 KB,S:\_POST_PRODUCTION\_VFX_ELEMENTS\3D Models\Large collection of 3d models\Urban\BENCH4,S:\_POST_PRODUCTION\_VFX_ELEMENTS\3D Models\Large collection of 3d models\Urban\BENCH4\BENCH401.jpg,,,,,,
BIGSG,.jpg,1,3,3,0,595796,581.8 KB,S:\_POST_PRODUCTION\_VFX_ELEMENTS\3D Models\Large collection of 3d models\Urban\BIGSG,S:\_POST_PRODUCTION\_VFX_ELEMENTS\3D Models\Large collection of 3d models\Urban\BIGSG\BIGSG_01.jpg,,,,,,
CAJA,.jpg,1,3,3,0,485092,473.7 KB,S:\_POST_PRODUCTION\_VFX_ELEMENTS\3D Models\Large collection of 3d models\Urban\CAJA,S:\_POST_PRODUCTION\_VFX_ELEMENTS\3D Models\Large collection of 3d models\Urban\CAJA\CAJA_01.jpg,,,,,,
CARTEL,.jpg,1,3,3,0,540785,528.1 KB,S:\_POST_PRODUCTION\_VFX_ELEMENTS\3D Models\Large collection of 3d models\Urban\CARTEL,S:\_POST_PRODUCTION\_VFX_ELEMENTS\3D Models\Large collection of 3d models\Urban\CARTEL\CARTEL01.jpg,,,,,,
CONO,.jpg,1,3,3,0,451030,440.5 KB,S:\_POST_PRODUCTION\_VFX_ELEMENTS\3D Models\Large collection of 3d models\Urban\CONO,S:\_POST_PRODUCTION\_VFX_ELEMENTS\3D Models\Large collection of 3d models\Urban\CONO\CONO_01.jpg,,,,,,
FAROLA,.jpg,1,3,3,0,423657,413.7 KB,S:\_POST_PRODUCTION\_VFX_ELEMENTS\3D Models\Large collection of 3d models\Urban\FAROLA,S:\_POST_PRODUCTION\_VFX_ELEMENTS\3D Models\Large collection of 3d models\Urban\FAROLA\FAROLA01.jpg,,,,,,
GASOL,.jpg,1,3,3,0,510428,498.5 KB,S:\_POST_PRODUCTION\_VFX_ELEMENTS\3D Models\Large collection of 3d models\Urban\GASOL,S:\_POST_PRODUCTION\_VFX_ELEMENTS\3D Models\Large collection of 3d models\Urban\GASOL\GASOL_01.jpg,,,,,,
HELMET,.jpg,1,3,3,0,531591,519.1 KB,S:\_POST_PRODUCTION\_VFX_ELEMENTS\3D Models\Large collection of 3d models\Urban\HELMET,S:\_POST_PRODUCTION\_VFX_ELEMENTS\3D Models\Large collection of 3d models\Urban\HELMET\HELMET01.jpg,,,,,,
ICECRE,.jpg,1,3,3,0,667065,651.4 KB,S:\_POST_PRODUCTION\_VFX_ELEMENTS\3D Models\Large collection of 3d models\Urban\ICECREAM,S:\_POST_PRODUCTION\_VFX_ELEMENTS\3D Models\Large collection of 3d models\Urban\ICECREAM\ICECRE01.jpg,,,,,,
INDI1,.jpg,1,3,3,0,557418,544.4 KB,S:\_POST_PRODUCTION\_VFX_ELEMENTS\3D Models\Large collection of 3d models\Urban\INDI1,S:\_POST_PRODUCTION\_VFX_ELEMENTS\3D Models\Large collection of 3d models\Urban\INDI1\INDI1_01.jpg,,,,,,
INDICA,.jpg,1,3,3,0,504403,492.6 KB,S:\_POST_PRODUCTION\_VFX_ELEMENTS\3D Models\Large collection of 3d models\Urban\INDICA,S:\_POST_PRODUCTION\_VFX_ELEMENTS\3D Models\Large collection of 3d models\Urban\INDICA\INDICA01.jpg,,,,,,
ITV,.jpg,1,3,3,0,524459,512.2 KB,S:\_POST_PRODUCTION\_VFX_ELEMENTS\3D Models\Large collection of 3d models\Urban\ITV,S:\_POST_PRODUCTION\_VFX_ELEMENTS\3D Models\Large collection of 3d models\Urban\ITV\ITV_01.jpg,,,,,,
KNMARK,.jpg,1,3,3,0,489213,477.7 KB,S:\_POST_PRODUCTION\_VFX_ELEMENTS\3D Models\Large collection of 3d models\Urban\KNMARK,S:\_POST_PRODUCTION\_VFX_ELEMENTS\3D Models\Large collection of 3d models\Urban\KNMARK\KNMARK01.jpg,,,,,,
LIMIT,.jpg,1,3,3,0,452452,441.8 KB,S:\_POST_PRODUCTION\_VFX_ELEMENTS\3D Models\Large collection of 3d models\Urban\LIMIT70,S:\_POST_PRODUCTION\_VFX_ELEMENTS\3D Models\Large collection of 3d models\Urban\LIMIT70\LIMIT_01.jpg,,,,,,
LUMINO,.jpg,1,3,3,0,425661,415.7 KB,S:\_POST_PRODUCTION\_VFX_ELEMENTS\3D Models\Large collection of 3d models\Urban\LUMINOSO,S:\_POST_PRODUCTION\_VFX_ELEMENTS\3D Models\Large collection of 3d models\Urban\LUMINOSO\LUMINO01.jpg,,,,,,
MEDSIG,.jpg,1,3,3,0,607837,593.6 KB,S:\_POST_PRODUCTION\_VFX_ELEMENTS\3D Models\Large collection of 3d models\Urban\MEDSIGN,S:\_POST_PRODUCTION\_VFX_ELEMENTS\3D Models\Large collection of 3d models\Urban\MEDSIGN\MEDSIG01.jpg,,,,,,
MEDSI,.jpg,201,203,3,0,655411,640.0 KB,S:\_POST_PRODUCTION\_VFX_ELEMENTS\3D Models\Large collection of 3d models\Urban\MEDSIGN2,S:\_POST_PRODUCTION\_VFX_ELEMENTS\3D Models\Large collection of 3d models\Urban\MEDSIGN2\MEDSI201.jpg,,,,,,
PANELW,.jpg,1,3,3,0,469642,458.6 KB,S:\_POST_PRODUCTION\_VFX_ELEMENTS\3D Models\Large collection of 3d models\Urban\PANELWC,S:\_POST_PRODUCTION\_VFX_ELEMENTS\3D Models\Large collection of 3d models\Urban\PANELWC\PANELW01.jpg,,,,,,
PAN_AS,.jpg,1,3,3,0,498540,486.9 KB,S:\_POST_PRODUCTION\_VFX_ELEMENTS\3D Models\Large collection of 3d models\Urban\PAN_ASPI,S:\_POST_PRODUCTION\_VFX_ELEMENTS\3D Models\Large collection of 3d models\Urban\PAN_ASPI\PAN_AS01.jpg,,,,,,
PAN_PT,.jpg,1,3,3,0,550870,538.0 KB,S:\_POST_PRODUCTION\_VFX_ELEMENTS\3D Models\Large collection of 3d models\Urban\PAN_PTS,S:\_POST_PRODUCTION\_VFX_ELEMENTS\3D Models\Large collection of 3d models\Urban\PAN_PTS\PAN_PT01.jpg,,,,,,
PAPELE,.jpg,1,3,3,0,456956,446.2 KB,S:\_POST_PRODUCTION\_VFX_ELEMENTS\3D Models\Large collection of 3d models\Urban\PAPELERA,S:\_POST_PRODUCTION\_VFX_ELEMENTS\3D Models\Large collection of 3d models\Urban\PAPELERA\PAPELE01.jpg,,,,,,
PARALE,.jpg,1,3,3,0,582393,568.7 KB,S:\_POST_PRODUCTION\_VFX_ELEMENTS\3D Models\Large collection of 3d models\Urban\PARALEL,S:\_POST_PRODUCTION\_VFX_ELEMENTS\3D Models\Large collection of 3d models\Urban\PARALEL\PARALE01.jpg,,,,,,
PARK,.jpg,1,3,3,0,490998,479.5 KB,S:\_POST_PRODUCTION\_VFX_ELEMENTS\3D Models\Large collection of 3d models\Urban\PARK,S:\_POST_PRODUCTION\_VFX_ELEMENTS\3D Models\Large collection of 3d models\Urban\PARK\PARK_01.jpg,,,,,,
PA_A,.jpg,1,3,3,0,553102,540.1 KB,S:\_POST_PRODUCTION\_VFX_ELEMENTS\3D Models\Large collection of 3d models\Urban\PA_A_LAV,S:\_POST_PRODUCTION\_VFX_ELEMENTS\3D Models\Large collection of 3d models\Urban\PA_A_LAV\PA_A_01.jpg,,,,,,
PA_BIE,.jpg,1,3,3,0,513977,501.9 KB,S:\_POST_PRODUCTION\_VFX_ELEMENTS\3D Models\Large collection of 3d models\Urban\PA_BIENV,S:\_POST_PRODUCTION\_VFX_ELEMENTS\3D Models\Large collection of 3d models\Urban\PA_BIENV\PA_BIE01.jpg,,,,,,
POST,.jpg,1,3,3,0,435796,425.6 KB,S:\_POST_PRODUCTION\_VFX_ELEMENTS\3D Models\Large collection of 3d models\Urban\POST,S:\_POST_PRODUCTION\_VFX_ELEMENTS\3D Models\Large collection of 3d models\Urban\POST\POST_01.jpg,,,,,,
PROHIB,.jpg,1,3,3,0,449506,439.0 KB,S:\_POST_PRODUCTION\_VFX_ELEMENTS\3D Models\Large collection of 3d models\Urban\PROHIBDO,S:\_POST_PRODUCTION\_VFX_ELEMENTS\3D Models\Large collection of 3d models\Urban\PROHIBDO\PROHIB01.jpg,,,,,,
QUITAM,.jpg,1,3,3,0,634047,619.2 KB,S:\_POST_PRODUCTION\_VFX_ELEMENTS\3D Models\Large collection of 3d models\Urban\QUITAM,S:\_POST_PRODUCTION\_VFX_ELEMENTS\3D Models\Large collection of 3d models\Urban\QUITAM\QUITAM01.jpg,,,,,,
RWCAUT,.jpg,1,3,3,0,478572,467.4 KB,S:\_POST_PRODUCTION\_VFX_ELEMENTS\3D Models\Large collection of 3d models\Urban\RWCAUTIO,S:\_POST_PRODUCTION\_VFX_ELEMENTS\3D Models\Large collection of 3d models\Urban\RWCAUTIO\RWCAUT01.jpg,,,,,,
RWD11,.jpg,1,3,3,0,586454,572.7 KB,S:\_POST_PRODUCTION\_VFX_ELEMENTS\3D Models\Large collection of 3d models\Urban\RWDISK11,S:\_POST_PRODUCTION\_VFX_ELEMENTS\3D Models\Large collection of 3d models\Urban\RWDISK11\RWD11_01.jpg,,,,,,
RWD19,.jpg,1,3,3,0,532212,519.7 KB,S:\_POST_PRODUCTION\_VFX_ELEMENTS\3D Models\Large collection of 3d models\Urban\RWDISK19,S:\_POST_PRODUCTION\_VFX_ELEMENTS\3D Models\Large collection of 3d models\Urban\RWDISK19\RWD19_01.jpg,,,,,,
RWSHOR,.jpg,1,3,3,0,555868,542.8 KB,S:\_POST_PRODUCTION\_VFX_ELEMENTS\3D Models\Large collection of 3d models\Urban\RWSHORT,S:\_POST_PRODUCTION\_VFX_ELEMENTS\3D Models\Large collection of 3d models\Urban\RWSHORT\RWSHOR01.jpg,,,,,,
RWSQUA,.jpg,1,3,3,0,494904,483.3 KB,S:\_POST_PRODUCTION\_VFX_ELEMENTS\3D Models\Large collection of 3d models\Urban\RWSQUAR1,S:\_POST_PRODUCTION\_VFX_ELEMENTS\3D Models\Large collection of 3d models\Urban\RWSQUAR1\RWSQUA01.jpg,,,,,,
RWSQ2,.jpg,1,3,3,0,475806,464.7 KB,S:\_POST_PRODUCTION\_VFX_ELEMENTS\3D Models\Large collection of 3d models\Urban\RWSQUAR2,S:\_POST_PRODUCTION\_VFX_ELEMENTS\3D Models\Large collection of 3d models\Urban\RWSQUAR2\RWSQ2_01.jpg,,,,,,
RWSTOP,.jpg,1,3,3,0,532132,519.7 KB,S:\_POST_PRODUCTION\_VFX_ELEMENTS\3D Models\Large collection of 3d models\Urban\RWSTOP,S:\_POST_PRODUCTION\_VFX_ELEMENTS\3D Models\Large collection of 3d models\Urban\RWSTOP\RWSTOP01.jpg,,,,,,
SEASAW,.jpg,1,3,3,0,627821,613.1 KB,S:\_POST_PRODUCTION\_VFX_ELEMENTS\3D Models\Large collection of 3d models\Urban\SEASAW,S:\_POST_PRODUCTION\_VFX_ELEMENTS\3D Models\Large collection of 3d models\Urban\SEASAW\SEASAW01.jpg,,,,,,
SERVC,.jpg,1,3,3,0,536765,524.2 KB,S:\_POST_PRODUCTION\_VFX_ELEMENTS\3D Models\Large collection of 3d models\Urban\SERVC,S:\_POST_PRODUCTION\_VFX_ELEMENTS\3D Models\Large collection of 3d models\Urban\SERVC\SERVC_01.jpg,,,,,,
SHELTE,.jpg,1,3,3,0,586433,572.7 KB,S:\_POST_PRODUCTION\_VFX_ELEMENTS\3D Models\Large collection of 3d models\Urban\SHELTER,S:\_POST_PRODUCTION\_VFX_ELEMENTS\3D Models\Large collection of 3d models\Urban\SHELTER\SHELTE01.jpg,,,,,,
SLIDE,.jpg,1,3,3,0,781575,763.3 KB,S:\_POST_PRODUCTION\_VFX_ELEMENTS\3D Models\Large collection of 3d models\Urban\SLIDE,S:\_POST_PRODUCTION\_VFX_ELEMENTS\3D Models\Large collection of 3d models\Urban\SLIDE\SLIDE_01.jpg,,,,,,
STAIR,.jpg,1,3,3,0,706840,690.3 KB,S:\_POST_PRODUCTION\_VFX_ELEMENTS\3D Models\Large collection of 3d models\Urban\STAIR,S:\_POST_PRODUCTION\_VFX_ELEMENTS\3D Models\Large collection of 3d models\Urban\STAIR\STAIR_01.jpg,,,,,,
STOP,.jpg,1,3,3,0,463780,452.9 KB,S:\_POST_PRODUCTION\_VFX_ELEMENTS\3D Models\Large collection of 3d models\Urban\STOP,S:\_POST_PRODUCTION\_VFX_ELEMENTS\3D Models\Large collection of 3d models\Urban\STOP\STOP_01.jpg,,,,,,
SWITCH,.jpg,1,3,3,0,671483,655.7 KB,S:\_POST_PRODUCTION\_VFX_ELEMENTS\3D Models\Large collection of 3d models\Urban\SWITCHES,S:\_POST_PRODUCTION\_VFX_ELEMENTS\3D Models\Large collection of 3d models\Urban\SWITCHES\SWITCH01.jpg,,,,,,
SWITSI,.jpg,1,3,3,0,672978,657.2 KB,S:\_POST_PRODUCTION\_VFX_ELEMENTS\3D Models\Large collection of 3d models\Urban\SWITCHSI,S:\_POST_PRODUCTION\_VFX_ELEMENTS\3D Models\Large collection of 3d models\Urban\SWITCHSI\SWITSI01.jpg,,,,,,
VALLA,.jpg,1,3,3,0,494420,482.8 KB,S:\_POST_PRODUCTION\_VFX_ELEMENTS\3D Models\Large collection of 3d models\Urban\VALLA,S:\_POST_PRODUCTION\_VFX_ELEMENTS\3D Models\Large collection of 3d models\Urban\VALLA\VALLA_01.jpg,,,,,,
VALLA,.jpg,201,203,3,0,819331,800.1 KB,S:\_POST_PRODUCTION\_VFX_ELEMENTS\3D Models\Large collection of 3d models\Urban\VALLA2,S:\_POST_PRODUCTION\_VFX_ELEMENTS\3D Models\Large collection of 3d models\Urban\VALLA2\VALLA201.jpg,,,,,,
VALLAP,.jpg,1,3,3,0,721530,704.6 KB,S:\_POST_PRODUCTION\_VFX_ELEMENTS\3D Models\Large collection of 3d models\Urban\VALLAP,S:\_POST_PRODUCTION\_VFX_ELEMENTS\3D Models\Large collection of 3d models\Urban\VALLAP\VALLAP01.jpg,,,,,,
VELATE,.jpg,1,3,3,0,970875,948.1 KB,S:\_POST_PRODUCTION\_VFX_ELEMENTS\3D Models\Large collection of 3d models\Urban\VELATE,S:\_POST_PRODUCTION\_VFX_ELEMENTS\3D Models\Large collection of 3d models\Urban\VELATE\VELATE01.jpg,,,,,,
VICTOR,.jpg,1,3,3,0,1521478,1.5 MB,S:\_POST_PRODUCTION\_VFX_ELEMENTS\3D Models\Large collection of 3d models\Urban\VICTOR2,S:\_POST_PRODUCTION\_VFX_ELEMENTS\3D Models\Large collection of 3d models\Urban\VICTOR2\VICTOR01.jpg,,,,,,
._neurons-blue-,.jpg,1,2,2,0,8192,8.0 KB,S:\_POST_PRODUCTION\_VFX_ELEMENTS\3D Models\Neurons-ride\renders,S:\_POST_PRODUCTION\_VFX_ELEMENTS\3D Models\Neurons-ride\renders\._neurons-blue-01.jpg,,,,,,
neurons-blue-,.jpg,1,2,2,0,1939756,1.8 MB,S:\_POST_PRODUCTION\_VFX_ELEMENTS\3D Models\Neurons-ride\renders,S:\_POST_PRODUCTION\_VFX_ELEMENTS\3D Models\Neurons-ride\renders\neurons-blue-01.jpg,,,,,,
._Bldg,.tif,1,3,2,1,8192,8.0 KB,S:\_POST_PRODUCTION\_VFX_ELEMENTS\3D Models\Organize\BuildingBlocks\images,S:\_POST_PRODUCTION\_VFX_ELEMENTS\3D Models\Organize\BuildingBlocks\images\._Bldg_01.tif,,,,,,
._dvGSTK,.jpg,28,31,3,1,12288,12.0 KB,S:\_POST_PRODUCTION\_VFX_ELEMENTS\3D Models\Organize\BuildingBlocks\images,S:\_POST_PRODUCTION\_VFX_ELEMENTS\3D Models\Organize\BuildingBlocks\images\._dvGSTK_028.jpg,,,,,,
Bldg,.tif,1,3,2,1,1428690,1.4 MB,S:\_POST_PRODUCTION\_VFX_ELEMENTS\3D Models\Organize\BuildingBlocks\images,S:\_POST_PRODUCTION\_VFX_ELEMENTS\3D Models\Organize\BuildingBlocks\images\Bldg_01.tif,,,,,,
dvGSTK,.jpg,28,31,3,1,16504135,15.7 MB,S:\_POST_PRODUCTION\_VFX_ELEMENTS\3D Models\Organize\BuildingBlocks\images,S:\_POST_PRODUCTION\_VFX_ELEMENTS\3D Models\Organize\BuildingBlocks\images\dvGSTK_028.jpg,,,,,,
._FollowTerrain_01,.exr,1,96,96,0,393216,384.0 KB,S:\_POST_PRODUCTION\_VFX_ELEMENTS\3D Models\Organize\Cars\Alfa\RenderTest\FollowTerrain_01,S:\_POST_PRODUCTION\_VFX_ELEMENTS\3D Models\Organize\Cars\Alfa\RenderTest\FollowTerrain_01\._FollowTerrain_01.0001.exr,,,,,,
FollowTerrain_01,.exr,1,96,96,0,311142197,296.7 MB,S:\_POST_PRODUCTION\_VFX_ELEMENTS\3D Models\Organize\Cars\Alfa\RenderTest\FollowTerrain_01,S:\_POST_PRODUCTION\_VFX_ELEMENTS\3D Models\Organize\Cars\Alfa\RenderTest\FollowTerrain_01\FollowTerrain_01.0001.exr,,,,,,
._Rig_01,.exr,1,48,48,0,196608,192.0 KB,S:\_POST_PRODUCTION\_VFX_ELEMENTS\3D Models\Organize\Cars\Alfa\RenderTest\Rig_01,S:\_POST_PRODUCTION\_VFX_ELEMENTS\3D Models\Organize\Cars\Alfa\RenderTest\Rig_01\._Rig_01.0001.exr,,,,,,
Rig_01,.exr,1,48,48,0,157087405,149.8 MB,S:\_POST_PRODUCTION\_VFX_ELEMENTS\3D Models\Organize\Cars\Alfa\RenderTest\Rig_01,S:\_POST_PRODUCTION\_VFX_ELEMENTS\3D Models\Organize\Cars\Alfa\RenderTest\Rig_01\Rig_01.0001.exr,,,,,,
._Rack_uv,.png,1,2,2,0,247342,241.5 KB,S:\_POST_PRODUCTION\_VFX_ELEMENTS\3D Models\Organize\Server\Rack,S:\_POST_PRODUCTION\_VFX_ELEMENTS\3D Models\Organize\Server\Rack\._Rack_uv_01.png,,,,,,
Rack_uv,.png,1,2,2,0,31091367,29.7 MB,S:\_POST_PRODUCTION\_VFX_ELEMENTS\3D Models\Organize\Server\Rack,S:\_POST_PRODUCTION\_VFX_ELEMENTS\3D Models\Organize\Server\Rack\Rack_uv_01.png,,,,,,
._FlatRack_IntUV_v,.exr,1,2,2,0,8192,8.0 KB,S:\_POST_PRODUCTION\_VFX_ELEMENTS\3D Models\Organize\Server\Rack\Projections,S:\_POST_PRODUCTION\_VFX_ELEMENTS\3D Models\Organize\Server\Rack\Projections\._FlatRack_IntUV_v01.exr,,,,,,
FlatRack_IntUV_v,.exr,1,2,2,0,2544755,2.4 MB,S:\_POST_PRODUCTION\_VFX_ELEMENTS\3D Models\Organize\Server\Rack\Projections,S:\_POST_PRODUCTION\_VFX_ELEMENTS\3D Models\Organize\Server\Rack\Projections\FlatRack_IntUV_v01.exr,,,,,,
._SOLARIS,.png,9,10,2,0,10916,10.7 KB,S:\_POST_PRODUCTION\_VFX_ELEMENTS\3D Models\Organize\Server\Rack\Stickers,S:\_POST_PRODUCTION\_VFX_ELEMENTS\3D Models\Organize\Server\Rack\Stickers\._SOLARIS09.png,,,,,,
SOLARIS,.png,9,10,2,0,46536,45.4 KB,S:\_POST_PRODUCTION\_VFX_ELEMENTS\3D Models\Organize\Server\Rack\Stickers,S:\_POST_PRODUCTION\_VFX_ELEMENTS\3D Models\Organize\Server\Rack\Stickers\SOLARIS09.png,,,,,,
._texture,.jpg,10,11,2,0,8192,8.0 KB,S:\_POST_PRODUCTION\_VFX_ELEMENTS\3D Models\Organize\fng207_010_003\3d\reception,S:\_POST_PRODUCTION\_VFX_ELEMENTS\3D Models\Organize\fng207_010_003\3d\reception\._texture10.jpg,,,,,,
texture,.jpg,10,11,2,0,10543,10.3 KB,S:\_POST_PRODUCTION\_VFX_ELEMENTS\3D Models\Organize\fng207_010_003\3d\reception,S:\_POST_PRODUCTION\_VFX_ELEMENTS\3D Models\Organize\fng207_010_003\3d\reception\texture10.jpg,,,,,,
A-10A-,.png,1,2,2,0,21865373,20.9 MB,S:\_POST_PRODUCTION\_VFX_ELEMENTS\3D Models\TurboSquid\A-10 Thunderbolt\A-10A_OAFv2_obj\A-10A_OAF_obj,S:\_POST_PRODUCTION\_VFX_ELEMENTS\3D Models\TurboSquid\A-10 Thunderbolt\A-10A_OAFv2_obj\A-10A_OAF_obj\A-10A-01.png,,,,,,
._sticker,.jpg,1,14,14,0,57344,56.0 KB,S:\_POST_PRODUCTION\_VFX_ELEMENTS\3D Models\TurboSquid\RoofTop\X013-textures,S:\_POST_PRODUCTION\_VFX_ELEMENTS\3D Models\TurboSquid\RoofTop\X013-textures\._sticker01.jpg,,,,,,
sticker,.jpg,1,14,14,0,1335034,1.3 MB,S:\_POST_PRODUCTION\_VFX_ELEMENTS\3D Models\TurboSquid\RoofTop\X013-textures,S:\_POST_PRODUCTION\_VFX_ELEMENTS\3D Models\TurboSquid\RoofTop\X013-textures\sticker01.jpg,,,,,,
archmodels88_012,.jpg,2,5,2,2,70530,68.9 KB,S:\_POST_PRODUCTION\_VFX_ELEMENTS\3D Models\TurboSquid\Xmas Decorations AM88\FBX\012.fbm,S:\_POST_PRODUCTION\_VFX_ELEMENTS\3D Models\TurboSquid\Xmas Decorations AM88\FBX\012.fbm\archmodels88_012_002.jpg,,,,,,
archmodels88_023,.jpg,1,3,3,0,357738,349.4 KB,S:\_POST_PRODUCTION\_VFX_ELEMENTS\3D Models\TurboSquid\Xmas Decorations AM88\FBX\023.fbm,S:\_POST_PRODUCTION\_VFX_ELEMENTS\3D Models\TurboSquid\Xmas Decorations AM88\FBX\023.fbm\archmodels88_023_001.jpg,,,,,,
archmodels88_025,.jpg,3,4,2,0,584672,571.0 KB,S:\_POST_PRODUCTION\_VFX_ELEMENTS\3D Models\TurboSquid\Xmas Decorations AM88\FBX\025.fbm,S:\_POST_PRODUCTION\_VFX_ELEMENTS\3D Models\TurboSquid\Xmas Decorations AM88\FBX\025.fbm\archmodels88_025_003.jpg,,,,,,
archmodels88_026,.jpg,1,3,3,0,2442566,2.3 MB,S:\_POST_PRODUCTION\_VFX_ELEMENTS\3D Models\TurboSquid\Xmas Decorations AM88\FBX\026.fbm,S:\_POST_PRODUCTION\_VFX_ELEMENTS\3D Models\TurboSquid\Xmas Decorations AM88\FBX\026.fbm\archmodels88_026_001.jpg,,,,,,
archmodels88_031,.jpg,3,5,3,0,418428,408.6 KB,S:\_POST_PRODUCTION\_VFX_ELEMENTS\3D Models\TurboSquid\Xmas Decorations AM88\FBX\031.fbm,S:\_POST_PRODUCTION\_VFX_ELEMENTS\3D Models\TurboSquid\Xmas Decorations AM88\FBX\031.fbm\archmodels88_031_003.jpg,,,,,,
archmodels88_038,.jpg,1,4,4,0,285161,278.5 KB,S:\_POST_PRODUCTION\_VFX_ELEMENTS\3D Models\TurboSquid\Xmas Decorations AM88\FBX\038.fbm,S:\_POST_PRODUCTION\_VFX_ELEMENTS\3D Models\TurboSquid\Xmas Decorations AM88\FBX\038.fbm\archmodels88_038_001.jpg,,,,,,
archmodels88_040,.jpg,1,4,2,2,43691,42.7 KB,S:\_POST_PRODUCTION\_VFX_ELEMENTS\3D Models\TurboSquid\Xmas Decorations AM88\FBX\040.fbm,S:\_POST_PRODUCTION\_VFX_ELEMENTS\3D Models\TurboSquid\Xmas Decorations AM88\FBX\040.fbm\archmodels88_040_001.jpg,,,,,,
archmodels88_041,.jpg,1,4,4,0,714961,698.2 KB,S:\_POST_PRODUCTION\_VFX_ELEMENTS\3D Models\TurboSquid\Xmas Decorations AM88\FBX\041.fbm,S:\_POST_PRODUCTION\_VFX_ELEMENTS\3D Models\TurboSquid\Xmas Decorations AM88\FBX\041.fbm\archmodels88_041_001.jpg,,,,,,
archmodels88_042,.jpg,1,2,2,0,107923,105.4 KB,S:\_POST_PRODUCTION\_VFX_ELEMENTS\3D Models\TurboSquid\Xmas Decorations AM88\FBX\042.fbm,S:\_POST_PRODUCTION\_VFX_ELEMENTS\3D Models\TurboSquid\Xmas Decorations AM88\FBX\042.fbm\archmodels88_042_001.jpg,,,,,,
Archmodels88_043,.jpg,1,2,2,0,156402,152.7 KB,S:\_POST_PRODUCTION\_VFX_ELEMENTS\3D Models\TurboSquid\Xmas Decorations AM88\FBX\043.fbm,S:\_POST_PRODUCTION\_VFX_ELEMENTS\3D Models\TurboSquid\Xmas Decorations AM88\FBX\043.fbm\Archmodels88_043_001.jpg,,,,,,
archmodels88_045,.jpg,1,3,3,0,245521,239.8 KB,S:\_POST_PRODUCTION\_VFX_ELEMENTS\3D Models\TurboSquid\Xmas Decorations AM88\FBX\045.fbm,S:\_POST_PRODUCTION\_VFX_ELEMENTS\3D Models\TurboSquid\Xmas Decorations AM88\FBX\045.fbm\archmodels88_045_001.jpg,,,,,,
,.jpg,1,60,60,0,9580144,9.1 MB,S:\_POST_PRODUCTION\_VFX_ELEMENTS\3D Models\TurboSquid\Xmas Decorations AM88\RENDERS,S:\_POST_PRODUCTION\_VFX_ELEMENTS\3D Models\TurboSquid\Xmas Decorations AM88\RENDERS\01.jpg,,,,,,
archmodels88_012,.jpg,2,5,2,2,70530,68.9 KB,S:\_POST_PRODUCTION\_VFX_ELEMENTS\3D Models\TurboSquid\Xmas Decorations AM88\textures,S:\_POST_PRODUCTION\_VFX_ELEMENTS\3D Models\TurboSquid\Xmas Decorations AM88\textures\archmodels88_012_002.jpg,,,,,,
archmodels88_015,.jpg,1,2,2,0,59382,58.0 KB,S:\_POST_PRODUCTION\_VFX_ELEMENTS\3D Models\TurboSquid\Xmas Decorations AM88\textures,S:\_POST_PRODUCTION\_VFX_ELEMENTS\3D Models\TurboSquid\Xmas Decorations AM88\textures\archmodels88_015_001.jpg,,,,,,
archmodels88_016,.jpg,1,3,2,1,29154,28.5 KB,S:\_POST_PRODUCTION\_VFX_ELEMENTS\3D Models\TurboSquid\Xmas Decorations AM88\textures,S:\_POST_PRODUCTION\_VFX_ELEMENTS\3D Models\TurboSquid\Xmas Decorations AM88\textures\archmodels88_016_001.jpg,,,,,,
archmodels88_017,.jpg,1,5,5,0,314923,307.5 KB,S:\_POST_PRODUCTION\_VFX_ELEMENTS\3D Models\TurboSquid\Xmas Decorations AM88\textures,S:\_POST_PRODUCTION\_VFX_ELEMENTS\3D Models\TurboSquid\Xmas Decorations AM88\textures\archmodels88_017_001.jpg,,,,,,
archmodels88_020,.jpg,1,3,2,1,1488368,1.4 MB,S:\_POST_PRODUCTION\_VFX_ELEMENTS\3D Models\TurboSquid\Xmas Decorations AM88\textures,S:\_POST_PRODUCTION\_VFX_ELEMENTS\3D Models\TurboSquid\Xmas Decorations AM88\textures\archmodels88_020_001.jpg,,,,,,
archmodels88_021,.jpg,1,4,4,0,623876,609.3 KB,S:\_POST_PRODUCTION\_VFX_ELEMENTS\3D Models\TurboSquid\Xmas Decorations AM88\textures,S:\_POST_PRODUCTION\_VFX_ELEMENTS\3D Models\TurboSquid\Xmas Decorations AM88\textures\archmodels88_021_001.jpg,,,,,,
archmodels88_023,.jpg,1,3,3,0,357738,349.4 KB,S:\_POST_PRODUCTION\_VFX_ELEMENTS\3D Models\TurboSquid\Xmas Decorations AM88\textures,S:\_POST_PRODUCTION\_VFX_ELEMENTS\3D Models\TurboSquid\Xmas Decorations AM88\textures\archmodels88_023_001.jpg,,,,,,
archmodels88_025,.jpg,3,4,2,0,584672,571.0 KB,S:\_POST_PRODUCTION\_VFX_ELEMENTS\3D Models\TurboSquid\Xmas Decorations AM88\textures,S:\_POST_PRODUCTION\_VFX_ELEMENTS\3D Models\TurboSquid\Xmas Decorations AM88\textures\archmodels88_025_003.jpg,,,,,,
archmodels88_026,.jpg,1,3,3,0,2442566,2.3 MB,S:\_POST_PRODUCTION\_VFX_ELEMENTS\3D Models\TurboSquid\Xmas Decorations AM88\textures,S:\_POST_PRODUCTION\_VFX_ELEMENTS\3D Models\TurboSquid\Xmas Decorations AM88\textures\archmodels88_026_001.jpg,,,,,,
archmodels88_027,.jpg,2,6,3,2,354857,346.5 KB,S:\_POST_PRODUCTION\_VFX_ELEMENTS\3D Models\TurboSquid\Xmas Decorations AM88\textures,S:\_POST_PRODUCTION\_VFX_ELEMENTS\3D Models\TurboSquid\Xmas Decorations AM88\textures\archmodels88_027_002.jpg,,,,,,
archmodels88_028,.jpg,1,2,2,0,2377331,2.3 MB,S:\_POST_PRODUCTION\_VFX_ELEMENTS\3D Models\TurboSquid\Xmas Decorations AM88\textures,S:\_POST_PRODUCTION\_VFX_ELEMENTS\3D Models\TurboSquid\Xmas Decorations AM88\textures\archmodels88_028_001.jpg,,,,,,
archmodels88_030,.jpg,1,3,3,0,389938,380.8 KB,S:\_POST_PRODUCTION\_VFX_ELEMENTS\3D Models\TurboSquid\Xmas Decorations AM88\textures,S:\_POST_PRODUCTION\_VFX_ELEMENTS\3D Models\TurboSquid\Xmas Decorations AM88\textures\archmodels88_030_001.jpg,,,,,,
archmodels88_031,.jpg,3,5,3,0,418428,408.6 KB,S:\_POST_PRODUCTION\_VFX_ELEMENTS\3D Models\TurboSquid\Xmas Decorations AM88\textures,S:\_POST_PRODUCTION\_VFX_ELEMENTS\3D Models\TurboSquid\Xmas Decorations AM88\textures\archmodels88_031_003.jpg,,,,,,
archmodels88_032,.jpg,1,4,4,0,836281,816.7 KB,S:\_POST_PRODUCTION\_VFX_ELEMENTS\3D Models\TurboSquid\Xmas Decorations AM88\textures,S:\_POST_PRODUCTION\_VFX_ELEMENTS\3D Models\TurboSquid\Xmas Decorations AM88\textures\archmodels88_032_001.jpg,,,,,,
archmodels88_038,.jpg,1,4,4,0,285161,278.5 KB,S:\_POST_PRODUCTION\_VFX_ELEMENTS\3D Models\TurboSquid\Xmas Decorations AM88\textures,S:\_POST_PRODUCTION\_VFX_ELEMENTS\3D Models\TurboSquid\Xmas Decorations AM88\textures\archmodels88_038_001.jpg,,,,,,
archmodels88_040,.jpg,1,4,2,2,43691,42.7 KB,S:\_POST_PRODUCTION\_VFX_ELEMENTS\3D Models\TurboSquid\Xmas Decorations AM88\textures,S:\_POST_PRODUCTION\_VFX_ELEMENTS\3D Models\TurboSquid\Xmas Decorations AM88\textures\archmodels88_040_001.jpg,,,,,,
archmodels88_041,.jpg,1,4,4,0,714961,698.2 KB,S:\_POST_PRODUCTION\_VFX_ELEMENTS\3D Models\TurboSquid\Xmas Decorations AM88\textures,S:\_POST_PRODUCTION\_VFX_ELEMENTS\3D Models\TurboSquid\Xmas Decorations AM88\textures\archmodels88_041_001.jpg,,,,,,
archmodels88_042,.jpg,1,2,2,0,107923,105.4 KB,S:\_POST_PRODUCTION\_VFX_ELEMENTS\3D Models\TurboSquid\Xmas Decorations AM88\textures,S:\_POST_PRODUCTION\_VFX_ELEMENTS\3D Models\TurboSquid\Xmas Decorations AM88\textures\archmodels88_042_001.jpg,,,,,,
Archmodels88_043,.jpg,1,2,2,0,156402,152.7 KB,S:\_POST_PRODUCTION\_VFX_ELEMENTS\3D Models\TurboSquid\Xmas Decorations AM88\textures,S:\_POST_PRODUCTION\_VFX_ELEMENTS\3D Models\TurboSquid\Xmas Decorations AM88\textures\Archmodels88_043_001.jpg,,,,,,
archmodels88_045,.jpg,1,3,3,0,245521,239.8 KB,S:\_POST_PRODUCTION\_VFX_ELEMENTS\3D Models\TurboSquid\Xmas Decorations AM88\textures,S:\_POST_PRODUCTION\_VFX_ELEMENTS\3D Models\TurboSquid\Xmas Decorations AM88\textures\archmodels88_045_001.jpg,,,,,,
archmodels88_046,.jpg,1,2,2,0,37443,36.6 KB,S:\_POST_PRODUCTION\_VFX_ELEMENTS\3D Models\TurboSquid\Xmas Decorations AM88\textures,S:\_POST_PRODUCTION\_VFX_ELEMENTS\3D Models\TurboSquid\Xmas Decorations AM88\textures\archmodels88_046_001.jpg,,,,,,
archmodels88_055,.jpg,1,3,2,1,96642,94.4 KB,S:\_POST_PRODUCTION\_VFX_ELEMENTS\3D Models\TurboSquid\Xmas Decorations AM88\textures,S:\_POST_PRODUCTION\_VFX_ELEMENTS\3D Models\TurboSquid\Xmas Decorations AM88\textures\archmodels88_055_001.jpg,,,,,,
archmodels88_056,.jpg,2,3,2,0,608325,594.1 KB,S:\_POST_PRODUCTION\_VFX_ELEMENTS\3D Models\TurboSquid\Xmas Decorations AM88\textures,S:\_POST_PRODUCTION\_VFX_ELEMENTS\3D Models\TurboSquid\Xmas Decorations AM88\textures\archmodels88_056_002.jpg,,,,,,
archmodels88_057,.jpg,2,3,2,0,88618,86.5 KB,S:\_POST_PRODUCTION\_VFX_ELEMENTS\3D Models\TurboSquid\Xmas Decorations AM88\textures,S:\_POST_PRODUCTION\_VFX_ELEMENTS\3D Models\TurboSquid\Xmas Decorations AM88\textures\archmodels88_057_002.jpg,,,,,,
archmodels88_059,.jpg,1,2,2,0,351988,343.7 KB,S:\_POST_PRODUCTION\_VFX_ELEMENTS\3D Models\TurboSquid\Xmas Decorations AM88\textures,S:\_POST_PRODUCTION\_VFX_ELEMENTS\3D Models\TurboSquid\Xmas Decorations AM88\textures\archmodels88_059_001.jpg,,,,,,
archmodels88_060,.jpg,1,2,2,0,143807,140.4 KB,S:\_POST_PRODUCTION\_VFX_ELEMENTS\3D Models\TurboSquid\Xmas Decorations AM88\textures,S:\_POST_PRODUCTION\_VFX_ELEMENTS\3D Models\TurboSquid\Xmas Decorations AM88\textures\archmodels88_060_001.jpg,,,,,,
A6M2N,.jpg,1,3,3,0,668412,652.7 KB,S:\_POST_PRODUCTION\_VFX_ELEMENTS\3dWorld\3D World and stuff\3D Models\3Ds Max 500 Models And Textures\500_Modeles_HQ+Textures_FR_ZIP_by_SRC.powaa\DATA\AIRCRAFT\A6M2N,S:\_POST_PRODUCTION\_VFX_ELEMENTS\3dWorld\3D World and stuff\3D Models\3Ds Max 500 Models And Textures\500_Modeles_HQ+Textures_FR_ZIP_by_SRC.powaa\DATA\AIRCRAFT\A6M2N\A6M2N_01.jpg,,,,,,
AIRBUS,.jpg,1,3,3,0,593428,579.5 KB,S:\_POST_PRODUCTION\_VFX_ELEMENTS\3dWorld\3D World and stuff\3D Models\3Ds Max 500 Models And Textures\500_Modeles_HQ+Textures_FR_ZIP_by_SRC.powaa\DATA\AIRCRAFT\AIRBUS,S:\_POST_PRODUCTION\_VFX_ELEMENTS\3dWorld\3D World and stuff\3D Models\3Ds Max 500 Models And Textures\500_Modeles_HQ+Textures_FR_ZIP_by_SRC.powaa\DATA\AIRCRAFT\AIRBUS\AIRBUS01.jpg,,,,,,
B29,.jpg,1,3,3,0,704742,688.2 KB,S:\_POST_PRODUCTION\_VFX_ELEMENTS\3dWorld\3D World and stuff\3D Models\3Ds Max 500 Models And Textures\500_Modeles_HQ+Textures_FR_ZIP_by_SRC.powaa\DATA\AIRCRAFT\B29,S:\_POST_PRODUCTION\_VFX_ELEMENTS\3dWorld\3D World and stuff\3D Models\3Ds Max 500 Models And Textures\500_Modeles_HQ+Textures_FR_ZIP_by_SRC.powaa\DATA\AIRCRAFT\B29\B29_01.jpg,,,,,,
B52,.jpg,1,3,3,0,705130,688.6 KB,S:\_POST_PRODUCTION\_VFX_ELEMENTS\3dWorld\3D World and stuff\3D Models\3Ds Max 500 Models And Textures\500_Modeles_HQ+Textures_FR_ZIP_by_SRC.powaa\DATA\AIRCRAFT\B52,S:\_POST_PRODUCTION\_VFX_ELEMENTS\3dWorld\3D World and stuff\3D Models\3Ds Max 500 Models And Textures\500_Modeles_HQ+Textures_FR_ZIP_by_SRC.powaa\DATA\AIRCRAFT\B52\B52_01.jpg,,,,,,
B52-,.jpg,3,14,10,2,174985,170.9 KB,S:\_POST_PRODUCTION\_VFX_ELEMENTS\3dWorld\3D World and stuff\3D Models\3Ds Max 500 Models And Textures\500_Modeles_HQ+Textures_FR_ZIP_by_SRC.powaa\DATA\AIRCRAFT\B52\B52,S:\_POST_PRODUCTION\_VFX_ELEMENTS\3dWorld\3D World and stuff\3D Models\3Ds Max 500 Models And Textures\500_Modeles_HQ+Textures_FR_ZIP_by_SRC.powaa\DATA\AIRCRAFT\B52\B52\B52-003.JPG,,,,,,
B6MG,.jpg,2,3,2,0,290503,283.7 KB,S:\_POST_PRODUCTION\_VFX_ELEMENTS\3dWorld\3D World and stuff\3D Models\3Ds Max 500 Models And Textures\500_Modeles_HQ+Textures_FR_ZIP_by_SRC.powaa\DATA\AIRCRAFT\B6MG,S:\_POST_PRODUCTION\_VFX_ELEMENTS\3dWorld\3D World and stuff\3D Models\3Ds Max 500 Models And Textures\500_Modeles_HQ+Textures_FR_ZIP_by_SRC.powaa\DATA\AIRCRAFT\B6MG\B6MG_02.jpg,,,,,,
B747,.jpg,1,3,3,0,633386,618.5 KB,S:\_POST_PRODUCTION\_VFX_ELEMENTS\3dWorld\3D World and stuff\3D Models\3Ds Max 500 Models And Textures\500_Modeles_HQ+Textures_FR_ZIP_by_SRC.powaa\DATA\AIRCRAFT\B747,S:\_POST_PRODUCTION\_VFX_ELEMENTS\3dWorld\3D World and stuff\3D Models\3Ds Max 500 Models And Textures\500_Modeles_HQ+Textures_FR_ZIP_by_SRC.powaa\DATA\AIRCRAFT\B747\B747_01.jpg,,,,,,
BA146,.jpg,1,3,3,0,623072,608.5 KB,S:\_POST_PRODUCTION\_VFX_ELEMENTS\3dWorld\3D World and stuff\3D Models\3Ds Max 500 Models And Textures\500_Modeles_HQ+Textures_FR_ZIP_by_SRC.powaa\DATA\AIRCRAFT\BA146,S:\_POST_PRODUCTION\_VFX_ELEMENTS\3dWorld\3D World and stuff\3D Models\3Ds Max 500 Models And Textures\500_Modeles_HQ+Textures_FR_ZIP_by_SRC.powaa\DATA\AIRCRAFT\BA146\BA146_01.jpg,,,,,,
BAJAGU,.jpg,1,3,3,0,645558,630.4 KB,S:\_POST_PRODUCTION\_VFX_ELEMENTS\3dWorld\3D World and stuff\3D Models\3Ds Max 500 Models And Textures\500_Modeles_HQ+Textures_FR_ZIP_by_SRC.powaa\DATA\AIRCRAFT\BAJAGUAR,S:\_POST_PRODUCTION\_VFX_ELEMENTS\3dWorld\3D World and stuff\3D Models\3Ds Max 500 Models And Textures\500_Modeles_HQ+Textures_FR_ZIP_by_SRC.powaa\DATA\AIRCRAFT\BAJAGUAR\BAJAGU01.jpg,,,,,,
BEECH,.jpg,1,3,3,0,595744,581.8 KB,S:\_POST_PRODUCTION\_VFX_ELEMENTS\3dWorld\3D World and stuff\3D Models\3Ds Max 500 Models And Textures\500_Modeles_HQ+Textures_FR_ZIP_by_SRC.powaa\DATA\AIRCRAFT\BEECH,S:\_POST_PRODUCTION\_VFX_ELEMENTS\3dWorld\3D World and stuff\3D Models\3Ds Max 500 Models And Textures\500_Modeles_HQ+Textures_FR_ZIP_by_SRC.powaa\DATA\AIRCRAFT\BEECH\BEECH_01.jpg,,,,,,
BOEI7,.jpg,1,3,3,0,647794,632.6 KB,S:\_POST_PRODUCTION\_VFX_ELEMENTS\3dWorld\3D World and stuff\3D Models\3Ds Max 500 Models And Textures\500_Modeles_HQ+Textures_FR_ZIP_by_SRC.powaa\DATA\AIRCRAFT\BOEIN707,S:\_POST_PRODUCTION\_VFX_ELEMENTS\3dWorld\3D World and stuff\3D Models\3Ds Max 500 Models And Textures\500_Modeles_HQ+Textures_FR_ZIP_by_SRC.powaa\DATA\AIRCRAFT\BOEIN707\BOEI7_01.jpg,,,,,,
BRTLMK,.jpg,1,3,3,0,669812,654.1 KB,S:\_POST_PRODUCTION\_VFX_ELEMENTS\3dWorld\3D World and stuff\3D Models\3Ds Max 500 Models And Textures\500_Modeles_HQ+Textures_FR_ZIP_by_SRC.powaa\DATA\AIRCRAFT\BRTLMK32,S:\_POST_PRODUCTION\_VFX_ELEMENTS\3dWorld\3D World and stuff\3D Models\3Ds Max 500 Models And Textures\500_Modeles_HQ+Textures_FR_ZIP_by_SRC.powaa\DATA\AIRCRAFT\BRTLMK32\BRTLMK01.jpg,,,,,,
BUCCAN,.jpg,1,3,3,0,681703,665.7 KB,S:\_POST_PRODUCTION\_VFX_ELEMENTS\3dWorld\3D World and stuff\3D Models\3Ds Max 500 Models And Textures\500_Modeles_HQ+Textures_FR_ZIP_by_SRC.powaa\DATA\AIRCRAFT\BUCCANE,S:\_POST_PRODUCTION\_VFX_ELEMENTS\3dWorld\3D World and stuff\3D Models\3Ds Max 500 Models And Textures\500_Modeles_HQ+Textures_FR_ZIP_by_SRC.powaa\DATA\AIRCRAFT\BUCCANE\BUCCAN01.jpg,,,,,,
BV138M,.jpg,1,3,3,0,804151,785.3 KB,S:\_POST_PRODUCTION\_VFX_ELEMENTS\3dWorld\3D World and stuff\3D Models\3Ds Max 500 Models And Textures\500_Modeles_HQ+Textures_FR_ZIP_by_SRC.powaa\DATA\AIRCRAFT\BV138MS,S:\_POST_PRODUCTION\_VFX_ELEMENTS\3dWorld\3D World and stuff\3D Models\3Ds Max 500 Models And Textures\500_Modeles_HQ+Textures_FR_ZIP_by_SRC.powaa\DATA\AIRCRAFT\BV138MS\BV138M01.jpg,,,,,,
CANDAI,.jpg,1,3,3,0,716325,699.5 KB,S:\_POST_PRODUCTION\_VFX_ELEMENTS\3dWorld\3D World and stuff\3D Models\3Ds Max 500 Models And Textures\500_Modeles_HQ+Textures_FR_ZIP_by_SRC.powaa\DATA\AIRCRAFT\CANDAIR,S:\_POST_PRODUCTION\_VFX_ELEMENTS\3dWorld\3D World and stuff\3D Models\3Ds Max 500 Models And Textures\500_Modeles_HQ+Textures_FR_ZIP_by_SRC.powaa\DATA\AIRCRAFT\CANDAIR\CANDAI01.jpg,,,,,,
CATALI,.jpg,1,3,3,0,727294,710.2 KB,S:\_POST_PRODUCTION\_VFX_ELEMENTS\3dWorld\3D World and stuff\3D Models\3Ds Max 500 Models And Textures\500_Modeles_HQ+Textures_FR_ZIP_by_SRC.powaa\DATA\AIRCRAFT\CATALINA,S:\_POST_PRODUCTION\_VFX_ELEMENTS\3dWorld\3D World and stuff\3D Models\3Ds Max 500 Models And Textures\500_Modeles_HQ+Textures_FR_ZIP_by_SRC.powaa\DATA\AIRCRAFT\CATALINA\CATALI01.jpg,,,,,,
CESSNA,.jpg,1,3,3,0,571859,558.5 KB,S:\_POST_PRODUCTION\_VFX_ELEMENTS\3dWorld\3D World and stuff\3D Models\3Ds Max 500 Models And Textures\500_Modeles_HQ+Textures_FR_ZIP_by_SRC.powaa\DATA\AIRCRAFT\CESSNA,S:\_POST_PRODUCTION\_VFX_ELEMENTS\3dWorld\3D World and stuff\3D Models\3Ds Max 500 Models And Textures\500_Modeles_HQ+Textures_FR_ZIP_by_SRC.powaa\DATA\AIRCRAFT\CESSNA\CESSNA01.jpg,,,,,,
COCKPI,.jpg,1,2,2,0,828618,809.2 KB,S:\_POST_PRODUCTION\_VFX_ELEMENTS\3dWorld\3D World and stuff\3D Models\3Ds Max 500 Models And Textures\500_Modeles_HQ+Textures_FR_ZIP_by_SRC.powaa\DATA\AIRCRAFT\COCKPIT,S:\_POST_PRODUCTION\_VFX_ELEMENTS\3dWorld\3D World and stuff\3D Models\3Ds Max 500 Models And Textures\500_Modeles_HQ+Textures_FR_ZIP_by_SRC.powaa\DATA\AIRCRAFT\COCKPIT\COCKPI01.jpg,,,,,,
BPMA,.jpg,1,2,2,0,24490,23.9 KB,S:\_POST_PRODUCTION\_VFX_ELEMENTS\3dWorld\3D World and stuff\3D Models\3Ds Max 500 Models And Textures\500_Modeles_HQ+Textures_FR_ZIP_by_SRC.powaa\DATA\AIRCRAFT\COCKPIT\COCKPIT,S:\_POST_PRODUCTION\_VFX_ELEMENTS\3dWorld\3D World and stuff\3D Models\3Ds Max 500 Models And Textures\500_Modeles_HQ+Textures_FR_ZIP_by_SRC.powaa\DATA\AIRCRAFT\COCKPIT\COCKPIT\BPMA01.JPG,,,,,,
MPMA,.jpg,1,44,44,0,4825006,4.6 MB,S:\_POST_PRODUCTION\_VFX_ELEMENTS\3dWorld\3D World and stuff\3D Models\3Ds Max 500 Models And Textures\500_Modeles_HQ+Textures_FR_ZIP_by_SRC.powaa\DATA\AIRCRAFT\COCKPIT\COCKPIT,S:\_POST_PRODUCTION\_VFX_ELEMENTS\3dWorld\3D World and stuff\3D Models\3Ds Max 500 Models And Textures\500_Modeles_HQ+Textures_FR_ZIP_by_SRC.powaa\DATA\AIRCRAFT\COCKPIT\COCKPIT\MPMA01.JPG,,,,,,
CONSTE,.jpg,1,3,3,0,709508,692.9 KB,S:\_POST_PRODUCTION\_VFX_ELEMENTS\3dWorld\3D World and stuff\3D Models\3Ds Max 500 Models And Textures\500_Modeles_HQ+Textures_FR_ZIP_by_SRC.powaa\DATA\AIRCRAFT\CONSTELA,S:\_POST_PRODUCTION\_VFX_ELEMENTS\3dWorld\3D World and stuff\3D Models\3Ds Max 500 Models And Textures\500_Modeles_HQ+Textures_FR_ZIP_by_SRC.powaa\DATA\AIRCRAFT\CONSTELA\CONSTE01.jpg,,,,,,
CURTIS,.jpg,1,3,3,0,704046,687.5 KB,S:\_POST_PRODUCTION\_VFX_ELEMENTS\3dWorld\3D World and stuff\3D Models\3Ds Max 500 Models And Textures\500_Modeles_HQ+Textures_FR_ZIP_by_SRC.powaa\DATA\AIRCRAFT\CURTISS,S:\_POST_PRODUCTION\_VFX_ELEMENTS\3dWorld\3D World and stuff\3D Models\3Ds Max 500 Models And Textures\500_Modeles_HQ+Textures_FR_ZIP_by_SRC.powaa\DATA\AIRCRAFT\CURTISS\CURTIS01.jpg,,,,,,
DC3,.jpg,1,3,3,0,621662,607.1 KB,S:\_POST_PRODUCTION\_VFX_ELEMENTS\3dWorld\3D World and stuff\3D Models\3Ds Max 500 Models And Textures\500_Modeles_HQ+Textures_FR_ZIP_by_SRC.powaa\DATA\AIRCRAFT\DC3,S:\_POST_PRODUCTION\_VFX_ELEMENTS\3dWorld\3D World and stuff\3D Models\3Ds Max 500 Models And Textures\500_Modeles_HQ+Textures_FR_ZIP_by_SRC.powaa\DATA\AIRCRAFT\DC3\DC3_01.jpg,,,,,,
DORDO,.jpg,1,3,3,0,668487,652.8 KB,S:\_POST_PRODUCTION\_VFX_ELEMENTS\3dWorld\3D World and stuff\3D Models\3Ds Max 500 Models And Textures\500_Modeles_HQ+Textures_FR_ZIP_by_SRC.powaa\DATA\AIRCRAFT\DORDO17Z,S:\_POST_PRODUCTION\_VFX_ELEMENTS\3dWorld\3D World and stuff\3D Models\3Ds Max 500 Models And Textures\500_Modeles_HQ+Textures_FR_ZIP_by_SRC.powaa\DATA\AIRCRAFT\DORDO17Z\DORDO_01.jpg,,,,,,
DORDIE,.jpg,1,3,3,0,656405,641.0 KB,S:\_POST_PRODUCTION\_VFX_ELEMENTS\3dWorld\3D World and stuff\3D Models\3Ds Max 500 Models And Textures\500_Modeles_HQ+Textures_FR_ZIP_by_SRC.powaa\DATA\AIRCRAFT\DORNIER,S:\_POST_PRODUCTION\_VFX_ELEMENTS\3dWorld\3D World and stuff\3D Models\3Ds Max 500 Models And Textures\500_Modeles_HQ+Textures_FR_ZIP_by_SRC.powaa\DATA\AIRCRAFT\DORNIER\DORDIE01.jpg,,,,,,
EA_6B,.jpg,1,3,3,0,730812,713.7 KB,S:\_POST_PRODUCTION\_VFX_ELEMENTS\3dWorld\3D World and stuff\3D Models\3Ds Max 500 Models And Textures\500_Modeles_HQ+Textures_FR_ZIP_by_SRC.powaa\DATA\AIRCRAFT\EA_6B,S:\_POST_PRODUCTION\_VFX_ELEMENTS\3dWorld\3D World and stuff\3D Models\3Ds Max 500 Models And Textures\500_Modeles_HQ+Textures_FR_ZIP_by_SRC.powaa\DATA\AIRCRAFT\EA_6B\EA_6B_01.jpg,,,,,,
EINDKE,.jpg,1,3,3,0,715381,698.6 KB,S:\_POST_PRODUCTION\_VFX_ELEMENTS\3dWorld\3D World and stuff\3D Models\3Ds Max 500 Models And Textures\500_Modeles_HQ+Textures_FR_ZIP_by_SRC.powaa\DATA\AIRCRAFT\EINDKER,S:\_POST_PRODUCTION\_VFX_ELEMENTS\3dWorld\3D World and stuff\3D Models\3Ds Max 500 Models And Textures\500_Modeles_HQ+Textures_FR_ZIP_by_SRC.powaa\DATA\AIRCRAFT\EINDKER\EINDKE01.jpg,,,,,,
F111,.jpg,1,3,3,0,633902,619.0 KB,S:\_POST_PRODUCTION\_VFX_ELEMENTS\3dWorld\3D World and stuff\3D Models\3Ds Max 500 Models And Textures\500_Modeles_HQ+Textures_FR_ZIP_by_SRC.powaa\DATA\AIRCRAFT\F111,S:\_POST_PRODUCTION\_VFX_ELEMENTS\3dWorld\3D World and stuff\3D Models\3Ds Max 500 Models And Textures\500_Modeles_HQ+Textures_FR_ZIP_by_SRC.powaa\DATA\AIRCRAFT\F111\F111_01.jpg,,,,,,
F15E,.jpg,1,3,3,0,675096,659.3 KB,S:\_POST_PRODUCTION\_VFX_ELEMENTS\3dWorld\3D World and stuff\3D Models\3Ds Max 500 Models And Textures\500_Modeles_HQ+Textures_FR_ZIP_by_SRC.powaa\DATA\AIRCRAFT\F15E,S:\_POST_PRODUCTION\_VFX_ELEMENTS\3dWorld\3D World and stuff\3D Models\3Ds Max 500 Models And Textures\500_Modeles_HQ+Textures_FR_ZIP_by_SRC.powaa\DATA\AIRCRAFT\F15E\F15E_01.jpg,,,,,,
F16FIN,.jpg,1,3,3,0,619863,605.3 KB,S:\_POST_PRODUCTION\_VFX_ELEMENTS\3dWorld\3D World and stuff\3D Models\3Ds Max 500 Models And Textures\500_Modeles_HQ+Textures_FR_ZIP_by_SRC.powaa\DATA\AIRCRAFT\F16FIN,S:\_POST_PRODUCTION\_VFX_ELEMENTS\3dWorld\3D World and stuff\3D Models\3Ds Max 500 Models And Textures\500_Modeles_HQ+Textures_FR_ZIP_by_SRC.powaa\DATA\AIRCRAFT\F16FIN\F16FIN01.jpg,,,,,,
F4U1,.jpg,1,3,3,0,679050,663.1 KB,S:\_POST_PRODUCTION\_VFX_ELEMENTS\3dWorld\3D World and stuff\3D Models\3Ds Max 500 Models And Textures\500_Modeles_HQ+Textures_FR_ZIP_by_SRC.powaa\DATA\AIRCRAFT\F4U1,S:\_POST_PRODUCTION\_VFX_ELEMENTS\3dWorld\3D World and stuff\3D Models\3Ds Max 500 Models And Textures\500_Modeles_HQ+Textures_FR_ZIP_by_SRC.powaa\DATA\AIRCRAFT\F4U1\F4U1_01.jpg,,,,,,
F5F,.jpg,1,3,3,0,623835,609.2 KB,S:\_POST_PRODUCTION\_VFX_ELEMENTS\3dWorld\3D World and stuff\3D Models\3Ds Max 500 Models And Textures\500_Modeles_HQ+Textures_FR_ZIP_by_SRC.powaa\DATA\AIRCRAFT\F5F,S:\_POST_PRODUCTION\_VFX_ELEMENTS\3dWorld\3D World and stuff\3D Models\3Ds Max 500 Models And Textures\500_Modeles_HQ+Textures_FR_ZIP_by_SRC.powaa\DATA\AIRCRAFT\F5F\F5F_01.jpg,,,,,,
FA5,.jpg,1,3,3,0,773688,755.6 KB,S:\_POST_PRODUCTION\_VFX_ELEMENTS\3dWorld\3D World and stuff\3D Models\3Ds Max 500 Models And Textures\500_Modeles_HQ+Textures_FR_ZIP_by_SRC.powaa\DATA\AIRCRAFT\FA5,S:\_POST_PRODUCTION\_VFX_ELEMENTS\3dWorld\3D World and stuff\3D Models\3Ds Max 500 Models And Textures\500_Modeles_HQ+Textures_FR_ZIP_by_SRC.powaa\DATA\AIRCRAFT\FA5\FA5_01.jpg,,,,,,
FA5IND,.jpg,1,3,3,0,1031283,1007.1 KB,S:\_POST_PRODUCTION\_VFX_ELEMENTS\3dWorld\3D World and stuff\3D Models\3Ds Max 500 Models And Textures\500_Modeles_HQ+Textures_FR_ZIP_by_SRC.powaa\DATA\AIRCRAFT\FA5INDY,S:\_POST_PRODUCTION\_VFX_ELEMENTS\3dWorld\3D World and stuff\3D Models\3Ds Max 500 Models And Textures\500_Modeles_HQ+Textures_FR_ZIP_by_SRC.powaa\DATA\AIRCRAFT\FA5INDY\FA5IND01.jpg,,,,,,
FALCON,.jpg,1,3,3,0,629175,614.4 KB,S:\_POST_PRODUCTION\_VFX_ELEMENTS\3dWorld\3D World and stuff\3D Models\3Ds Max 500 Models And Textures\500_Modeles_HQ+Textures_FR_ZIP_by_SRC.powaa\DATA\AIRCRAFT\FALCON10,S:\_POST_PRODUCTION\_VFX_ELEMENTS\3dWorld\3D World and stuff\3D Models\3Ds Max 500 Models And Textures\500_Modeles_HQ+Textures_FR_ZIP_by_SRC.powaa\DATA\AIRCRAFT\FALCON10\FALCON01.jpg,,,,,,
FIATG,.jpg,1,3,3,0,695487,679.2 KB,S:\_POST_PRODUCTION\_VFX_ELEMENTS\3dWorld\3D World and stuff\3D Models\3Ds Max 500 Models And Textures\500_Modeles_HQ+Textures_FR_ZIP_by_SRC.powaa\DATA\AIRCRAFT\FIATG50,S:\_POST_PRODUCTION\_VFX_ELEMENTS\3dWorld\3D World and stuff\3D Models\3Ds Max 500 Models And Textures\500_Modeles_HQ+Textures_FR_ZIP_by_SRC.powaa\DATA\AIRCRAFT\FIATG50\FIATG_01.jpg,,,,,,
FOKER,.jpg,201,203,3,0,615853,601.4 KB,S:\_POST_PRODUCTION\_VFX_ELEMENTS\3dWorld\3D World and stuff\3D Models\3Ds Max 500 Models And Textures\500_Modeles_HQ+Textures_FR_ZIP_by_SRC.powaa\DATA\AIRCRAFT\FOKER27,S:\_POST_PRODUCTION\_VFX_ELEMENTS\3dWorld\3D World and stuff\3D Models\3Ds Max 500 Models And Textures\500_Modeles_HQ+Textures_FR_ZIP_by_SRC.powaa\DATA\AIRCRAFT\FOKER27\FOKER201.jpg,,,,,,
FOKED,.jpg,101,103,3,0,652064,636.8 KB,S:\_POST_PRODUCTION\_VFX_ELEMENTS\3dWorld\3D World and stuff\3D Models\3Ds Max 500 Models And Textures\500_Modeles_HQ+Textures_FR_ZIP_by_SRC.powaa\DATA\AIRCRAFT\FOKERD1,S:\_POST_PRODUCTION\_VFX_ELEMENTS\3dWorld\3D World and stuff\3D Models\3Ds Max 500 Models And Textures\500_Modeles_HQ+Textures_FR_ZIP_by_SRC.powaa\DATA\AIRCRAFT\FOKERD1\FOKED101.jpg,,,,,,
TOP,.jpg,12,21,2,8,29699,29.0 KB,S:\_POST_PRODUCTION\_VFX_ELEMENTS\3dWorld\3D World and stuff\3D Models\3Ds Max 500 Models And Textures\500_Modeles_HQ+Textures_FR_ZIP_by_SRC.powaa\DATA\AIRCRAFT\FOKERD1\FOKERD1,S:\_POST_PRODUCTION\_VFX_ELEMENTS\3dWorld\3D World and stuff\3D Models\3Ds Max 500 Models And Textures\500_Modeles_HQ+Textures_FR_ZIP_by_SRC.powaa\DATA\AIRCRAFT\FOKERD1\FOKERD1\TOP12.JPG,,,,,,
FOKED,.jpg,701,703,3,0,599542,585.5 KB,S:\_POST_PRODUCTION\_VFX_ELEMENTS\3dWorld\3D World and stuff\3D Models\3Ds Max 500 Models And Textures\500_Modeles_HQ+Textures_FR_ZIP_by_SRC.powaa\DATA\AIRCRAFT\FOKERD7,S:\_POST_PRODUCTION\_VFX_ELEMENTS\3dWorld\3D World and stuff\3D Models\3Ds Max 500 Models And Textures\500_Modeles_HQ+Textures_FR_ZIP_by_SRC.powaa\DATA\AIRCRAFT\FOKERD7\FOKED701.jpg,,,,,,
FOKERR,.jpg,1,3,3,0,621063,606.5 KB,S:\_POST_PRODUCTION\_VFX_ELEMENTS\3dWorld\3D World and stuff\3D Models\3Ds Max 500 Models And Textures\500_Modeles_HQ+Textures_FR_ZIP_by_SRC.powaa\DATA\AIRCRAFT\FOKERR7,S:\_POST_PRODUCTION\_VFX_ELEMENTS\3dWorld\3D World and stuff\3D Models\3Ds Max 500 Models And Textures\500_Modeles_HQ+Textures_FR_ZIP_by_SRC.powaa\DATA\AIRCRAFT\FOKERR7\FOKERR01.jpg,,,,,,
FORDFL,.jpg,1,3,3,0,622597,608.0 KB,S:\_POST_PRODUCTION\_VFX_ELEMENTS\3dWorld\3D World and stuff\3D Models\3Ds Max 500 Models And Textures\500_Modeles_HQ+Textures_FR_ZIP_by_SRC.powaa\DATA\AIRCRAFT\FORDFL,S:\_POST_PRODUCTION\_VFX_ELEMENTS\3dWorld\3D World and stuff\3D Models\3Ds Max 500 Models And Textures\500_Modeles_HQ+Textures_FR_ZIP_by_SRC.powaa\DATA\AIRCRAFT\FORDFL\FORDFL01.jpg,,,,,,
FW190,.jpg,1,3,3,0,609419,595.1 KB,S:\_POST_PRODUCTION\_VFX_ELEMENTS\3dWorld\3D World and stuff\3D Models\3Ds Max 500 Models And Textures\500_Modeles_HQ+Textures_FR_ZIP_by_SRC.powaa\DATA\AIRCRAFT\FW190_F8,S:\_POST_PRODUCTION\_VFX_ELEMENTS\3dWorld\3D World and stuff\3D Models\3Ds Max 500 Models And Textures\500_Modeles_HQ+Textures_FR_ZIP_by_SRC.powaa\DATA\AIRCRAFT\FW190_F8\FW190_01.jpg,,,,,,
FW3FL,.jpg,1,3,3,0,699979,683.6 KB,S:\_POST_PRODUCTION\_VFX_ELEMENTS\3dWorld\3D World and stuff\3D Models\3Ds Max 500 Models And Textures\500_Modeles_HQ+Textures_FR_ZIP_by_SRC.powaa\DATA\AIRCRAFT\FW3FL,S:\_POST_PRODUCTION\_VFX_ELEMENTS\3dWorld\3D World and stuff\3D Models\3Ds Max 500 Models And Textures\500_Modeles_HQ+Textures_FR_ZIP_by_SRC.powaa\DATA\AIRCRAFT\FW3FL\FW3FL_01.jpg,,,,,,
FW58B,.jpg,1,3,3,0,728632,711.6 KB,S:\_POST_PRODUCTION\_VFX_ELEMENTS\3dWorld\3D World and stuff\3D Models\3Ds Max 500 Models And Textures\500_Modeles_HQ+Textures_FR_ZIP_by_SRC.powaa\DATA\AIRCRAFT\FW58B,S:\_POST_PRODUCTION\_VFX_ELEMENTS\3dWorld\3D World and stuff\3D Models\3Ds Max 500 Models And Textures\500_Modeles_HQ+Textures_FR_ZIP_by_SRC.powaa\DATA\AIRCRAFT\FW58B\FW58B_01.jpg,,,,,,
G17S,.jpg,1,3,3,0,849085,829.2 KB,S:\_POST_PRODUCTION\_VFX_ELEMENTS\3dWorld\3D World and stuff\3D Models\3Ds Max 500 Models And Textures\500_Modeles_HQ+Textures_FR_ZIP_by_SRC.powaa\DATA\AIRCRAFT\G17S,S:\_POST_PRODUCTION\_VFX_ELEMENTS\3dWorld\3D World and stuff\3D Models\3Ds Max 500 Models And Textures\500_Modeles_HQ+Textures_FR_ZIP_by_SRC.powaa\DATA\AIRCRAFT\G17S\G17S_01.jpg,,,,,,
GEEBEE,.jpg,1,3,3,0,855597,835.5 KB,S:\_POST_PRODUCTION\_VFX_ELEMENTS\3dWorld\3D World and stuff\3D Models\3Ds Max 500 Models And Textures\500_Modeles_HQ+Textures_FR_ZIP_by_SRC.powaa\DATA\AIRCRAFT\GEEBEE,S:\_POST_PRODUCTION\_VFX_ELEMENTS\3dWorld\3D World and stuff\3D Models\3Ds Max 500 Models And Textures\500_Modeles_HQ+Textures_FR_ZIP_by_SRC.powaa\DATA\AIRCRAFT\GEEBEE\GEEBEE01.jpg,,,,,,
GOT4,.jpg,1,3,3,0,865225,844.9 KB,S:\_POST_PRODUCTION\_VFX_ELEMENTS\3dWorld\3D World and stuff\3D Models\3Ds Max 500 Models And Textures\500_Modeles_HQ+Textures_FR_ZIP_by_SRC.powaa\DATA\AIRCRAFT\GOT4,S:\_POST_PRODUCTION\_VFX_ELEMENTS\3dWorld\3D World and stuff\3D Models\3Ds Max 500 Models And Textures\500_Modeles_HQ+Textures_FR_ZIP_by_SRC.powaa\DATA\AIRCRAFT\GOT4\GOT4_01.jpg,,,,,,
HALIFA,.jpg,1,3,3,0,866098,845.8 KB,S:\_POST_PRODUCTION\_VFX_ELEMENTS\3dWorld\3D World and stuff\3D Models\3Ds Max 500 Models And Textures\500_Modeles_HQ+Textures_FR_ZIP_by_SRC.powaa\DATA\AIRCRAFT\HALIFAX,S:\_POST_PRODUCTION\_VFX_ELEMENTS\3dWorld\3D World and stuff\3D Models\3Ds Max 500 Models And Textures\500_Modeles_HQ+Textures_FR_ZIP_by_SRC.powaa\DATA\AIRCRAFT\HALIFAX\HALIFA01.jpg,,,,,,
HARR,.jpg,1,3,3,0,668438,652.8 KB,S:\_POST_PRODUCTION\_VFX_ELEMENTS\3dWorld\3D World and stuff\3D Models\3Ds Max 500 Models And Textures\500_Modeles_HQ+Textures_FR_ZIP_by_SRC.powaa\DATA\AIRCRAFT\HARR,S:\_POST_PRODUCTION\_VFX_ELEMENTS\3dWorld\3D World and stuff\3D Models\3Ds Max 500 Models And Textures\500_Modeles_HQ+Textures_FR_ZIP_by_SRC.powaa\DATA\AIRCRAFT\HARR\HARR_01.jpg,,,,,,
HE162,.jpg,1,3,3,0,605720,591.5 KB,S:\_POST_PRODUCTION\_VFX_ELEMENTS\3dWorld\3D World and stuff\3D Models\3Ds Max 500 Models And Textures\500_Modeles_HQ+Textures_FR_ZIP_by_SRC.powaa\DATA\AIRCRAFT\HE162,S:\_POST_PRODUCTION\_VFX_ELEMENTS\3dWorld\3D World and stuff\3D Models\3Ds Max 500 Models And Textures\500_Modeles_HQ+Textures_FR_ZIP_by_SRC.powaa\DATA\AIRCRAFT\HE162\HE162_01.jpg,,,,,,
HEINKE,.jpg,1,3,3,0,760561,742.7 KB,S:\_POST_PRODUCTION\_VFX_ELEMENTS\3dWorld\3D World and stuff\3D Models\3Ds Max 500 Models And Textures\500_Modeles_HQ+Textures_FR_ZIP_by_SRC.powaa\DATA\AIRCRAFT\HEINKE,S:\_POST_PRODUCTION\_VFX_ELEMENTS\3dWorld\3D World and stuff\3D Models\3Ds Max 500 Models And Textures\500_Modeles_HQ+Textures_FR_ZIP_by_SRC.powaa\DATA\AIRCRAFT\HEINKE\HEINKE01.jpg,,,,,,
HENSCH,.jpg,1,3,3,0,779876,761.6 KB,S:\_POST_PRODUCTION\_VFX_ELEMENTS\3dWorld\3D World and stuff\3D Models\3Ds Max 500 Models And Textures\500_Modeles_HQ+Textures_FR_ZIP_by_SRC.powaa\DATA\AIRCRAFT\HENSCHEL,S:\_POST_PRODUCTION\_VFX_ELEMENTS\3dWorld\3D World and stuff\3D Models\3Ds Max 500 Models And Textures\500_Modeles_HQ+Textures_FR_ZIP_by_SRC.powaa\DATA\AIRCRAFT\HENSCHEL\HENSCH01.jpg,,,,,,
HERCUL,.jpg,1,3,3,0,728926,711.8 KB,S:\_POST_PRODUCTION\_VFX_ELEMENTS\3dWorld\3D World and stuff\3D Models\3Ds Max 500 Models And Textures\500_Modeles_HQ+Textures_FR_ZIP_by_SRC.powaa\DATA\AIRCRAFT\HERCULES,S:\_POST_PRODUCTION\_VFX_ELEMENTS\3dWorld\3D World and stuff\3D Models\3Ds Max 500 Models And Textures\500_Modeles_HQ+Textures_FR_ZIP_by_SRC.powaa\DATA\AIRCRAFT\HERCULES\HERCUL01.jpg,,,,,,
HORNET,.jpg,1,3,3,0,680263,664.3 KB,S:\_POST_PRODUCTION\_VFX_ELEMENTS\3dWorld\3D World and stuff\3D Models\3Ds Max 500 Models And Textures\500_Modeles_HQ+Textures_FR_ZIP_by_SRC.powaa\DATA\AIRCRAFT\HORNET,S:\_POST_PRODUCTION\_VFX_ELEMENTS\3dWorld\3D World and stuff\3D Models\3Ds Max 500 Models And Textures\500_Modeles_HQ+Textures_FR_ZIP_by_SRC.powaa\DATA\AIRCRAFT\HORNET\HORNET01.jpg,,,,,,
INVADE,.jpg,1,3,3,0,734906,717.7 KB,S:\_POST_PRODUCTION\_VFX_ELEMENTS\3dWorld\3D World and stuff\3D Models\3Ds Max 500 Models And Textures\500_Modeles_HQ+Textures_FR_ZIP_by_SRC.powaa\DATA\AIRCRAFT\INVADER,S:\_POST_PRODUCTION\_VFX_ELEMENTS\3dWorld\3D World and stuff\3D Models\3Ds Max 500 Models And Textures\500_Modeles_HQ+Textures_FR_ZIP_by_SRC.powaa\DATA\AIRCRAFT\INVADER\INVADE01.jpg,,,,,,
MAVIS,.jpg,1,2,2,0,608500,594.2 KB,S:\_POST_PRODUCTION\_VFX_ELEMENTS\3dWorld\3D World and stuff\3D Models\3Ds Max 500 Models And Textures\500_Modeles_HQ+Textures_FR_ZIP_by_SRC.powaa\DATA\AIRCRAFT\MAVIS,S:\_POST_PRODUCTION\_VFX_ELEMENTS\3dWorld\3D World and stuff\3D Models\3Ds Max 500 Models And Textures\500_Modeles_HQ+Textures_FR_ZIP_by_SRC.powaa\DATA\AIRCRAFT\MAVIS\MAVIS_01.jpg,,,,,,
MOSQUI,.jpg,1,3,3,0,744325,726.9 KB,S:\_POST_PRODUCTION\_VFX_ELEMENTS\3dWorld\3D World and stuff\3D Models\3Ds Max 500 Models And Textures\500_Modeles_HQ+Textures_FR_ZIP_by_SRC.powaa\DATA\AIRCRAFT\MOSQUITO,S:\_POST_PRODUCTION\_VFX_ELEMENTS\3dWorld\3D World and stuff\3D Models\3Ds Max 500 Models And Textures\500_Modeles_HQ+Textures_FR_ZIP_by_SRC.powaa\DATA\AIRCRAFT\MOSQUITO\MOSQUI01.jpg,,,,,,
NATTER,.jpg,1,3,3,0,740769,723.4 KB,S:\_POST_PRODUCTION\_VFX_ELEMENTS\3dWorld\3D World and stuff\3D Models\3Ds Max 500 Models And Textures\500_Modeles_HQ+Textures_FR_ZIP_by_SRC.powaa\DATA\AIRCRAFT\NATTER,S:\_POST_PRODUCTION\_VFX_ELEMENTS\3dWorld\3D World and stuff\3D Models\3Ds Max 500 Models And Textures\500_Modeles_HQ+Textures_FR_ZIP_by_SRC.powaa\DATA\AIRCRAFT\NATTER\NATTER01.jpg,,,,,,
OTTER,.jpg,1,3,3,0,681646,665.7 KB,S:\_POST_PRODUCTION\_VFX_ELEMENTS\3dWorld\3D World and stuff\3D Models\3Ds Max 500 Models And Textures\500_Modeles_HQ+Textures_FR_ZIP_by_SRC.powaa\DATA\AIRCRAFT\OTTER,S:\_POST_PRODUCTION\_VFX_ELEMENTS\3dWorld\3D World and stuff\3D Models\3Ds Max 500 Models And Textures\500_Modeles_HQ+Textures_FR_ZIP_by_SRC.powaa\DATA\AIRCRAFT\OTTER\OTTER_01.jpg,,,,,,
PFEIL,.jpg,1,3,3,0,648824,633.6 KB,S:\_POST_PRODUCTION\_VFX_ELEMENTS\3dWorld\3D World and stuff\3D Models\3Ds Max 500 Models And Textures\500_Modeles_HQ+Textures_FR_ZIP_by_SRC.powaa\DATA\AIRCRAFT\PFEIL,S:\_POST_PRODUCTION\_VFX_ELEMENTS\3dWorld\3D World and stuff\3D Models\3Ds Max 500 Models And Textures\500_Modeles_HQ+Textures_FR_ZIP_by_SRC.powaa\DATA\AIRCRAFT\PFEIL\PFEIL_01.jpg,,,,,,
RAPIDE,.jpg,1,3,3,0,797515,778.8 KB,S:\_POST_PRODUCTION\_VFX_ELEMENTS\3dWorld\3D World and stuff\3D Models\3Ds Max 500 Models And Textures\500_Modeles_HQ+Textures_FR_ZIP_by_SRC.powaa\DATA\AIRCRAFT\RAPIDE,S:\_POST_PRODUCTION\_VFX_ELEMENTS\3dWorld\3D World and stuff\3D Models\3Ds Max 500 Models And Textures\500_Modeles_HQ+Textures_FR_ZIP_by_SRC.powaa\DATA\AIRCRAFT\RAPIDE\RAPIDE01.jpg,,,,,,
STORCH,.jpg,1,3,3,0,867206,846.9 KB,S:\_POST_PRODUCTION\_VFX_ELEMENTS\3dWorld\3D World and stuff\3D Models\3Ds Max 500 Models And Textures\500_Modeles_HQ+Textures_FR_ZIP_by_SRC.powaa\DATA\AIRCRAFT\STORCH,S:\_POST_PRODUCTION\_VFX_ELEMENTS\3dWorld\3D World and stuff\3D Models\3Ds Max 500 Models And Textures\500_Modeles_HQ+Textures_FR_ZIP_by_SRC.powaa\DATA\AIRCRAFT\STORCH\STORCH01.jpg,,,,,,
T_767,.jpg,1,3,3,0,596855,582.9 KB,S:\_POST_PRODUCTION\_VFX_ELEMENTS\3dWorld\3D World and stuff\3D Models\3Ds Max 500 Models And Textures\500_Modeles_HQ+Textures_FR_ZIP_by_SRC.powaa\DATA\AIRCRAFT\T_767,S:\_POST_PRODUCTION\_VFX_ELEMENTS\3dWorld\3D World and stuff\3D Models\3Ds Max 500 Models And Textures\500_Modeles_HQ+Textures_FR_ZIP_by_SRC.powaa\DATA\AIRCRAFT\T_767\T_767_01.jpg,,,,,,
T_CHER,.jpg,1,3,3,0,625628,611.0 KB,S:\_POST_PRODUCTION\_VFX_ELEMENTS\3dWorld\3D World and stuff\3D Models\3Ds Max 500 Models And Textures\500_Modeles_HQ+Textures_FR_ZIP_by_SRC.powaa\DATA\AIRCRAFT\T_CHER,S:\_POST_PRODUCTION\_VFX_ELEMENTS\3dWorld\3D World and stuff\3D Models\3Ds Max 500 Models And Textures\500_Modeles_HQ+Textures_FR_ZIP_by_SRC.powaa\DATA\AIRCRAFT\T_CHER\T_CHER01.jpg,,,,,,
T_CORB,.jpg,1,3,3,0,625172,610.5 KB,S:\_POST_PRODUCTION\_VFX_ELEMENTS\3dWorld\3D World and stuff\3D Models\3Ds Max 500 Models And Textures\500_Modeles_HQ+Textures_FR_ZIP_by_SRC.powaa\DATA\AIRCRAFT\T_CORB,S:\_POST_PRODUCTION\_VFX_ELEMENTS\3dWorld\3D World and stuff\3D Models\3Ds Max 500 Models And Textures\500_Modeles_HQ+Textures_FR_ZIP_by_SRC.powaa\DATA\AIRCRAFT\T_CORB\T_CORB01.jpg,,,,,,
T_LANC,.jpg,1,3,3,0,768302,750.3 KB,S:\_POST_PRODUCTION\_VFX_ELEMENTS\3dWorld\3D World and stuff\3D Models\3Ds Max 500 Models And Textures\500_Modeles_HQ+Textures_FR_ZIP_by_SRC.powaa\DATA\AIRCRAFT\T_LANC,S:\_POST_PRODUCTION\_VFX_ELEMENTS\3dWorld\3D World and stuff\3D Models\3Ds Max 500 Models And Textures\500_Modeles_HQ+Textures_FR_ZIP_by_SRC.powaa\DATA\AIRCRAFT\T_LANC\T_LANC01.jpg,,,,,,
T_SWOR,.jpg,1,3,3,0,795652,777.0 KB,S:\_POST_PRODUCTION\_VFX_ELEMENTS\3dWorld\3D World and stuff\3D Models\3Ds Max 500 Models And Textures\500_Modeles_HQ+Textures_FR_ZIP_by_SRC.powaa\DATA\AIRCRAFT\T_SWOR,S:\_POST_PRODUCTION\_VFX_ELEMENTS\3dWorld\3D World and stuff\3D Models\3Ds Max 500 Models And Textures\500_Modeles_HQ+Textures_FR_ZIP_by_SRC.powaa\DATA\AIRCRAFT\T_SWOR\T_SWOR01.jpg,,,,,,
VULCAN,.jpg,1,3,3,0,630080,615.3 KB,S:\_POST_PRODUCTION\_VFX_ELEMENTS\3dWorld\3D World and stuff\3D Models\3Ds Max 500 Models And Textures\500_Modeles_HQ+Textures_FR_ZIP_by_SRC.powaa\DATA\AIRCRAFT\VULCAN,S:\_POST_PRODUCTION\_VFX_ELEMENTS\3dWorld\3D World and stuff\3D Models\3Ds Max 500 Models And Textures\500_Modeles_HQ+Textures_FR_ZIP_by_SRC.powaa\DATA\AIRCRAFT\VULCAN\VULCAN01.jpg,,,,,,
ZEPPEL,.jpg,1,3,3,0,547047,534.2 KB,S:\_POST_PRODUCTION\_VFX_ELEMENTS\3dWorld\3D World and stuff\3D Models\3Ds Max 500 Models And Textures\500_Modeles_HQ+Textures_FR_ZIP_by_SRC.powaa\DATA\AIRCRAFT\ZEPPEL,S:\_POST_PRODUCTION\_VFX_ELEMENTS\3dWorld\3D World and stuff\3D Models\3Ds Max 500 Models And Textures\500_Modeles_HQ+Textures_FR_ZIP_by_SRC.powaa\DATA\AIRCRAFT\ZEPPEL\ZEPPEL01.jpg,,,,,,
AMBLY,.jpg,1,3,3,0,435761,425.5 KB,S:\_POST_PRODUCTION\_VFX_ELEMENTS\3dWorld\3D World and stuff\3D Models\3Ds Max 500 Models And Textures\500_Modeles_HQ+Textures_FR_ZIP_by_SRC.powaa\DATA\ANIMALS\AMBLY,S:\_POST_PRODUCTION\_VFX_ELEMENTS\3dWorld\3D World and stuff\3D Models\3Ds Max 500 Models And Textures\500_Modeles_HQ+Textures_FR_ZIP_by_SRC.powaa\DATA\ANIMALS\AMBLY\AMBLY_01.jpg,,,,,,
ARRUI,.jpg,1,3,3,0,466660,455.7 KB,S:\_POST_PRODUCTION\_VFX_ELEMENTS\3dWorld\3D World and stuff\3D Models\3Ds Max 500 Models And Textures\500_Modeles_HQ+Textures_FR_ZIP_by_SRC.powaa\DATA\ANIMALS\ARRUI,S:\_POST_PRODUCTION\_VFX_ELEMENTS\3dWorld\3D World and stuff\3D Models\3Ds Max 500 Models And Textures\500_Modeles_HQ+Textures_FR_ZIP_by_SRC.powaa\DATA\ANIMALS\ARRUI\ARRUI_01.jpg,,,,,,
BAT,.jpg,1,3,3,0,704612,688.1 KB,S:\_POST_PRODUCTION\_VFX_ELEMENTS\3dWorld\3D World and stuff\3D Models\3Ds Max 500 Models And Textures\500_Modeles_HQ+Textures_FR_ZIP_by_SRC.powaa\DATA\ANIMALS\BAT,S:\_POST_PRODUCTION\_VFX_ELEMENTS\3dWorld\3D World and stuff\3D Models\3Ds Max 500 Models And Textures\500_Modeles_HQ+Textures_FR_ZIP_by_SRC.powaa\DATA\ANIMALS\BAT\BAT_01.jpg,,,,,,
BEATLE,.jpg,1,3,3,0,400943,391.5 KB,S:\_POST_PRODUCTION\_VFX_ELEMENTS\3dWorld\3D World and stuff\3D Models\3Ds Max 500 Models And Textures\500_Modeles_HQ+Textures_FR_ZIP_by_SRC.powaa\DATA\ANIMALS\BEATLE,S:\_POST_PRODUCTION\_VFX_ELEMENTS\3dWorld\3D World and stuff\3D Models\3Ds Max 500 Models And Textures\500_Modeles_HQ+Textures_FR_ZIP_by_SRC.powaa\DATA\ANIMALS\BEATLE\BEATLE01.jpg,,,,,,
BERMJ,.jpg,1,3,3,0,626630,611.9 KB,S:\_POST_PRODUCTION\_VFX_ELEMENTS\3dWorld\3D World and stuff\3D Models\3Ds Max 500 Models And Textures\500_Modeles_HQ+Textures_FR_ZIP_by_SRC.powaa\DATA\ANIMALS\BERMJ,S:\_POST_PRODUCTION\_VFX_ELEMENTS\3dWorld\3D World and stuff\3D Models\3Ds Max 500 Models And Textures\500_Modeles_HQ+Textures_FR_ZIP_by_SRC.powaa\DATA\ANIMALS\BERMJ\BERMJ_01.jpg,,,,,,
BOXER,.jpg,1,3,3,0,446723,436.3 KB,S:\_POST_PRODUCTION\_VFX_ELEMENTS\3dWorld\3D World and stuff\3D Models\3Ds Max 500 Models And Textures\500_Modeles_HQ+Textures_FR_ZIP_by_SRC.powaa\DATA\ANIMALS\BOXER,S:\_POST_PRODUCTION\_VFX_ELEMENTS\3dWorld\3D World and stuff\3D Models\3Ds Max 500 Models And Textures\500_Modeles_HQ+Textures_FR_ZIP_by_SRC.powaa\DATA\ANIMALS\BOXER\BOXER_01.jpg,,,,,,
BRACO,.jpg,1,3,3,0,374802,366.0 KB,S:\_POST_PRODUCTION\_VFX_ELEMENTS\3dWorld\3D World and stuff\3D Models\3Ds Max 500 Models And Textures\500_Modeles_HQ+Textures_FR_ZIP_by_SRC.powaa\DATA\ANIMALS\BRACO,S:\_POST_PRODUCTION\_VFX_ELEMENTS\3dWorld\3D World and stuff\3D Models\3Ds Max 500 Models And Textures\500_Modeles_HQ+Textures_FR_ZIP_by_SRC.powaa\DATA\ANIMALS\BRACO\BRACO_01.jpg,,,,,,
BUTT,.jpg,1,3,3,0,515813,503.7 KB,S:\_POST_PRODUCTION\_VFX_ELEMENTS\3dWorld\3D World and stuff\3D Models\3Ds Max 500 Models And Textures\500_Modeles_HQ+Textures_FR_ZIP_by_SRC.powaa\DATA\ANIMALS\BUTT,S:\_POST_PRODUCTION\_VFX_ELEMENTS\3dWorld\3D World and stuff\3D Models\3Ds Max 500 Models And Textures\500_Modeles_HQ+Textures_FR_ZIP_by_SRC.powaa\DATA\ANIMALS\BUTT\BUTT_01.jpg,,,,,,
CBDIAB,.jpg,1,3,3,0,505095,493.3 KB,S:\_POST_PRODUCTION\_VFX_ELEMENTS\3dWorld\3D World and stuff\3D Models\3Ds Max 500 Models And Textures\500_Modeles_HQ+Textures_FR_ZIP_by_SRC.powaa\DATA\ANIMALS\CBDIABLO,S:\_POST_PRODUCTION\_VFX_ELEMENTS\3dWorld\3D World and stuff\3D Models\3Ds Max 500 Models And Textures\500_Modeles_HQ+Textures_FR_ZIP_by_SRC.powaa\DATA\ANIMALS\CBDIABLO\CBDIAB01.jpg,,,,,,
CHAMA,.jpg,1,3,3,0,451568,441.0 KB,S:\_POST_PRODUCTION\_VFX_ELEMENTS\3dWorld\3D World and stuff\3D Models\3Ds Max 500 Models And Textures\500_Modeles_HQ+Textures_FR_ZIP_by_SRC.powaa\DATA\ANIMALS\CHAMA,S:\_POST_PRODUCTION\_VFX_ELEMENTS\3dWorld\3D World and stuff\3D Models\3Ds Max 500 Models And Textures\500_Modeles_HQ+Textures_FR_ZIP_by_SRC.powaa\DATA\ANIMALS\CHAMA\CHAMA_01.jpg,,,,,,
CHIMP,.jpg,1,3,3,0,400847,391.5 KB,S:\_POST_PRODUCTION\_VFX_ELEMENTS\3dWorld\3D World and stuff\3D Models\3Ds Max 500 Models And Textures\500_Modeles_HQ+Textures_FR_ZIP_by_SRC.powaa\DATA\ANIMALS\CHIMP,S:\_POST_PRODUCTION\_VFX_ELEMENTS\3dWorld\3D World and stuff\3D Models\3Ds Max 500 Models And Textures\500_Modeles_HQ+Textures_FR_ZIP_by_SRC.powaa\DATA\ANIMALS\CHIMP\CHIMP_01.jpg,,,,,,
COW,.jpg,1,3,3,0,352366,344.1 KB,S:\_POST_PRODUCTION\_VFX_ELEMENTS\3dWorld\3D World and stuff\3D Models\3Ds Max 500 Models And Textures\500_Modeles_HQ+Textures_FR_ZIP_by_SRC.powaa\DATA\ANIMALS\COW,S:\_POST_PRODUCTION\_VFX_ELEMENTS\3dWorld\3D World and stuff\3D Models\3Ds Max 500 Models And Textures\500_Modeles_HQ+Textures_FR_ZIP_by_SRC.powaa\DATA\ANIMALS\COW\COW_01.jpg,,,,,,
CRAB,.jpg,1,3,3,0,444255,433.8 KB,S:\_POST_PRODUCTION\_VFX_ELEMENTS\3dWorld\3D World and stuff\3D Models\3Ds Max 500 Models And Textures\500_Modeles_HQ+Textures_FR_ZIP_by_SRC.powaa\DATA\ANIMALS\CRAB,S:\_POST_PRODUCTION\_VFX_ELEMENTS\3dWorld\3D World and stuff\3D Models\3Ds Max 500 Models And Textures\500_Modeles_HQ+Textures_FR_ZIP_by_SRC.powaa\DATA\ANIMALS\CRAB\CRAB_01.jpg,,,,,,
ELEPHA,.jpg,1,3,3,0,504235,492.4 KB,S:\_POST_PRODUCTION\_VFX_ELEMENTS\3dWorld\3D World and stuff\3D Models\3Ds Max 500 Models And Textures\500_Modeles_HQ+Textures_FR_ZIP_by_SRC.powaa\DATA\ANIMALS\ELEPHANT,S:\_POST_PRODUCTION\_VFX_ELEMENTS\3dWorld\3D World and stuff\3D Models\3Ds Max 500 Models And Textures\500_Modeles_HQ+Textures_FR_ZIP_by_SRC.powaa\DATA\ANIMALS\ELEPHANT\ELEPHA01.jpg,,,,,,
FLAM,.jpg,1,3,3,0,366251,357.7 KB,S:\_POST_PRODUCTION\_VFX_ELEMENTS\3dWorld\3D World and stuff\3D Models\3Ds Max 500 Models And Textures\500_Modeles_HQ+Textures_FR_ZIP_by_SRC.powaa\DATA\ANIMALS\FLAM,S:\_POST_PRODUCTION\_VFX_ELEMENTS\3dWorld\3D World and stuff\3D Models\3Ds Max 500 Models And Textures\500_Modeles_HQ+Textures_FR_ZIP_by_SRC.powaa\DATA\ANIMALS\FLAM\FLAM_01.jpg,,,,,,
FLY,.jpg,1,3,3,0,566927,553.6 KB,S:\_POST_PRODUCTION\_VFX_ELEMENTS\3dWorld\3D World and stuff\3D Models\3Ds Max 500 Models And Textures\500_Modeles_HQ+Textures_FR_ZIP_by_SRC.powaa\DATA\ANIMALS\FLY,S:\_POST_PRODUCTION\_VFX_ELEMENTS\3dWorld\3D World and stuff\3D Models\3Ds Max 500 Models And Textures\500_Modeles_HQ+Textures_FR_ZIP_by_SRC.powaa\DATA\ANIMALS\FLY\FLY_01.jpg,,,,,,
GALLIM,.jpg,1,3,3,0,424328,414.4 KB,S:\_POST_PRODUCTION\_VFX_ELEMENTS\3dWorld\3D World and stuff\3D Models\3Ds Max 500 Models And Textures\500_Modeles_HQ+Textures_FR_ZIP_by_SRC.powaa\DATA\ANIMALS\GALLIM,S:\_POST_PRODUCTION\_VFX_ELEMENTS\3dWorld\3D World and stuff\3D Models\3Ds Max 500 Models And Textures\500_Modeles_HQ+Textures_FR_ZIP_by_SRC.powaa\DATA\ANIMALS\GALLIM\GALLIM01.jpg,,,,,,
GIRAFF,.jpg,1,3,3,0,459351,448.6 KB,S:\_POST_PRODUCTION\_VFX_ELEMENTS\3dWorld\3D World and stuff\3D Models\3Ds Max 500 Models And Textures\500_Modeles_HQ+Textures_FR_ZIP_by_SRC.powaa\DATA\ANIMALS\GIRAFFE,S:\_POST_PRODUCTION\_VFX_ELEMENTS\3dWorld\3D World and stuff\3D Models\3Ds Max 500 Models And Textures\500_Modeles_HQ+Textures_FR_ZIP_by_SRC.powaa\DATA\ANIMALS\GIRAFFE\GIRAFF01.jpg,,,,,,
GORILL,.jpg,1,3,3,0,420021,410.2 KB,S:\_POST_PRODUCTION\_VFX_ELEMENTS\3dWorld\3D World and stuff\3D Models\3Ds Max 500 Models And Textures\500_Modeles_HQ+Textures_FR_ZIP_by_SRC.powaa\DATA\ANIMALS\GORILLA,S:\_POST_PRODUCTION\_VFX_ELEMENTS\3dWorld\3D World and stuff\3D Models\3Ds Max 500 Models And Textures\500_Modeles_HQ+Textures_FR_ZIP_by_SRC.powaa\DATA\ANIMALS\GORILLA\GORILL01.jpg,,,,,,
KOMODO,.jpg,1,3,3,0,521486,509.3 KB,S:\_POST_PRODUCTION\_VFX_ELEMENTS\3dWorld\3D World and stuff\3D Models\3Ds Max 500 Models And Textures\500_Modeles_HQ+Textures_FR_ZIP_by_SRC.powaa\DATA\ANIMALS\KOMODO,S:\_POST_PRODUCTION\_VFX_ELEMENTS\3dWorld\3D World and stuff\3D Models\3Ds Max 500 Models And Textures\500_Modeles_HQ+Textures_FR_ZIP_by_SRC.powaa\DATA\ANIMALS\KOMODO\KOMODO01.jpg,,,,,,
KWHF,.jpg,1,3,3,0,326017,318.4 KB,S:\_POST_PRODUCTION\_VFX_ELEMENTS\3dWorld\3D World and stuff\3D Models\3Ds Max 500 Models And Textures\500_Modeles_HQ+Textures_FR_ZIP_by_SRC.powaa\DATA\ANIMALS\KWHF,S:\_POST_PRODUCTION\_VFX_ELEMENTS\3dWorld\3D World and stuff\3D Models\3Ds Max 500 Models And Textures\500_Modeles_HQ+Textures_FR_ZIP_by_SRC.powaa\DATA\ANIMALS\KWHF\KWHF_01.jpg,,,,,,
LABRAT,.jpg,1,3,3,0,507878,496.0 KB,S:\_POST_PRODUCTION\_VFX_ELEMENTS\3dWorld\3D World and stuff\3D Models\3Ds Max 500 Models And Textures\500_Modeles_HQ+Textures_FR_ZIP_by_SRC.powaa\DATA\ANIMALS\LABRAT,S:\_POST_PRODUCTION\_VFX_ELEMENTS\3dWorld\3D World and stuff\3D Models\3Ds Max 500 Models And Textures\500_Modeles_HQ+Textures_FR_ZIP_by_SRC.powaa\DATA\ANIMALS\LABRAT\LABRAT01.jpg,,,,,,
LIONES,.jpg,1,3,3,0,456142,445.5 KB,S:\_POST_PRODUCTION\_VFX_ELEMENTS\3dWorld\3D World and stuff\3D Models\3Ds Max 500 Models And Textures\500_Modeles_HQ+Textures_FR_ZIP_by_SRC.powaa\DATA\ANIMALS\LIONESS,S:\_POST_PRODUCTION\_VFX_ELEMENTS\3dWorld\3D World and stuff\3D Models\3Ds Max 500 Models And Textures\500_Modeles_HQ+Textures_FR_ZIP_by_SRC.powaa\DATA\ANIMALS\LIONESS\LIONES01.jpg,,,,,,
LOBSTE,.jpg,1,3,3,0,504071,492.3 KB,S:\_POST_PRODUCTION\_VFX_ELEMENTS\3dWorld\3D World and stuff\3D Models\3Ds Max 500 Models And Textures\500_Modeles_HQ+Textures_FR_ZIP_by_SRC.powaa\DATA\ANIMALS\LOBSTER,S:\_POST_PRODUCTION\_VFX_ELEMENTS\3dWorld\3D World and stuff\3D Models\3Ds Max 500 Models And Textures\500_Modeles_HQ+Textures_FR_ZIP_by_SRC.powaa\DATA\ANIMALS\LOBSTER\LOBSTE01.jpg,,,,,,
LPRAWN,.jpg,1,3,3,0,588741,574.9 KB,S:\_POST_PRODUCTION\_VFX_ELEMENTS\3dWorld\3D World and stuff\3D Models\3Ds Max 500 Models And Textures\500_Modeles_HQ+Textures_FR_ZIP_by_SRC.powaa\DATA\ANIMALS\LPRAWN,S:\_POST_PRODUCTION\_VFX_ELEMENTS\3dWorld\3D World and stuff\3D Models\3Ds Max 500 Models And Textures\500_Modeles_HQ+Textures_FR_ZIP_by_SRC.powaa\DATA\ANIMALS\LPRAWN\LPRAWN01.jpg,,,,,,
OCTOPU,.jpg,1,3,3,0,525251,512.9 KB,S:\_POST_PRODUCTION\_VFX_ELEMENTS\3dWorld\3D World and stuff\3D Models\3Ds Max 500 Models And Textures\500_Modeles_HQ+Textures_FR_ZIP_by_SRC.powaa\DATA\ANIMALS\OCTOPUS,S:\_POST_PRODUCTION\_VFX_ELEMENTS\3dWorld\3D World and stuff\3D Models\3Ds Max 500 Models And Textures\500_Modeles_HQ+Textures_FR_ZIP_by_SRC.powaa\DATA\ANIMALS\OCTOPUS\OCTOPU01.jpg,,,,,,
PAREXO,.jpg,1,3,3,0,471828,460.8 KB,S:\_POST_PRODUCTION\_VFX_ELEMENTS\3dWorld\3D World and stuff\3D Models\3Ds Max 500 Models And Textures\500_Modeles_HQ+Textures_FR_ZIP_by_SRC.powaa\DATA\ANIMALS\PAREXO,S:\_POST_PRODUCTION\_VFX_ELEMENTS\3dWorld\3D World and stuff\3D Models\3Ds Max 500 Models And Textures\500_Modeles_HQ+Textures_FR_ZIP_by_SRC.powaa\DATA\ANIMALS\PAREXO\PAREXO01.jpg,,,,,,
PTERAN,.jpg,1,3,3,0,590589,576.7 KB,S:\_POST_PRODUCTION\_VFX_ELEMENTS\3dWorld\3D World and stuff\3D Models\3Ds Max 500 Models And Textures\500_Modeles_HQ+Textures_FR_ZIP_by_SRC.powaa\DATA\ANIMALS\PTERANO,S:\_POST_PRODUCTION\_VFX_ELEMENTS\3dWorld\3D World and stuff\3D Models\3Ds Max 500 Models And Textures\500_Modeles_HQ+Textures_FR_ZIP_by_SRC.powaa\DATA\ANIMALS\PTERANO\PTERAN01.jpg,,,,,,
SANPED,.jpg,1,3,3,0,588722,574.9 KB,S:\_POST_PRODUCTION\_VFX_ELEMENTS\3dWorld\3D World and stuff\3D Models\3Ds Max 500 Models And Textures\500_Modeles_HQ+Textures_FR_ZIP_by_SRC.powaa\DATA\ANIMALS\SANPEDRO,S:\_POST_PRODUCTION\_VFX_ELEMENTS\3dWorld\3D World and stuff\3D Models\3Ds Max 500 Models And Textures\500_Modeles_HQ+Textures_FR_ZIP_by_SRC.powaa\DATA\ANIMALS\SANPEDRO\SANPED01.jpg,,,,,,
SCOR,.jpg,1,3,3,0,527252,514.9 KB,S:\_POST_PRODUCTION\_VFX_ELEMENTS\3dWorld\3D World and stuff\3D Models\3Ds Max 500 Models And Textures\500_Modeles_HQ+Textures_FR_ZIP_by_SRC.powaa\DATA\ANIMALS\SCOR,S:\_POST_PRODUCTION\_VFX_ELEMENTS\3dWorld\3D World and stuff\3D Models\3Ds Max 500 Models And Textures\500_Modeles_HQ+Textures_FR_ZIP_by_SRC.powaa\DATA\ANIMALS\SCOR\SCOR_01.jpg,,,,,,
SHEEP,.jpg,1,3,3,0,466533,455.6 KB,S:\_POST_PRODUCTION\_VFX_ELEMENTS\3dWorld\3D World and stuff\3D Models\3Ds Max 500 Models And Textures\500_Modeles_HQ+Textures_FR_ZIP_by_SRC.powaa\DATA\ANIMALS\SHEEPH,S:\_POST_PRODUCTION\_VFX_ELEMENTS\3dWorld\3D World and stuff\3D Models\3Ds Max 500 Models And Textures\500_Modeles_HQ+Textures_FR_ZIP_by_SRC.powaa\DATA\ANIMALS\SHEEPH\SHEEP01.jpg,,,,,,
SLMN,.jpg,1,3,3,0,454303,443.7 KB,S:\_POST_PRODUCTION\_VFX_ELEMENTS\3dWorld\3D World and stuff\3D Models\3Ds Max 500 Models And Textures\500_Modeles_HQ+Textures_FR_ZIP_by_SRC.powaa\DATA\ANIMALS\SLMN,S:\_POST_PRODUCTION\_VFX_ELEMENTS\3dWorld\3D World and stuff\3D Models\3Ds Max 500 Models And Textures\500_Modeles_HQ+Textures_FR_ZIP_by_SRC.powaa\DATA\ANIMALS\SLMN\SLMN01.jpg,,,,,,
TARANT,.jpg,1,3,3,0,734336,717.1 KB,S:\_POST_PRODUCTION\_VFX_ELEMENTS\3dWorld\3D World and stuff\3D Models\3Ds Max 500 Models And Textures\500_Modeles_HQ+Textures_FR_ZIP_by_SRC.powaa\DATA\ANIMALS\TARANTU,S:\_POST_PRODUCTION\_VFX_ELEMENTS\3dWorld\3D World and stuff\3D Models\3Ds Max 500 Models And Textures\500_Modeles_HQ+Textures_FR_ZIP_by_SRC.powaa\DATA\ANIMALS\TARANTU\TARANT01.jpg,,,,,,
TIRARE,.jpg,1,3,3,0,396371,387.1 KB,S:\_POST_PRODUCTION\_VFX_ELEMENTS\3dWorld\3D World and stuff\3D Models\3Ds Max 500 Models And Textures\500_Modeles_HQ+Textures_FR_ZIP_by_SRC.powaa\DATA\ANIMALS\TIRAREX,S:\_POST_PRODUCTION\_VFX_ELEMENTS\3dWorld\3D World and stuff\3D Models\3Ds Max 500 Models And Textures\500_Modeles_HQ+Textures_FR_ZIP_by_SRC.powaa\DATA\ANIMALS\TIRAREX\TIRARE01.jpg,,,,,,
TRICER,.jpg,1,3,3,0,450071,439.5 KB,S:\_POST_PRODUCTION\_VFX_ELEMENTS\3dWorld\3D World and stuff\3D Models\3Ds Max 500 Models And Textures\500_Modeles_HQ+Textures_FR_ZIP_by_SRC.powaa\DATA\ANIMALS\TRICERA,S:\_POST_PRODUCTION\_VFX_ELEMENTS\3dWorld\3D World and stuff\3D Models\3Ds Max 500 Models And Textures\500_Modeles_HQ+Textures_FR_ZIP_by_SRC.powaa\DATA\ANIMALS\TRICERA\TRICER01.jpg,,,,,,
TURTLE,.jpg,1,3,3,0,512252,500.2 KB,S:\_POST_PRODUCTION\_VFX_ELEMENTS\3dWorld\3D World and stuff\3D Models\3Ds Max 500 Models And Textures\500_Modeles_HQ+Textures_FR_ZIP_by_SRC.powaa\DATA\ANIMALS\TURTLE,S:\_POST_PRODUCTION\_VFX_ELEMENTS\3dWorld\3D World and stuff\3D Models\3Ds Max 500 Models And Textures\500_Modeles_HQ+Textures_FR_ZIP_by_SRC.powaa\DATA\ANIMALS\TURTLE\TURTLE01.jpg,,,,,,
WSHARK,.jpg,1,3,3,0,361985,353.5 KB,S:\_POST_PRODUCTION\_VFX_ELEMENTS\3dWorld\3D World and stuff\3D Models\3Ds Max 500 Models And Textures\500_Modeles_HQ+Textures_FR_ZIP_by_SRC.powaa\DATA\ANIMALS\WSHARKF,S:\_POST_PRODUCTION\_VFX_ELEMENTS\3dWorld\3D World and stuff\3D Models\3Ds Max 500 Models And Textures\500_Modeles_HQ+Textures_FR_ZIP_by_SRC.powaa\DATA\ANIMALS\WSHARKF\WSHARK01.jpg,,,,,,
ZEBRA,.jpg,1,3,3,0,643270,628.2 KB,S:\_POST_PRODUCTION\_VFX_ELEMENTS\3dWorld\3D World and stuff\3D Models\3Ds Max 500 Models And Textures\500_Modeles_HQ+Textures_FR_ZIP_by_SRC.powaa\DATA\ANIMALS\ZEBRA,S:\_POST_PRODUCTION\_VFX_ELEMENTS\3dWorld\3D World and stuff\3D Models\3Ds Max 500 Models And Textures\500_Modeles_HQ+Textures_FR_ZIP_by_SRC.powaa\DATA\ANIMALS\ZEBRA\ZEBRA_01.jpg,,,,,,
BANKHA,.jpg,1,3,3,0,717392,700.6 KB,S:\_POST_PRODUCTION\_VFX_ELEMENTS\3dWorld\3D World and stuff\3D Models\3Ds Max 500 Models And Textures\500_Modeles_HQ+Textures_FR_ZIP_by_SRC.powaa\DATA\ARCHITEC\BANKHAUS,S:\_POST_PRODUCTION\_VFX_ELEMENTS\3dWorld\3D World and stuff\3D Models\3Ds Max 500 Models And Textures\500_Modeles_HQ+Textures_FR_ZIP_by_SRC.powaa\DATA\ARCHITEC\BANKHAUS\BANKHA01.jpg,,,,,,
BARN,.jpg,1,3,3,0,855427,835.4 KB,S:\_POST_PRODUCTION\_VFX_ELEMENTS\3dWorld\3D World and stuff\3D Models\3Ds Max 500 Models And Textures\500_Modeles_HQ+Textures_FR_ZIP_by_SRC.powaa\DATA\ARCHITEC\BARN,S:\_POST_PRODUCTION\_VFX_ELEMENTS\3dWorld\3D World and stuff\3D Models\3Ds Max 500 Models And Textures\500_Modeles_HQ+Textures_FR_ZIP_by_SRC.powaa\DATA\ARCHITEC\BARN\BARN_01.jpg,,,,,,
COLI,.jpg,1,3,3,0,1175919,1.1 MB,S:\_POST_PRODUCTION\_VFX_ELEMENTS\3dWorld\3D World and stuff\3D Models\3Ds Max 500 Models And Textures\500_Modeles_HQ+Textures_FR_ZIP_by_SRC.powaa\DATA\ARCHITEC\COLI,S:\_POST_PRODUCTION\_VFX_ELEMENTS\3dWorld\3D World and stuff\3D Models\3Ds Max 500 Models And Textures\500_Modeles_HQ+Textures_FR_ZIP_by_SRC.powaa\DATA\ARCHITEC\COLI\COLI_01.jpg,,,,,,
COLIBU,.jpg,1,7,7,0,54554,53.3 KB,S:\_POST_PRODUCTION\_VFX_ELEMENTS\3dWorld\3D World and stuff\3D Models\3Ds Max 500 Models And Textures\500_Modeles_HQ+Textures_FR_ZIP_by_SRC.powaa\DATA\ARCHITEC\COLI\COLI,S:\_POST_PRODUCTION\_VFX_ELEMENTS\3dWorld\3D World and stuff\3D Models\3Ds Max 500 Models And Textures\500_Modeles_HQ+Textures_FR_ZIP_by_SRC.powaa\DATA\ARCHITEC\COLI\COLI\COLIBU01.JPG,,,,,,
COLIOP,.jpg,1,4,4,0,28275,27.6 KB,S:\_POST_PRODUCTION\_VFX_ELEMENTS\3dWorld\3D World and stuff\3D Models\3Ds Max 500 Models And Textures\500_Modeles_HQ+Textures_FR_ZIP_by_SRC.powaa\DATA\ARCHITEC\COLI\COLI,S:\_POST_PRODUCTION\_VFX_ELEMENTS\3dWorld\3D World and stuff\3D Models\3Ds Max 500 Models And Textures\500_Modeles_HQ+Textures_FR_ZIP_by_SRC.powaa\DATA\ARCHITEC\COLI\COLI\COLIOP01.JPG,,,,,,
DIESPO,.jpg,1,3,3,0,789942,771.4 KB,S:\_POST_PRODUCTION\_VFX_ELEMENTS\3dWorld\3D World and stuff\3D Models\3Ds Max 500 Models And Textures\500_Modeles_HQ+Textures_FR_ZIP_by_SRC.powaa\DATA\ARCHITEC\DIESPOM,S:\_POST_PRODUCTION\_VFX_ELEMENTS\3dWorld\3D World and stuff\3D Models\3Ds Max 500 Models And Textures\500_Modeles_HQ+Textures_FR_ZIP_by_SRC.powaa\DATA\ARCHITEC\DIESPOM\DIESPO01.jpg,,,,,,
ESTACI,.jpg,1,3,3,0,828535,809.1 KB,S:\_POST_PRODUCTION\_VFX_ELEMENTS\3dWorld\3D World and stuff\3D Models\3Ds Max 500 Models And Textures\500_Modeles_HQ+Textures_FR_ZIP_by_SRC.powaa\DATA\ARCHITEC\ESTACI,S:\_POST_PRODUCTION\_VFX_ELEMENTS\3dWorld\3D World and stuff\3D Models\3Ds Max 500 Models And Textures\500_Modeles_HQ+Textures_FR_ZIP_by_SRC.powaa\DATA\ARCHITEC\ESTACI\ESTACI01.jpg,,,,,,
GUTENB,.jpg,1,3,3,0,911523,890.2 KB,S:\_POST_PRODUCTION\_VFX_ELEMENTS\3dWorld\3D World and stuff\3D Models\3Ds Max 500 Models And Textures\500_Modeles_HQ+Textures_FR_ZIP_by_SRC.powaa\DATA\ARCHITEC\GUTENB,S:\_POST_PRODUCTION\_VFX_ELEMENTS\3dWorld\3D World and stuff\3D Models\3Ds Max 500 Models And Textures\500_Modeles_HQ+Textures_FR_ZIP_by_SRC.powaa\DATA\ARCHITEC\GUTENB\GUTENB01.jpg,,,,,,
HANGAR,.jpg,1,3,3,0,762382,744.5 KB,S:\_POST_PRODUCTION\_VFX_ELEMENTS\3dWorld\3D World and stuff\3D Models\3Ds Max 500 Models And Textures\500_Modeles_HQ+Textures_FR_ZIP_by_SRC.powaa\DATA\ARCHITEC\HANGAR,S:\_POST_PRODUCTION\_VFX_ELEMENTS\3dWorld\3D World and stuff\3D Models\3Ds Max 500 Models And Textures\500_Modeles_HQ+Textures_FR_ZIP_by_SRC.powaa\DATA\ARCHITEC\HANGAR\HANGAR01.jpg,,,,,,
KEHL,.jpg,1,3,3,0,663572,648.0 KB,S:\_POST_PRODUCTION\_VFX_ELEMENTS\3dWorld\3D World and stuff\3D Models\3Ds Max 500 Models And Textures\500_Modeles_HQ+Textures_FR_ZIP_by_SRC.powaa\DATA\ARCHITEC\KEHL,S:\_POST_PRODUCTION\_VFX_ELEMENTS\3dWorld\3D World and stuff\3D Models\3Ds Max 500 Models And Textures\500_Modeles_HQ+Textures_FR_ZIP_by_SRC.powaa\DATA\ARCHITEC\KEHL\KEHL_01.jpg,,,,,,
LONIC,.jpg,1,3,3,0,756777,739.0 KB,S:\_POST_PRODUCTION\_VFX_ELEMENTS\3dWorld\3D World and stuff\3D Models\3Ds Max 500 Models And Textures\500_Modeles_HQ+Textures_FR_ZIP_by_SRC.powaa\DATA\ARCHITEC\LONIC,S:\_POST_PRODUCTION\_VFX_ELEMENTS\3dWorld\3D World and stuff\3D Models\3Ds Max 500 Models And Textures\500_Modeles_HQ+Textures_FR_ZIP_by_SRC.powaa\DATA\ARCHITEC\LONIC\LONIC_01.jpg,,,,,,
LOOKOU,.jpg,1,3,3,0,610641,596.3 KB,S:\_POST_PRODUCTION\_VFX_ELEMENTS\3dWorld\3D World and stuff\3D Models\3Ds Max 500 Models And Textures\500_Modeles_HQ+Textures_FR_ZIP_by_SRC.powaa\DATA\ARCHITEC\LOOKOUT,S:\_POST_PRODUCTION\_VFX_ELEMENTS\3dWorld\3D World and stuff\3D Models\3Ds Max 500 Models And Textures\500_Modeles_HQ+Textures_FR_ZIP_by_SRC.powaa\DATA\ARCHITEC\LOOKOUT\LOOKOU01.jpg,,,,,,
MEZROC,.jpg,1,3,3,0,816374,797.2 KB,S:\_POST_PRODUCTION\_VFX_ELEMENTS\3dWorld\3D World and stuff\3D Models\3Ds Max 500 Models And Textures\500_Modeles_HQ+Textures_FR_ZIP_by_SRC.powaa\DATA\ARCHITEC\MEZROCA,S:\_POST_PRODUCTION\_VFX_ELEMENTS\3dWorld\3D World and stuff\3D Models\3Ds Max 500 Models And Textures\500_Modeles_HQ+Textures_FR_ZIP_by_SRC.powaa\DATA\ARCHITEC\MEZROCA\MEZROC01.jpg,,,,,,
ALFOMB,.jpg,1,3,3,0,610198,595.9 KB,S:\_POST_PRODUCTION\_VFX_ELEMENTS\3dWorld\3D World and stuff\3D Models\3Ds Max 500 Models And Textures\500_Modeles_HQ+Textures_FR_ZIP_by_SRC.powaa\DATA\ARCHITEC\MEZROCA\MEZROCA,S:\_POST_PRODUCTION\_VFX_ELEMENTS\3dWorld\3D World and stuff\3D Models\3Ds Max 500 Models And Textures\500_Modeles_HQ+Textures_FR_ZIP_by_SRC.powaa\DATA\ARCHITEC\MEZROCA\MEZROCA\ALFOMB01.JPG,,,,,,
MARBLE,.jpg,10,22,3,10,150573,147.0 KB,S:\_POST_PRODUCTION\_VFX_ELEMENTS\3dWorld\3D World and stuff\3D Models\3Ds Max 500 Models And Textures\500_Modeles_HQ+Textures_FR_ZIP_by_SRC.powaa\DATA\ARCHITEC\MEZROCA\MEZROCA,S:\_POST_PRODUCTION\_VFX_ELEMENTS\3dWorld\3D World and stuff\3D Models\3Ds Max 500 Models And Textures\500_Modeles_HQ+Textures_FR_ZIP_by_SRC.powaa\DATA\ARCHITEC\MEZROCA\MEZROCA\MARBLE10.JPG,,,,,,
MODERN,.jpg,1,3,3,0,871710,851.3 KB,S:\_POST_PRODUCTION\_VFX_ELEMENTS\3dWorld\3D World and stuff\3D Models\3Ds Max 500 Models And Textures\500_Modeles_HQ+Textures_FR_ZIP_by_SRC.powaa\DATA\ARCHITEC\MODERNHO,S:\_POST_PRODUCTION\_VFX_ELEMENTS\3dWorld\3D World and stuff\3D Models\3Ds Max 500 Models And Textures\500_Modeles_HQ+Textures_FR_ZIP_by_SRC.powaa\DATA\ARCHITEC\MODERNHO\MODERN01.jpg,,,,,,
RIDEAU,.jpg,1,3,3,0,832606,813.1 KB,S:\_POST_PRODUCTION\_VFX_ELEMENTS\3dWorld\3D World and stuff\3D Models\3Ds Max 500 Models And Textures\500_Modeles_HQ+Textures_FR_ZIP_by_SRC.powaa\DATA\ARCHITEC\RIDEAU,S:\_POST_PRODUCTION\_VFX_ELEMENTS\3dWorld\3D World and stuff\3D Models\3Ds Max 500 Models And Textures\500_Modeles_HQ+Textures_FR_ZIP_by_SRC.powaa\DATA\ARCHITEC\RIDEAU\RIDEAU01.jpg,,,,,,
SAWMIL,.jpg,1,3,3,0,924990,903.3 KB,S:\_POST_PRODUCTION\_VFX_ELEMENTS\3dWorld\3D World and stuff\3D Models\3Ds Max 500 Models And Textures\500_Modeles_HQ+Textures_FR_ZIP_by_SRC.powaa\DATA\ARCHITEC\SAWMILL,S:\_POST_PRODUCTION\_VFX_ELEMENTS\3dWorld\3D World and stuff\3D Models\3Ds Max 500 Models And Textures\500_Modeles_HQ+Textures_FR_ZIP_by_SRC.powaa\DATA\ARCHITEC\SAWMILL\SAWMIL01.jpg,,,,,,
SIGNAL,.jpg,1,3,3,0,883550,862.8 KB,S:\_POST_PRODUCTION\_VFX_ELEMENTS\3dWorld\3D World and stuff\3D Models\3Ds Max 500 Models And Textures\500_Modeles_HQ+Textures_FR_ZIP_by_SRC.powaa\DATA\ARCHITEC\SIGNAL,S:\_POST_PRODUCTION\_VFX_ELEMENTS\3dWorld\3D World and stuff\3D Models\3Ds Max 500 Models And Textures\500_Modeles_HQ+Textures_FR_ZIP_by_SRC.powaa\DATA\ARCHITEC\SIGNAL\SIGNAL01.jpg,,,,,,
SMOKEH,.jpg,1,3,3,0,1251557,1.2 MB,S:\_POST_PRODUCTION\_VFX_ELEMENTS\3dWorld\3D World and stuff\3D Models\3Ds Max 500 Models And Textures\500_Modeles_HQ+Textures_FR_ZIP_by_SRC.powaa\DATA\ARCHITEC\SMOKEHOU,S:\_POST_PRODUCTION\_VFX_ELEMENTS\3dWorld\3D World and stuff\3D Models\3Ds Max 500 Models And Textures\500_Modeles_HQ+Textures_FR_ZIP_by_SRC.powaa\DATA\ARCHITEC\SMOKEHOU\SMOKEH01.jpg,,,,,,
STORY,.jpg,1,3,3,0,1128165,1.1 MB,S:\_POST_PRODUCTION\_VFX_ELEMENTS\3dWorld\3D World and stuff\3D Models\3Ds Max 500 Models And Textures\500_Modeles_HQ+Textures_FR_ZIP_by_SRC.powaa\DATA\ARCHITEC\STORY,S:\_POST_PRODUCTION\_VFX_ELEMENTS\3dWorld\3D World and stuff\3D Models\3Ds Max 500 Models And Textures\500_Modeles_HQ+Textures_FR_ZIP_by_SRC.powaa\DATA\ARCHITEC\STORY\STORY_01.jpg,,,,,,
STUT_C,.jpg,1,3,3,0,867886,847.5 KB,S:\_POST_PRODUCTION\_VFX_ELEMENTS\3dWorld\3D World and stuff\3D Models\3Ds Max 500 Models And Textures\500_Modeles_HQ+Textures_FR_ZIP_by_SRC.powaa\DATA\ARCHITEC\STUT_C,S:\_POST_PRODUCTION\_VFX_ELEMENTS\3dWorld\3D World and stuff\3D Models\3Ds Max 500 Models And Textures\500_Modeles_HQ+Textures_FR_ZIP_by_SRC.powaa\DATA\ARCHITEC\STUT_C\STUT_C01.jpg,,,,,,
SUMMER,.jpg,1,3,3,0,712013,695.3 KB,S:\_POST_PRODUCTION\_VFX_ELEMENTS\3dWorld\3D World and stuff\3D Models\3Ds Max 500 Models And Textures\500_Modeles_HQ+Textures_FR_ZIP_by_SRC.powaa\DATA\ARCHITEC\SUMMER,S:\_POST_PRODUCTION\_VFX_ELEMENTS\3dWorld\3D World and stuff\3D Models\3Ds Max 500 Models And Textures\500_Modeles_HQ+Textures_FR_ZIP_by_SRC.powaa\DATA\ARCHITEC\SUMMER\SUMMER01.jpg,,,,,,
TALLER,.jpg,1,3,3,0,957252,934.8 KB,S:\_POST_PRODUCTION\_VFX_ELEMENTS\3dWorld\3D World and stuff\3D Models\3Ds Max 500 Models And Textures\500_Modeles_HQ+Textures_FR_ZIP_by_SRC.powaa\DATA\ARCHITEC\TALLER,S:\_POST_PRODUCTION\_VFX_ELEMENTS\3dWorld\3D World and stuff\3D Models\3Ds Max 500 Models And Textures\500_Modeles_HQ+Textures_FR_ZIP_by_SRC.powaa\DATA\ARCHITEC\TALLER\TALLER01.jpg,,,,,,
TOWNH,.jpg,101,103,3,0,884848,864.1 KB,S:\_POST_PRODUCTION\_VFX_ELEMENTS\3dWorld\3D World and stuff\3D Models\3Ds Max 500 Models And Textures\500_Modeles_HQ+Textures_FR_ZIP_by_SRC.powaa\DATA\ARCHITEC\TOWNHOU1,S:\_POST_PRODUCTION\_VFX_ELEMENTS\3dWorld\3D World and stuff\3D Models\3Ds Max 500 Models And Textures\500_Modeles_HQ+Textures_FR_ZIP_by_SRC.powaa\DATA\ARCHITEC\TOWNHOU1\TOWNH101.jpg,,,,,,
TOWNH,.jpg,201,203,3,0,737998,720.7 KB,S:\_POST_PRODUCTION\_VFX_ELEMENTS\3dWorld\3D World and stuff\3D Models\3Ds Max 500 Models And Textures\500_Modeles_HQ+Textures_FR_ZIP_by_SRC.powaa\DATA\ARCHITEC\TOWNHOU2,S:\_POST_PRODUCTION\_VFX_ELEMENTS\3dWorld\3D World and stuff\3D Models\3Ds Max 500 Models And Textures\500_Modeles_HQ+Textures_FR_ZIP_by_SRC.powaa\DATA\ARCHITEC\TOWNHOU2\TOWNH201.jpg,,,,,,
CARTEL,.tif,1,2,2,0,593918,580.0 KB,S:\_POST_PRODUCTION\_VFX_ELEMENTS\3dWorld\3D World and stuff\3D Models\3Ds Max 500 Models And Textures\500_Modeles_HQ+Textures_FR_ZIP_by_SRC.powaa\DATA\ARCHITEC\TOWNHOU2\TOWNHOU2,S:\_POST_PRODUCTION\_VFX_ELEMENTS\3dWorld\3D World and stuff\3D Models\3Ds Max 500 Models And Textures\500_Modeles_HQ+Textures_FR_ZIP_by_SRC.powaa\DATA\ARCHITEC\TOWNHOU2\TOWNHOU2\CARTEL01.TIF,,,,,,
TRANFC,.jpg,1,3,3,0,1082807,1.0 MB,S:\_POST_PRODUCTION\_VFX_ELEMENTS\3dWorld\3D World and stuff\3D Models\3Ds Max 500 Models And Textures\500_Modeles_HQ+Textures_FR_ZIP_by_SRC.powaa\DATA\ARCHITEC\TRANFCH,S:\_POST_PRODUCTION\_VFX_ELEMENTS\3dWorld\3D World and stuff\3D Models\3Ds Max 500 Models And Textures\500_Modeles_HQ+Textures_FR_ZIP_by_SRC.powaa\DATA\ARCHITEC\TRANFCH\TRANFC01.jpg,,,,,,
TWIN_S,.jpg,1,3,3,0,872385,851.9 KB,S:\_POST_PRODUCTION\_VFX_ELEMENTS\3dWorld\3D World and stuff\3D Models\3Ds Max 500 Models And Textures\500_Modeles_HQ+Textures_FR_ZIP_by_SRC.powaa\DATA\ARCHITEC\TWIN_S,S:\_POST_PRODUCTION\_VFX_ELEMENTS\3dWorld\3D World and stuff\3D Models\3Ds Max 500 Models And Textures\500_Modeles_HQ+Textures_FR_ZIP_by_SRC.powaa\DATA\ARCHITEC\TWIN_S\TWIN_S01.jpg,,,,,,
TWOSTO,.jpg,1,3,3,0,1112574,1.1 MB,S:\_POST_PRODUCTION\_VFX_ELEMENTS\3dWorld\3D World and stuff\3D Models\3Ds Max 500 Models And Textures\500_Modeles_HQ+Textures_FR_ZIP_by_SRC.powaa\DATA\ARCHITEC\TWOSTORY,S:\_POST_PRODUCTION\_VFX_ELEMENTS\3dWorld\3D World and stuff\3D Models\3Ds Max 500 Models And Textures\500_Modeles_HQ+Textures_FR_ZIP_by_SRC.powaa\DATA\ARCHITEC\TWOSTORY\TWOSTO01.jpg,,,,,,
T_PENS,.jpg,1,3,3,0,843428,823.7 KB,S:\_POST_PRODUCTION\_VFX_ELEMENTS\3dWorld\3D World and stuff\3D Models\3Ds Max 500 Models And Textures\500_Modeles_HQ+Textures_FR_ZIP_by_SRC.powaa\DATA\ARCHITEC\T_PENS,S:\_POST_PRODUCTION\_VFX_ELEMENTS\3dWorld\3D World and stuff\3D Models\3Ds Max 500 Models And Textures\500_Modeles_HQ+Textures_FR_ZIP_by_SRC.powaa\DATA\ARCHITEC\T_PENS\T_PENS01.jpg,,,,,,
VICTHO,.jpg,1,3,3,0,840506,820.8 KB,S:\_POST_PRODUCTION\_VFX_ELEMENTS\3dWorld\3D World and stuff\3D Models\3Ds Max 500 Models And Textures\500_Modeles_HQ+Textures_FR_ZIP_by_SRC.powaa\DATA\ARCHITEC\VICTHOU,S:\_POST_PRODUCTION\_VFX_ELEMENTS\3dWorld\3D World and stuff\3D Models\3Ds Max 500 Models And Textures\500_Modeles_HQ+Textures_FR_ZIP_by_SRC.powaa\DATA\ARCHITEC\VICTHOU\VICTHO01.jpg,,,,,,
WATER,.jpg,1,3,3,0,749199,731.6 KB,S:\_POST_PRODUCTION\_VFX_ELEMENTS\3dWorld\3D World and stuff\3D Models\3Ds Max 500 Models And Textures\500_Modeles_HQ+Textures_FR_ZIP_by_SRC.powaa\DATA\ARCHITEC\WATER_T2,S:\_POST_PRODUCTION\_VFX_ELEMENTS\3dWorld\3D World and stuff\3D Models\3Ds Max 500 Models And Textures\500_Modeles_HQ+Textures_FR_ZIP_by_SRC.powaa\DATA\ARCHITEC\WATER_T2\WATER_01.jpg,,,,,,
29FORD,.jpg,1,3,3,0,654381,639.0 KB,S:\_POST_PRODUCTION\_VFX_ELEMENTS\3dWorld\3D World and stuff\3D Models\3Ds Max 500 Models And Textures\500_Modeles_HQ+Textures_FR_ZIP_by_SRC.powaa\DATA\CARS\29FORD,S:\_POST_PRODUCTION\_VFX_ELEMENTS\3dWorld\3D World and stuff\3D Models\3Ds Max 500 Models And Textures\500_Modeles_HQ+Textures_FR_ZIP_by_SRC.powaa\DATA\CARS\29FORD\29FORD01.jpg,,,,,,
40FORD,.jpg,1,3,3,0,610334,596.0 KB,S:\_POST_PRODUCTION\_VFX_ELEMENTS\3dWorld\3D World and stuff\3D Models\3Ds Max 500 Models And Textures\500_Modeles_HQ+Textures_FR_ZIP_by_SRC.powaa\DATA\CARS\40FORD,S:\_POST_PRODUCTION\_VFX_ELEMENTS\3dWorld\3D World and stuff\3D Models\3Ds Max 500 Models And Textures\500_Modeles_HQ+Textures_FR_ZIP_by_SRC.powaa\DATA\CARS\40FORD\40FORD01.jpg,,,,,,
50FORD,.jpg,1,3,3,0,611083,596.8 KB,S:\_POST_PRODUCTION\_VFX_ELEMENTS\3dWorld\3D World and stuff\3D Models\3Ds Max 500 Models And Textures\500_Modeles_HQ+Textures_FR_ZIP_by_SRC.powaa\DATA\CARS\50FOR,S:\_POST_PRODUCTION\_VFX_ELEMENTS\3dWorld\3D World and stuff\3D Models\3Ds Max 500 Models And Textures\500_Modeles_HQ+Textures_FR_ZIP_by_SRC.powaa\DATA\CARS\50FOR\50FORD01.jpg,,,,,,
850P,.jpg,1,3,3,0,573357,559.9 KB,S:\_POST_PRODUCTION\_VFX_ELEMENTS\3dWorld\3D World and stuff\3D Models\3Ds Max 500 Models And Textures\500_Modeles_HQ+Textures_FR_ZIP_by_SRC.powaa\DATA\CARS\850P,S:\_POST_PRODUCTION\_VFX_ELEMENTS\3dWorld\3D World and stuff\3D Models\3Ds Max 500 Models And Textures\500_Modeles_HQ+Textures_FR_ZIP_by_SRC.powaa\DATA\CARS\850P\850P_01.jpg,,,,,,
ALFA,.jpg,2301,2303,3,0,698097,681.7 KB,S:\_POST_PRODUCTION\_VFX_ELEMENTS\3dWorld\3D World and stuff\3D Models\3Ds Max 500 Models And Textures\500_Modeles_HQ+Textures_FR_ZIP_by_SRC.powaa\DATA\CARS\ALFA2300,S:\_POST_PRODUCTION\_VFX_ELEMENTS\3dWorld\3D World and stuff\3D Models\3Ds Max 500 Models And Textures\500_Modeles_HQ+Textures_FR_ZIP_by_SRC.powaa\DATA\CARS\ALFA2300\ALFA2301.jpg,,,,,,
ALFASP,.jpg,1,3,3,0,618852,604.3 KB,S:\_POST_PRODUCTION\_VFX_ELEMENTS\3dWorld\3D World and stuff\3D Models\3Ds Max 500 Models And Textures\500_Modeles_HQ+Textures_FR_ZIP_by_SRC.powaa\DATA\CARS\ALFASPID,S:\_POST_PRODUCTION\_VFX_ELEMENTS\3dWorld\3D World and stuff\3D Models\3Ds Max 500 Models And Textures\500_Modeles_HQ+Textures_FR_ZIP_by_SRC.powaa\DATA\CARS\ALFASPID\ALFASP01.jpg,,,,,,
ASTONM,.jpg,1,3,3,0,573192,559.8 KB,S:\_POST_PRODUCTION\_VFX_ELEMENTS\3dWorld\3D World and stuff\3D Models\3Ds Max 500 Models And Textures\500_Modeles_HQ+Textures_FR_ZIP_by_SRC.powaa\DATA\CARS\ASTONM,S:\_POST_PRODUCTION\_VFX_ELEMENTS\3dWorld\3D World and stuff\3D Models\3Ds Max 500 Models And Textures\500_Modeles_HQ+Textures_FR_ZIP_by_SRC.powaa\DATA\CARS\ASTONM\ASTONM01.jpg,,,,,,
AUDIAV,.jpg,1,3,3,0,582050,568.4 KB,S:\_POST_PRODUCTION\_VFX_ELEMENTS\3dWorld\3D World and stuff\3D Models\3Ds Max 500 Models And Textures\500_Modeles_HQ+Textures_FR_ZIP_by_SRC.powaa\DATA\CARS\AUDIAVUS,S:\_POST_PRODUCTION\_VFX_ELEMENTS\3dWorld\3D World and stuff\3D Models\3Ds Max 500 Models And Textures\500_Modeles_HQ+Textures_FR_ZIP_by_SRC.powaa\DATA\CARS\AUDIAVUS\AUDIAV01.jpg,,,,,,
BENTLE,.jpg,1,3,3,0,823294,804.0 KB,S:\_POST_PRODUCTION\_VFX_ELEMENTS\3dWorld\3D World and stuff\3D Models\3Ds Max 500 Models And Textures\500_Modeles_HQ+Textures_FR_ZIP_by_SRC.powaa\DATA\CARS\BENTLEY,S:\_POST_PRODUCTION\_VFX_ELEMENTS\3dWorld\3D World and stuff\3D Models\3Ds Max 500 Models And Textures\500_Modeles_HQ+Textures_FR_ZIP_by_SRC.powaa\DATA\CARS\BENTLEY\BENTLE01.jpg,,,,,,
BMW,.jpg,32501,32503,3,0,651364,636.1 KB,S:\_POST_PRODUCTION\_VFX_ELEMENTS\3dWorld\3D World and stuff\3D Models\3Ds Max 500 Models And Textures\500_Modeles_HQ+Textures_FR_ZIP_by_SRC.powaa\DATA\CARS\BMW325I,S:\_POST_PRODUCTION\_VFX_ELEMENTS\3dWorld\3D World and stuff\3D Models\3Ds Max 500 Models And Textures\500_Modeles_HQ+Textures_FR_ZIP_by_SRC.powaa\DATA\CARS\BMW325I\BMW32501.jpg,,,,,,
BMW,.jpg,50201,50203,3,0,677866,662.0 KB,S:\_POST_PRODUCTION\_VFX_ELEMENTS\3dWorld\3D World and stuff\3D Models\3Ds Max 500 Models And Textures\500_Modeles_HQ+Textures_FR_ZIP_by_SRC.powaa\DATA\CARS\BMW502,S:\_POST_PRODUCTION\_VFX_ELEMENTS\3dWorld\3D World and stuff\3D Models\3Ds Max 500 Models And Textures\500_Modeles_HQ+Textures_FR_ZIP_by_SRC.powaa\DATA\CARS\BMW502\BMW50201.jpg,,,,,,
BUGA,.jpg,1101,1103,3,0,699224,682.8 KB,S:\_POST_PRODUCTION\_VFX_ELEMENTS\3dWorld\3D World and stuff\3D Models\3Ds Max 500 Models And Textures\500_Modeles_HQ+Textures_FR_ZIP_by_SRC.powaa\DATA\CARS\BUGA110,S:\_POST_PRODUCTION\_VFX_ELEMENTS\3dWorld\3D World and stuff\3D Models\3Ds Max 500 Models And Textures\500_Modeles_HQ+Textures_FR_ZIP_by_SRC.powaa\DATA\CARS\BUGA110\BUGA1101.jpg,,,,,,
BUGATT,.jpg,1,3,3,0,875152,854.6 KB,S:\_POST_PRODUCTION\_VFX_ELEMENTS\3dWorld\3D World and stuff\3D Models\3Ds Max 500 Models And Textures\500_Modeles_HQ+Textures_FR_ZIP_by_SRC.powaa\DATA\CARS\BUGATTI,S:\_POST_PRODUCTION\_VFX_ELEMENTS\3dWorld\3D World and stuff\3D Models\3Ds Max 500 Models And Textures\500_Modeles_HQ+Textures_FR_ZIP_by_SRC.powaa\DATA\CARS\BUGATTI\BUGATT01.jpg,,,,,,
BUICK,.jpg,1,3,3,0,722595,705.7 KB,S:\_POST_PRODUCTION\_VFX_ELEMENTS\3dWorld\3D World and stuff\3D Models\3Ds Max 500 Models And Textures\500_Modeles_HQ+Textures_FR_ZIP_by_SRC.powaa\DATA\CARS\BUICK,S:\_POST_PRODUCTION\_VFX_ELEMENTS\3dWorld\3D World and stuff\3D Models\3Ds Max 500 Models And Textures\500_Modeles_HQ+Textures_FR_ZIP_by_SRC.powaa\DATA\CARS\BUICK\BUICK_01.jpg,,,,,,
CADI,.jpg,5901,5903,3,0,679153,663.2 KB,S:\_POST_PRODUCTION\_VFX_ELEMENTS\3dWorld\3D World and stuff\3D Models\3Ds Max 500 Models And Textures\500_Modeles_HQ+Textures_FR_ZIP_by_SRC.powaa\DATA\CARS\CADI59B,S:\_POST_PRODUCTION\_VFX_ELEMENTS\3dWorld\3D World and stuff\3D Models\3Ds Max 500 Models And Textures\500_Modeles_HQ+Textures_FR_ZIP_by_SRC.powaa\DATA\CARS\CADI59B\CADI5901.jpg,,,,,,
CADILL,.jpg,1,3,3,0,699177,682.8 KB,S:\_POST_PRODUCTION\_VFX_ELEMENTS\3dWorld\3D World and stuff\3D Models\3Ds Max 500 Models And Textures\500_Modeles_HQ+Textures_FR_ZIP_by_SRC.powaa\DATA\CARS\CADILLAC,S:\_POST_PRODUCTION\_VFX_ELEMENTS\3dWorld\3D World and stuff\3D Models\3Ds Max 500 Models And Textures\500_Modeles_HQ+Textures_FR_ZIP_by_SRC.powaa\DATA\CARS\CADILLAC\CADILL01.jpg,,,,,,
CH54,.jpg,1,3,3,0,579528,565.9 KB,S:\_POST_PRODUCTION\_VFX_ELEMENTS\3dWorld\3D World and stuff\3D Models\3Ds Max 500 Models And Textures\500_Modeles_HQ+Textures_FR_ZIP_by_SRC.powaa\DATA\CARS\CH54,S:\_POST_PRODUCTION\_VFX_ELEMENTS\3dWorld\3D World and stuff\3D Models\3Ds Max 500 Models And Textures\500_Modeles_HQ+Textures_FR_ZIP_by_SRC.powaa\DATA\CARS\CH54\CH54_01.jpg,,,,,,
CHBELA,.jpg,1,3,3,0,613857,599.5 KB,S:\_POST_PRODUCTION\_VFX_ELEMENTS\3dWorld\3D World and stuff\3D Models\3Ds Max 500 Models And Textures\500_Modeles_HQ+Textures_FR_ZIP_by_SRC.powaa\DATA\CARS\CHBELAIR,S:\_POST_PRODUCTION\_VFX_ELEMENTS\3dWorld\3D World and stuff\3D Models\3Ds Max 500 Models And Textures\500_Modeles_HQ+Textures_FR_ZIP_by_SRC.powaa\DATA\CARS\CHBELAIR\CHBELA01.jpg,,,,,,
CHCORV,.jpg,1,3,3,0,604395,590.2 KB,S:\_POST_PRODUCTION\_VFX_ELEMENTS\3dWorld\3D World and stuff\3D Models\3Ds Max 500 Models And Textures\500_Modeles_HQ+Textures_FR_ZIP_by_SRC.powaa\DATA\CARS\CHCORV,S:\_POST_PRODUCTION\_VFX_ELEMENTS\3dWorld\3D World and stuff\3D Models\3Ds Max 500 Models And Textures\500_Modeles_HQ+Textures_FR_ZIP_by_SRC.powaa\DATA\CARS\CHCORV\CHCORV01.jpg,,,,,,
CHEVY,.jpg,1,3,3,0,681827,665.8 KB,S:\_POST_PRODUCTION\_VFX_ELEMENTS\3dWorld\3D World and stuff\3D Models\3Ds Max 500 Models And Textures\500_Modeles_HQ+Textures_FR_ZIP_by_SRC.powaa\DATA\CARS\CHEVY,S:\_POST_PRODUCTION\_VFX_ELEMENTS\3dWorld\3D World and stuff\3D Models\3Ds Max 500 Models And Textures\500_Modeles_HQ+Textures_FR_ZIP_by_SRC.powaa\DATA\CARS\CHEVY\CHEVY_01.jpg,,,,,,
CITDS,.jpg,101,103,3,0,588418,574.6 KB,S:\_POST_PRODUCTION\_VFX_ELEMENTS\3dWorld\3D World and stuff\3D Models\3Ds Max 500 Models And Textures\500_Modeles_HQ+Textures_FR_ZIP_by_SRC.powaa\DATA\CARS\CITDS19,S:\_POST_PRODUCTION\_VFX_ELEMENTS\3dWorld\3D World and stuff\3D Models\3Ds Max 500 Models And Textures\500_Modeles_HQ+Textures_FR_ZIP_by_SRC.powaa\DATA\CARS\CITDS19\CITDS101.jpg,,,,,,
CITH,.jpg,1,3,3,0,838313,818.7 KB,S:\_POST_PRODUCTION\_VFX_ELEMENTS\3dWorld\3D World and stuff\3D Models\3Ds Max 500 Models And Textures\500_Modeles_HQ+Textures_FR_ZIP_by_SRC.powaa\DATA\CARS\CITH,S:\_POST_PRODUCTION\_VFX_ELEMENTS\3dWorld\3D World and stuff\3D Models\3Ds Max 500 Models And Textures\500_Modeles_HQ+Textures_FR_ZIP_by_SRC.powaa\DATA\CARS\CITH\CITH_01.jpg,,,,,,
CITROB,.jpg,1,3,3,0,679470,663.5 KB,S:\_POST_PRODUCTION\_VFX_ELEMENTS\3dWorld\3D World and stuff\3D Models\3Ds Max 500 Models And Textures\500_Modeles_HQ+Textures_FR_ZIP_by_SRC.powaa\DATA\CARS\CITROB14,S:\_POST_PRODUCTION\_VFX_ELEMENTS\3dWorld\3D World and stuff\3D Models\3Ds Max 500 Models And Textures\500_Modeles_HQ+Textures_FR_ZIP_by_SRC.powaa\DATA\CARS\CITROB14\CITROB01.jpg,,,,,,
CITRO,.jpg,101,103,3,0,710993,694.3 KB,S:\_POST_PRODUCTION\_VFX_ELEMENTS\3dWorld\3D World and stuff\3D Models\3Ds Max 500 Models And Textures\500_Modeles_HQ+Textures_FR_ZIP_by_SRC.powaa\DATA\CARS\CITROE,S:\_POST_PRODUCTION\_VFX_ELEMENTS\3dWorld\3D World and stuff\3D Models\3Ds Max 500 Models And Textures\500_Modeles_HQ+Textures_FR_ZIP_by_SRC.powaa\DATA\CARS\CITROE\CITRO101.jpg,,,,,,
CITROE,.jpg,1,3,3,0,617655,603.2 KB,S:\_POST_PRODUCTION\_VFX_ELEMENTS\3dWorld\3D World and stuff\3D Models\3Ds Max 500 Models And Textures\500_Modeles_HQ+Textures_FR_ZIP_by_SRC.powaa\DATA\CARS\CITROE15,S:\_POST_PRODUCTION\_VFX_ELEMENTS\3dWorld\3D World and stuff\3D Models\3Ds Max 500 Models And Textures\500_Modeles_HQ+Textures_FR_ZIP_by_SRC.powaa\DATA\CARS\CITROE15\CITROE01.jpg,,,,,,
CITRXM,.jpg,1,3,3,0,605779,591.6 KB,S:\_POST_PRODUCTION\_VFX_ELEMENTS\3dWorld\3D World and stuff\3D Models\3Ds Max 500 Models And Textures\500_Modeles_HQ+Textures_FR_ZIP_by_SRC.powaa\DATA\CARS\CITRXM,S:\_POST_PRODUCTION\_VFX_ELEMENTS\3dWorld\3D World and stuff\3D Models\3Ds Max 500 Models And Textures\500_Modeles_HQ+Textures_FR_ZIP_by_SRC.powaa\DATA\CARS\CITRXM\CITRXM01.jpg,,,,,,
CZR1,.jpg,1,3,3,0,571667,558.3 KB,S:\_POST_PRODUCTION\_VFX_ELEMENTS\3dWorld\3D World and stuff\3D Models\3Ds Max 500 Models And Textures\500_Modeles_HQ+Textures_FR_ZIP_by_SRC.powaa\DATA\CARS\CZR1,S:\_POST_PRODUCTION\_VFX_ELEMENTS\3dWorld\3D World and stuff\3D Models\3Ds Max 500 Models And Textures\500_Modeles_HQ+Textures_FR_ZIP_by_SRC.powaa\DATA\CARS\CZR1\CZR1_01.jpg,,,,,,
DELG,.jpg,1,3,3,0,648861,633.7 KB,S:\_POST_PRODUCTION\_VFX_ELEMENTS\3dWorld\3D World and stuff\3D Models\3Ds Max 500 Models And Textures\500_Modeles_HQ+Textures_FR_ZIP_by_SRC.powaa\DATA\CARS\DELG,S:\_POST_PRODUCTION\_VFX_ELEMENTS\3dWorld\3D World and stuff\3D Models\3Ds Max 500 Models And Textures\500_Modeles_HQ+Textures_FR_ZIP_by_SRC.powaa\DATA\CARS\DELG\DELG_01.jpg,,,,,,
DODGEV,.jpg,1,3,3,0,649029,633.8 KB,S:\_POST_PRODUCTION\_VFX_ELEMENTS\3dWorld\3D World and stuff\3D Models\3Ds Max 500 Models And Textures\500_Modeles_HQ+Textures_FR_ZIP_by_SRC.powaa\DATA\CARS\DODGEVIP,S:\_POST_PRODUCTION\_VFX_ELEMENTS\3dWorld\3D World and stuff\3D Models\3Ds Max 500 Models And Textures\500_Modeles_HQ+Textures_FR_ZIP_by_SRC.powaa\DATA\CARS\DODGEVIP\DODGEV01.jpg,,,,,,
F250,.jpg,1,3,3,0,668878,653.2 KB,S:\_POST_PRODUCTION\_VFX_ELEMENTS\3dWorld\3D World and stuff\3D Models\3Ds Max 500 Models And Textures\500_Modeles_HQ+Textures_FR_ZIP_by_SRC.powaa\DATA\CARS\F250,S:\_POST_PRODUCTION\_VFX_ELEMENTS\3dWorld\3D World and stuff\3D Models\3Ds Max 500 Models And Textures\500_Modeles_HQ+Textures_FR_ZIP_by_SRC.powaa\DATA\CARS\F250\F250_01.jpg,,,,,,
F250-,.jpg,2,21,10,10,263142,257.0 KB,S:\_POST_PRODUCTION\_VFX_ELEMENTS\3dWorld\3D World and stuff\3D Models\3Ds Max 500 Models And Textures\500_Modeles_HQ+Textures_FR_ZIP_by_SRC.powaa\DATA\CARS\F250\F250,S:\_POST_PRODUCTION\_VFX_ELEMENTS\3dWorld\3D World and stuff\3D Models\3Ds Max 500 Models And Textures\500_Modeles_HQ+Textures_FR_ZIP_by_SRC.powaa\DATA\CARS\F250\F250\F250-002.JPG,,,,,,
F348,.jpg,1,3,3,0,661234,645.7 KB,S:\_POST_PRODUCTION\_VFX_ELEMENTS\3dWorld\3D World and stuff\3D Models\3Ds Max 500 Models And Textures\500_Modeles_HQ+Textures_FR_ZIP_by_SRC.powaa\DATA\CARS\F348,S:\_POST_PRODUCTION\_VFX_ELEMENTS\3dWorld\3D World and stuff\3D Models\3Ds Max 500 Models And Textures\500_Modeles_HQ+Textures_FR_ZIP_by_SRC.powaa\DATA\CARS\F348\F348_01.jpg,,,,,,
F40,.jpg,1,3,3,0,728941,711.9 KB,S:\_POST_PRODUCTION\_VFX_ELEMENTS\3dWorld\3D World and stuff\3D Models\3Ds Max 500 Models And Textures\500_Modeles_HQ+Textures_FR_ZIP_by_SRC.powaa\DATA\CARS\F40,S:\_POST_PRODUCTION\_VFX_ELEMENTS\3dWorld\3D World and stuff\3D Models\3Ds Max 500 Models And Textures\500_Modeles_HQ+Textures_FR_ZIP_by_SRC.powaa\DATA\CARS\F40\F40_01.jpg,,,,,,
F50N,.jpg,1,3,3,0,728323,711.3 KB,S:\_POST_PRODUCTION\_VFX_ELEMENTS\3dWorld\3D World and stuff\3D Models\3Ds Max 500 Models And Textures\500_Modeles_HQ+Textures_FR_ZIP_by_SRC.powaa\DATA\CARS\F50N,S:\_POST_PRODUCTION\_VFX_ELEMENTS\3dWorld\3D World and stuff\3D Models\3Ds Max 500 Models And Textures\500_Modeles_HQ+Textures_FR_ZIP_by_SRC.powaa\DATA\CARS\F50N\F50N_01.jpg,,,,,,
FIAT5,.jpg,1,3,3,0,717878,701.1 KB,S:\_POST_PRODUCTION\_VFX_ELEMENTS\3dWorld\3D World and stuff\3D Models\3Ds Max 500 Models And Textures\500_Modeles_HQ+Textures_FR_ZIP_by_SRC.powaa\DATA\CARS\FIAT5,S:\_POST_PRODUCTION\_VFX_ELEMENTS\3dWorld\3D World and stuff\3D Models\3Ds Max 500 Models And Textures\500_Modeles_HQ+Textures_FR_ZIP_by_SRC.powaa\DATA\CARS\FIAT5\FIAT5_01.jpg,,,,,,
FORDA,.jpg,101,103,3,0,687663,671.5 KB,S:\_POST_PRODUCTION\_VFX_ELEMENTS\3dWorld\3D World and stuff\3D Models\3Ds Max 500 Models And Textures\500_Modeles_HQ+Textures_FR_ZIP_by_SRC.powaa\DATA\CARS\FORDA1,S:\_POST_PRODUCTION\_VFX_ELEMENTS\3dWorld\3D World and stuff\3D Models\3Ds Max 500 Models And Textures\500_Modeles_HQ+Textures_FR_ZIP_by_SRC.powaa\DATA\CARS\FORDA1\FORDA101.jpg,,,,,,
FORDGT,.jpg,1,3,3,0,598894,584.9 KB,S:\_POST_PRODUCTION\_VFX_ELEMENTS\3dWorld\3D World and stuff\3D Models\3Ds Max 500 Models And Textures\500_Modeles_HQ+Textures_FR_ZIP_by_SRC.powaa\DATA\CARS\FORDGT40,S:\_POST_PRODUCTION\_VFX_ELEMENTS\3dWorld\3D World and stuff\3D Models\3Ds Max 500 Models And Textures\500_Modeles_HQ+Textures_FR_ZIP_by_SRC.powaa\DATA\CARS\FORDGT40\FORDGT01.jpg,,,,,,
FOGT,.jpg,9001,9003,3,0,623340,608.7 KB,S:\_POST_PRODUCTION\_VFX_ELEMENTS\3dWorld\3D World and stuff\3D Models\3Ds Max 500 Models And Textures\500_Modeles_HQ+Textures_FR_ZIP_by_SRC.powaa\DATA\CARS\FORDGT90,S:\_POST_PRODUCTION\_VFX_ELEMENTS\3dWorld\3D World and stuff\3D Models\3Ds Max 500 Models And Textures\500_Modeles_HQ+Textures_FR_ZIP_by_SRC.powaa\DATA\CARS\FORDGT90\FOGT9001.jpg,,,,,,
FORDMU,.jpg,1,3,3,0,610359,596.1 KB,S:\_POST_PRODUCTION\_VFX_ELEMENTS\3dWorld\3D World and stuff\3D Models\3Ds Max 500 Models And Textures\500_Modeles_HQ+Textures_FR_ZIP_by_SRC.powaa\DATA\CARS\FORDMUST,S:\_POST_PRODUCTION\_VFX_ELEMENTS\3dWorld\3D World and stuff\3D Models\3Ds Max 500 Models And Textures\500_Modeles_HQ+Textures_FR_ZIP_by_SRC.powaa\DATA\CARS\FORDMUST\FORDMU01.jpg,,,,,,
FORD_T,.jpg,1,3,3,0,911377,890.0 KB,S:\_POST_PRODUCTION\_VFX_ELEMENTS\3dWorld\3D World and stuff\3D Models\3Ds Max 500 Models And Textures\500_Modeles_HQ+Textures_FR_ZIP_by_SRC.powaa\DATA\CARS\FORD_T12,S:\_POST_PRODUCTION\_VFX_ELEMENTS\3dWorld\3D World and stuff\3D Models\3Ds Max 500 Models And Textures\500_Modeles_HQ+Textures_FR_ZIP_by_SRC.powaa\DATA\CARS\FORD_T12\FORD_T01.jpg,,,,,,
JAGTAR,.jpg,1,3,3,0,812606,793.6 KB,S:\_POST_PRODUCTION\_VFX_ELEMENTS\3dWorld\3D World and stuff\3D Models\3Ds Max 500 Models And Textures\500_Modeles_HQ+Textures_FR_ZIP_by_SRC.powaa\DATA\CARS\JAGTAR,S:\_POST_PRODUCTION\_VFX_ELEMENTS\3dWorld\3D World and stuff\3D Models\3Ds Max 500 Models And Textures\500_Modeles_HQ+Textures_FR_ZIP_by_SRC.powaa\DATA\CARS\JAGTAR\JAGTAR01.jpg,,,,,,
LUCIDA,.jpg,1,3,3,0,710579,693.9 KB,S:\_POST_PRODUCTION\_VFX_ELEMENTS\3dWorld\3D World and stuff\3D Models\3Ds Max 500 Models And Textures\500_Modeles_HQ+Textures_FR_ZIP_by_SRC.powaa\DATA\CARS\LUCIDA,S:\_POST_PRODUCTION\_VFX_ELEMENTS\3dWorld\3D World and stuff\3D Models\3Ds Max 500 Models And Textures\500_Modeles_HQ+Textures_FR_ZIP_by_SRC.powaa\DATA\CARS\LUCIDA\LUCIDA01.jpg,,,,,,
MEFIST,.jpg,1,3,3,0,877160,856.6 KB,S:\_POST_PRODUCTION\_VFX_ELEMENTS\3dWorld\3D World and stuff\3D Models\3Ds Max 500 Models And Textures\500_Modeles_HQ+Textures_FR_ZIP_by_SRC.powaa\DATA\CARS\MEFIST,S:\_POST_PRODUCTION\_VFX_ELEMENTS\3dWorld\3D World and stuff\3D Models\3Ds Max 500 Models And Textures\500_Modeles_HQ+Textures_FR_ZIP_by_SRC.powaa\DATA\CARS\MEFIST\MEFIST01.jpg,,,,,,
MERA,.jpg,1,3,3,0,666179,650.6 KB,S:\_POST_PRODUCTION\_VFX_ELEMENTS\3dWorld\3D World and stuff\3D Models\3Ds Max 500 Models And Textures\500_Modeles_HQ+Textures_FR_ZIP_by_SRC.powaa\DATA\CARS\MERA,S:\_POST_PRODUCTION\_VFX_ELEMENTS\3dWorld\3D World and stuff\3D Models\3Ds Max 500 Models And Textures\500_Modeles_HQ+Textures_FR_ZIP_by_SRC.powaa\DATA\CARS\MERA\MERA_01.jpg,,,,,,
MERCED,.jpg,1,3,3,0,645782,630.6 KB,S:\_POST_PRODUCTION\_VFX_ELEMENTS\3dWorld\3D World and stuff\3D Models\3Ds Max 500 Models And Textures\500_Modeles_HQ+Textures_FR_ZIP_by_SRC.powaa\DATA\CARS\MERCEDES,S:\_POST_PRODUCTION\_VFX_ELEMENTS\3dWorld\3D World and stuff\3D Models\3Ds Max 500 Models And Textures\500_Modeles_HQ+Textures_FR_ZIP_by_SRC.powaa\DATA\CARS\MERCEDES\MERCED01.jpg,,,,,,
NSX,.jpg,1,3,3,0,666874,651.2 KB,S:\_POST_PRODUCTION\_VFX_ELEMENTS\3dWorld\3D World and stuff\3D Models\3Ds Max 500 Models And Textures\500_Modeles_HQ+Textures_FR_ZIP_by_SRC.powaa\DATA\CARS\NSX,S:\_POST_PRODUCTION\_VFX_ELEMENTS\3dWorld\3D World and stuff\3D Models\3Ds Max 500 Models And Textures\500_Modeles_HQ+Textures_FR_ZIP_by_SRC.powaa\DATA\CARS\NSX\NSX_01.jpg,,,,,,
PRELUD,.jpg,1,3,3,0,622934,608.3 KB,S:\_POST_PRODUCTION\_VFX_ELEMENTS\3dWorld\3D World and stuff\3D Models\3Ds Max 500 Models And Textures\500_Modeles_HQ+Textures_FR_ZIP_by_SRC.powaa\DATA\CARS\PRELUDE,S:\_POST_PRODUCTION\_VFX_ELEMENTS\3dWorld\3D World and stuff\3D Models\3Ds Max 500 Models And Textures\500_Modeles_HQ+Textures_FR_ZIP_by_SRC.powaa\DATA\CARS\PRELUDE\PRELUD01.jpg,,,,,,
AMERVE,.jpg,1,3,3,0,1628167,1.6 MB,S:\_POST_PRODUCTION\_VFX_ELEMENTS\3dWorld\3D World and stuff\3D Models\3Ds Max 500 Models And Textures\500_Modeles_HQ+Textures_FR_ZIP_by_SRC.powaa\DATA\CIVIL_SH\AMERVESP,S:\_POST_PRODUCTION\_VFX_ELEMENTS\3dWorld\3D World and stuff\3D Models\3Ds Max 500 Models And Textures\500_Modeles_HQ+Textures_FR_ZIP_by_SRC.powaa\DATA\CIVIL_SH\AMERVESP\AMERVE01.jpg,,,,,,
DIBUJO,.tga,11,22,2,10,495178,483.6 KB,S:\_POST_PRODUCTION\_VFX_ELEMENTS\3dWorld\3D World and stuff\3D Models\3Ds Max 500 Models And Textures\500_Modeles_HQ+Textures_FR_ZIP_by_SRC.powaa\DATA\CIVIL_SH\AMERVESP\AMERVESP,S:\_POST_PRODUCTION\_VFX_ELEMENTS\3dWorld\3D World and stuff\3D Models\3Ds Max 500 Models And Textures\500_Modeles_HQ+Textures_FR_ZIP_by_SRC.powaa\DATA\CIVIL_SH\AMERVESP\AMERVESP\DIBUJO11.TGA,,,,,,
AMPHI,.jpg,1,3,3,0,1144789,1.1 MB,S:\_POST_PRODUCTION\_VFX_ELEMENTS\3dWorld\3D World and stuff\3D Models\3Ds Max 500 Models And Textures\500_Modeles_HQ+Textures_FR_ZIP_by_SRC.powaa\DATA\CIVIL_SH\AMPHI,S:\_POST_PRODUCTION\_VFX_ELEMENTS\3dWorld\3D World and stuff\3D Models\3Ds Max 500 Models And Textures\500_Modeles_HQ+Textures_FR_ZIP_by_SRC.powaa\DATA\CIVIL_SH\AMPHI\AMPHI_01.jpg,,,,,,
BAHRAI,.jpg,1,3,3,0,780767,762.5 KB,S:\_POST_PRODUCTION\_VFX_ELEMENTS\3dWorld\3D World and stuff\3D Models\3Ds Max 500 Models And Textures\500_Modeles_HQ+Textures_FR_ZIP_by_SRC.powaa\DATA\CIVIL_SH\BAHRAIN,S:\_POST_PRODUCTION\_VFX_ELEMENTS\3dWorld\3D World and stuff\3D Models\3Ds Max 500 Models And Textures\500_Modeles_HQ+Textures_FR_ZIP_by_SRC.powaa\DATA\CIVIL_SH\BAHRAIN\BAHRAI01.jpg,,,,,,
CAPHOR,.jpg,1,3,3,0,1225006,1.2 MB,S:\_POST_PRODUCTION\_VFX_ELEMENTS\3dWorld\3D World and stuff\3D Models\3Ds Max 500 Models And Textures\500_Modeles_HQ+Textures_FR_ZIP_by_SRC.powaa\DATA\CIVIL_SH\CAPHORN,S:\_POST_PRODUCTION\_VFX_ELEMENTS\3dWorld\3D World and stuff\3D Models\3Ds Max 500 Models And Textures\500_Modeles_HQ+Textures_FR_ZIP_by_SRC.powaa\DATA\CIVIL_SH\CAPHORN\CAPHOR01.jpg,,,,,,
CGTG,.jpg,1,3,3,0,654160,638.8 KB,S:\_POST_PRODUCTION\_VFX_ELEMENTS\3dWorld\3D World and stuff\3D Models\3Ds Max 500 Models And Textures\500_Modeles_HQ+Textures_FR_ZIP_by_SRC.powaa\DATA\CIVIL_SH\CGTG,S:\_POST_PRODUCTION\_VFX_ELEMENTS\3dWorld\3D World and stuff\3D Models\3Ds Max 500 Models And Textures\500_Modeles_HQ+Textures_FR_ZIP_by_SRC.powaa\DATA\CIVIL_SH\CGTG\CGTG_01.jpg,,,,,,
CORSAI,.jpg,1,3,3,0,758466,740.7 KB,S:\_POST_PRODUCTION\_VFX_ELEMENTS\3dWorld\3D World and stuff\3D Models\3Ds Max 500 Models And Textures\500_Modeles_HQ+Textures_FR_ZIP_by_SRC.powaa\DATA\CIVIL_SH\CORSAIR,S:\_POST_PRODUCTION\_VFX_ELEMENTS\3dWorld\3D World and stuff\3D Models\3Ds Max 500 Models And Textures\500_Modeles_HQ+Textures_FR_ZIP_by_SRC.powaa\DATA\CIVIL_SH\CORSAIR\CORSAI01.jpg,,,,,,
CSHIP,.jpg,1,3,3,0,1168512,1.1 MB,S:\_POST_PRODUCTION\_VFX_ELEMENTS\3dWorld\3D World and stuff\3D Models\3Ds Max 500 Models And Textures\500_Modeles_HQ+Textures_FR_ZIP_by_SRC.powaa\DATA\CIVIL_SH\CSHIP,S:\_POST_PRODUCTION\_VFX_ELEMENTS\3dWorld\3D World and stuff\3D Models\3Ds Max 500 Models And Textures\500_Modeles_HQ+Textures_FR_ZIP_by_SRC.powaa\DATA\CIVIL_SH\CSHIP\CSHIP_01.jpg,,,,,,
DISCOV,.jpg,1,3,3,0,997684,974.3 KB,S:\_POST_PRODUCTION\_VFX_ELEMENTS\3dWorld\3D World and stuff\3D Models\3Ds Max 500 Models And Textures\500_Modeles_HQ+Textures_FR_ZIP_by_SRC.powaa\DATA\CIVIL_SH\DISCOV,S:\_POST_PRODUCTION\_VFX_ELEMENTS\3dWorld\3D World and stuff\3D Models\3Ds Max 500 Models And Textures\500_Modeles_HQ+Textures_FR_ZIP_by_SRC.powaa\DATA\CIVIL_SH\DISCOV\DISCOV01.jpg,,,,,,
DTUG,.jpg,1,3,3,0,612010,597.7 KB,S:\_POST_PRODUCTION\_VFX_ELEMENTS\3dWorld\3D World and stuff\3D Models\3Ds Max 500 Models And Textures\500_Modeles_HQ+Textures_FR_ZIP_by_SRC.powaa\DATA\CIVIL_SH\DTUG,S:\_POST_PRODUCTION\_VFX_ELEMENTS\3dWorld\3D World and stuff\3D Models\3Ds Max 500 Models And Textures\500_Modeles_HQ+Textures_FR_ZIP_by_SRC.powaa\DATA\CIVIL_SH\DTUG\DTUG_01.jpg,,,,,,
FLYING,.jpg,1,3,3,0,1243618,1.2 MB,S:\_POST_PRODUCTION\_VFX_ELEMENTS\3dWorld\3D World and stuff\3D Models\3Ds Max 500 Models And Textures\500_Modeles_HQ+Textures_FR_ZIP_by_SRC.powaa\DATA\CIVIL_SH\FLYING,S:\_POST_PRODUCTION\_VFX_ELEMENTS\3dWorld\3D World and stuff\3D Models\3Ds Max 500 Models And Textures\500_Modeles_HQ+Textures_FR_ZIP_by_SRC.powaa\DATA\CIVIL_SH\FLYING\FLYING01.jpg,,,,,,
FLYCUE,.jpg,2,4,2,1,26169,25.6 KB,S:\_POST_PRODUCTION\_VFX_ELEMENTS\3dWorld\3D World and stuff\3D Models\3Ds Max 500 Models And Textures\500_Modeles_HQ+Textures_FR_ZIP_by_SRC.powaa\DATA\CIVIL_SH\FLYING\FLYING,S:\_POST_PRODUCTION\_VFX_ELEMENTS\3dWorld\3D World and stuff\3D Models\3Ds Max 500 Models And Textures\500_Modeles_HQ+Textures_FR_ZIP_by_SRC.powaa\DATA\CIVIL_SH\FLYING\FLYING\FLYCUE02.JPG,,,,,,
JUNK,.jpg,1,3,3,0,1161964,1.1 MB,S:\_POST_PRODUCTION\_VFX_ELEMENTS\3dWorld\3D World and stuff\3D Models\3Ds Max 500 Models And Textures\500_Modeles_HQ+Textures_FR_ZIP_by_SRC.powaa\DATA\CIVIL_SH\JUNK,S:\_POST_PRODUCTION\_VFX_ELEMENTS\3dWorld\3D World and stuff\3D Models\3Ds Max 500 Models And Textures\500_Modeles_HQ+Textures_FR_ZIP_by_SRC.powaa\DATA\CIVIL_SH\JUNK\JUNK_01.jpg,,,,,,
KURUNT,.jpg,1,3,3,0,666784,651.2 KB,S:\_POST_PRODUCTION\_VFX_ELEMENTS\3dWorld\3D World and stuff\3D Models\3Ds Max 500 Models And Textures\500_Modeles_HQ+Textures_FR_ZIP_by_SRC.powaa\DATA\CIVIL_SH\KURUNT,S:\_POST_PRODUCTION\_VFX_ELEMENTS\3dWorld\3D World and stuff\3D Models\3Ds Max 500 Models And Textures\500_Modeles_HQ+Textures_FR_ZIP_by_SRC.powaa\DATA\CIVIL_SH\KURUNT\KURUNT01.jpg,,,,,,
KYRENI,.jpg,1,3,3,0,872017,851.6 KB,S:\_POST_PRODUCTION\_VFX_ELEMENTS\3dWorld\3D World and stuff\3D Models\3Ds Max 500 Models And Textures\500_Modeles_HQ+Textures_FR_ZIP_by_SRC.powaa\DATA\CIVIL_SH\KYRENIA,S:\_POST_PRODUCTION\_VFX_ELEMENTS\3dWorld\3D World and stuff\3D Models\3Ds Max 500 Models And Textures\500_Modeles_HQ+Textures_FR_ZIP_by_SRC.powaa\DATA\CIVIL_SH\KYRENIA\KYRENI01.jpg,,,,,,
MOONLI,.jpg,1,3,3,0,717943,701.1 KB,S:\_POST_PRODUCTION\_VFX_ELEMENTS\3dWorld\3D World and stuff\3D Models\3Ds Max 500 Models And Textures\500_Modeles_HQ+Textures_FR_ZIP_by_SRC.powaa\DATA\CIVIL_SH\MOONLI,S:\_POST_PRODUCTION\_VFX_ELEMENTS\3dWorld\3D World and stuff\3D Models\3Ds Max 500 Models And Textures\500_Modeles_HQ+Textures_FR_ZIP_by_SRC.powaa\DATA\CIVIL_SH\MOONLI\MOONLI01.jpg,,,,,,
MQUEEN,.jpg,1,3,3,0,877531,857.0 KB,S:\_POST_PRODUCTION\_VFX_ELEMENTS\3dWorld\3D World and stuff\3D Models\3Ds Max 500 Models And Textures\500_Modeles_HQ+Textures_FR_ZIP_by_SRC.powaa\DATA\CIVIL_SH\MQUEEN,S:\_POST_PRODUCTION\_VFX_ELEMENTS\3dWorld\3D World and stuff\3D Models\3Ds Max 500 Models And Textures\500_Modeles_HQ+Textures_FR_ZIP_by_SRC.powaa\DATA\CIVIL_SH\MQUEEN\MQUEEN01.jpg,,,,,,
SISTER,.jpg,1,3,3,0,804192,785.3 KB,S:\_POST_PRODUCTION\_VFX_ELEMENTS\3dWorld\3D World and stuff\3D Models\3Ds Max 500 Models And Textures\500_Modeles_HQ+Textures_FR_ZIP_by_SRC.powaa\DATA\CIVIL_SH\SISTER,S:\_POST_PRODUCTION\_VFX_ELEMENTS\3dWorld\3D World and stuff\3D Models\3Ds Max 500 Models And Textures\500_Modeles_HQ+Textures_FR_ZIP_by_SRC.powaa\DATA\CIVIL_SH\SISTER\SISTER01.jpg,,,,,,
ST_MAR,.jpg,1,3,3,0,974047,951.2 KB,S:\_POST_PRODUCTION\_VFX_ELEMENTS\3dWorld\3D World and stuff\3D Models\3Ds Max 500 Models And Textures\500_Modeles_HQ+Textures_FR_ZIP_by_SRC.powaa\DATA\CIVIL_SH\ST_MARIA,S:\_POST_PRODUCTION\_VFX_ELEMENTS\3dWorld\3D World and stuff\3D Models\3Ds Max 500 Models And Textures\500_Modeles_HQ+Textures_FR_ZIP_by_SRC.powaa\DATA\CIVIL_SH\ST_MARIA\ST_MAR01.jpg,,,,,,
TITANI,.jpg,1,3,3,0,856104,836.0 KB,S:\_POST_PRODUCTION\_VFX_ELEMENTS\3dWorld\3D World and stuff\3D Models\3Ds Max 500 Models And Textures\500_Modeles_HQ+Textures_FR_ZIP_by_SRC.powaa\DATA\CIVIL_SH\TITANIC,S:\_POST_PRODUCTION\_VFX_ELEMENTS\3dWorld\3D World and stuff\3D Models\3Ds Max 500 Models And Textures\500_Modeles_HQ+Textures_FR_ZIP_by_SRC.powaa\DATA\CIVIL_SH\TITANIC\TITANI01.jpg,,,,,,
ACE,.jpg,1,3,3,0,966458,943.8 KB,S:\_POST_PRODUCTION\_VFX_ELEMENTS\3dWorld\3D World and stuff\3D Models\3Ds Max 500 Models And Textures\500_Modeles_HQ+Textures_FR_ZIP_by_SRC.powaa\DATA\CYCL_MOT\ACE,S:\_POST_PRODUCTION\_VFX_ELEMENTS\3dWorld\3D World and stuff\3D Models\3Ds Max 500 Models And Textures\500_Modeles_HQ+Textures_FR_ZIP_by_SRC.powaa\DATA\CYCL_MOT\ACE\ACE_01.jpg,,,,,,
BIMOTA,.jpg,1,3,3,0,772072,754.0 KB,S:\_POST_PRODUCTION\_VFX_ELEMENTS\3dWorld\3D World and stuff\3D Models\3Ds Max 500 Models And Textures\500_Modeles_HQ+Textures_FR_ZIP_by_SRC.powaa\DATA\CYCL_MOT\BIMOTA,S:\_POST_PRODUCTION\_VFX_ELEMENTS\3dWorld\3D World and stuff\3D Models\3Ds Max 500 Models And Textures\500_Modeles_HQ+Textures_FR_ZIP_by_SRC.powaa\DATA\CYCL_MOT\BIMOTA\BIMOTA01.jpg,,,,,,
BMW,.jpg,11001,11003,3,0,921518,899.9 KB,S:\_POST_PRODUCTION\_VFX_ELEMENTS\3dWorld\3D World and stuff\3D Models\3Ds Max 500 Models And Textures\500_Modeles_HQ+Textures_FR_ZIP_by_SRC.powaa\DATA\CYCL_MOT\BMW1100,S:\_POST_PRODUCTION\_VFX_ELEMENTS\3dWorld\3D World and stuff\3D Models\3Ds Max 500 Models And Textures\500_Modeles_HQ+Textures_FR_ZIP_by_SRC.powaa\DATA\CYCL_MOT\BMW1100\BMW11001.jpg,,,,,,
BMWK,.jpg,1001,1003,3,0,815245,796.1 KB,S:\_POST_PRODUCTION\_VFX_ELEMENTS\3dWorld\3D World and stuff\3D Models\3Ds Max 500 Models And Textures\500_Modeles_HQ+Textures_FR_ZIP_by_SRC.powaa\DATA\CYCL_MOT\BMWK100,S:\_POST_PRODUCTION\_VFX_ELEMENTS\3dWorld\3D World and stuff\3D Models\3Ds Max 500 Models And Textures\500_Modeles_HQ+Textures_FR_ZIP_by_SRC.powaa\DATA\CYCL_MOT\BMWK100\BMWK1001.jpg,,,,,,
DENIS,.jpg,1,3,3,0,835243,815.7 KB,S:\_POST_PRODUCTION\_VFX_ELEMENTS\3dWorld\3D World and stuff\3D Models\3Ds Max 500 Models And Textures\500_Modeles_HQ+Textures_FR_ZIP_by_SRC.powaa\DATA\CYCL_MOT\DENIS,S:\_POST_PRODUCTION\_VFX_ELEMENTS\3dWorld\3D World and stuff\3D Models\3Ds Max 500 Models And Textures\500_Modeles_HQ+Textures_FR_ZIP_by_SRC.powaa\DATA\CYCL_MOT\DENIS\DENIS_01.jpg,,,,,,
DUC,.jpg,91601,91603,3,0,790860,772.3 KB,S:\_POST_PRODUCTION\_VFX_ELEMENTS\3dWorld\3D World and stuff\3D Models\3Ds Max 500 Models And Textures\500_Modeles_HQ+Textures_FR_ZIP_by_SRC.powaa\DATA\CYCL_MOT\DUC916,S:\_POST_PRODUCTION\_VFX_ELEMENTS\3dWorld\3D World and stuff\3D Models\3Ds Max 500 Models And Textures\500_Modeles_HQ+Textures_FR_ZIP_by_SRC.powaa\DATA\CYCL_MOT\DUC916\DUC91601.jpg,,,,,,
ELTYPE,.jpg,1,3,3,0,902059,880.9 KB,S:\_POST_PRODUCTION\_VFX_ELEMENTS\3dWorld\3D World and stuff\3D Models\3Ds Max 500 Models And Textures\500_Modeles_HQ+Textures_FR_ZIP_by_SRC.powaa\DATA\CYCL_MOT\ELTYPE,S:\_POST_PRODUCTION\_VFX_ELEMENTS\3dWorld\3D World and stuff\3D Models\3Ds Max 500 Models And Textures\500_Modeles_HQ+Textures_FR_ZIP_by_SRC.powaa\DATA\CYCL_MOT\ELTYPE\ELTYPE01.jpg,,,,,,
FACILE,.jpg,1,3,3,0,1336495,1.3 MB,S:\_POST_PRODUCTION\_VFX_ELEMENTS\3dWorld\3D World and stuff\3D Models\3Ds Max 500 Models And Textures\500_Modeles_HQ+Textures_FR_ZIP_by_SRC.powaa\DATA\CYCL_MOT\FACILE,S:\_POST_PRODUCTION\_VFX_ELEMENTS\3dWorld\3D World and stuff\3D Models\3Ds Max 500 Models And Textures\500_Modeles_HQ+Textures_FR_ZIP_by_SRC.powaa\DATA\CYCL_MOT\FACILE\FACILE01.jpg,,,,,,
FRECCI,.jpg,1,3,3,0,1243816,1.2 MB,S:\_POST_PRODUCTION\_VFX_ELEMENTS\3dWorld\3D World and stuff\3D Models\3Ds Max 500 Models And Textures\500_Modeles_HQ+Textures_FR_ZIP_by_SRC.powaa\DATA\CYCL_MOT\FRECCIA,S:\_POST_PRODUCTION\_VFX_ELEMENTS\3dWorld\3D World and stuff\3D Models\3Ds Max 500 Models And Textures\500_Modeles_HQ+Textures_FR_ZIP_by_SRC.powaa\DATA\CYCL_MOT\FRECCIA\FRECCI01.jpg,,,,,,
HDARMY,.jpg,1,3,3,0,726135,709.1 KB,S:\_POST_PRODUCTION\_VFX_ELEMENTS\3dWorld\3D World and stuff\3D Models\3Ds Max 500 Models And Textures\500_Modeles_HQ+Textures_FR_ZIP_by_SRC.powaa\DATA\CYCL_MOT\HDARMY,S:\_POST_PRODUCTION\_VFX_ELEMENTS\3dWorld\3D World and stuff\3D Models\3Ds Max 500 Models And Textures\500_Modeles_HQ+Textures_FR_ZIP_by_SRC.powaa\DATA\CYCL_MOT\HDARMY\HDARMY01.jpg,,,,,,
HDFAT,.jpg,1,3,3,0,840326,820.6 KB,S:\_POST_PRODUCTION\_VFX_ELEMENTS\3dWorld\3D World and stuff\3D Models\3Ds Max 500 Models And Textures\500_Modeles_HQ+Textures_FR_ZIP_by_SRC.powaa\DATA\CYCL_MOT\HDFAT,S:\_POST_PRODUCTION\_VFX_ELEMENTS\3dWorld\3D World and stuff\3D Models\3Ds Max 500 Models And Textures\500_Modeles_HQ+Textures_FR_ZIP_by_SRC.powaa\DATA\CYCL_MOT\HDFAT\HDFAT_01.jpg,,,,,,
HDHER,.jpg,1,3,3,0,845099,825.3 KB,S:\_POST_PRODUCTION\_VFX_ELEMENTS\3dWorld\3D World and stuff\3D Models\3Ds Max 500 Models And Textures\500_Modeles_HQ+Textures_FR_ZIP_by_SRC.powaa\DATA\CYCL_MOT\HDHER,S:\_POST_PRODUCTION\_VFX_ELEMENTS\3dWorld\3D World and stuff\3D Models\3Ds Max 500 Models And Textures\500_Modeles_HQ+Textures_FR_ZIP_by_SRC.powaa\DATA\CYCL_MOT\HDHER\HDHER_01.jpg,,,,,,
HDPOL,.jpg,1,3,3,0,843779,824.0 KB,S:\_POST_PRODUCTION\_VFX_ELEMENTS\3dWorld\3D World and stuff\3D Models\3Ds Max 500 Models And Textures\500_Modeles_HQ+Textures_FR_ZIP_by_SRC.powaa\DATA\CYCL_MOT\HDPOL,S:\_POST_PRODUCTION\_VFX_ELEMENTS\3dWorld\3D World and stuff\3D Models\3Ds Max 500 Models And Textures\500_Modeles_HQ+Textures_FR_ZIP_by_SRC.powaa\DATA\CYCL_MOT\HDPOL\HDPOL_01.jpg,,,,,,
HEND,.jpg,1901,1903,3,0,1019971,996.1 KB,S:\_POST_PRODUCTION\_VFX_ELEMENTS\3dWorld\3D World and stuff\3D Models\3Ds Max 500 Models And Textures\500_Modeles_HQ+Textures_FR_ZIP_by_SRC.powaa\DATA\CYCL_MOT\HEND1912,S:\_POST_PRODUCTION\_VFX_ELEMENTS\3dWorld\3D World and stuff\3D Models\3Ds Max 500 Models And Textures\500_Modeles_HQ+Textures_FR_ZIP_by_SRC.powaa\DATA\CYCL_MOT\HEND1912\HEND1901.jpg,,,,,,
HOND_N,.jpg,1,3,3,0,799866,781.1 KB,S:\_POST_PRODUCTION\_VFX_ELEMENTS\3dWorld\3D World and stuff\3D Models\3Ds Max 500 Models And Textures\500_Modeles_HQ+Textures_FR_ZIP_by_SRC.powaa\DATA\CYCL_MOT\HOND_NR,S:\_POST_PRODUCTION\_VFX_ELEMENTS\3dWorld\3D World and stuff\3D Models\3Ds Max 500 Models And Textures\500_Modeles_HQ+Textures_FR_ZIP_by_SRC.powaa\DATA\CYCL_MOT\HOND_NR\HOND_N01.jpg,,,,,,
HOND_M,.jpg,10,16,6,1,293472,286.6 KB,S:\_POST_PRODUCTION\_VFX_ELEMENTS\3dWorld\3D World and stuff\3D Models\3Ds Max 500 Models And Textures\500_Modeles_HQ+Textures_FR_ZIP_by_SRC.powaa\DATA\CYCL_MOT\HOND_NR\HOND_NR,S:\_POST_PRODUCTION\_VFX_ELEMENTS\3dWorld\3D World and stuff\3D Models\3Ds Max 500 Models And Textures\500_Modeles_HQ+Textures_FR_ZIP_by_SRC.powaa\DATA\CYCL_MOT\HOND_NR\HOND_NR\HOND_M10.JPG,,,,,,
SHADOW,.jpg,1,3,3,0,963267,940.7 KB,S:\_POST_PRODUCTION\_VFX_ELEMENTS\3dWorld\3D World and stuff\3D Models\3Ds Max 500 Models And Textures\500_Modeles_HQ+Textures_FR_ZIP_by_SRC.powaa\DATA\CYCL_MOT\SHADOW2,S:\_POST_PRODUCTION\_VFX_ELEMENTS\3dWorld\3D World and stuff\3D Models\3Ds Max 500 Models And Textures\500_Modeles_HQ+Textures_FR_ZIP_by_SRC.powaa\DATA\CYCL_MOT\SHADOW2\SHADOW01.jpg,,,,,,
T_BMWR,.jpg,1,3,3,0,822761,803.5 KB,S:\_POST_PRODUCTION\_VFX_ELEMENTS\3dWorld\3D World and stuff\3D Models\3Ds Max 500 Models And Textures\500_Modeles_HQ+Textures_FR_ZIP_by_SRC.powaa\DATA\CYCL_MOT\T_BMWR75,S:\_POST_PRODUCTION\_VFX_ELEMENTS\3dWorld\3D World and stuff\3D Models\3Ds Max 500 Models And Textures\500_Modeles_HQ+Textures_FR_ZIP_by_SRC.powaa\DATA\CYCL_MOT\T_BMWR75\T_BMWR01.jpg,,,,,,
VFRR,.jpg,1,3,3,0,757741,740.0 KB,S:\_POST_PRODUCTION\_VFX_ELEMENTS\3dWorld\3D World and stuff\3D Models\3Ds Max 500 Models And Textures\500_Modeles_HQ+Textures_FR_ZIP_by_SRC.powaa\DATA\CYCL_MOT\VFRR,S:\_POST_PRODUCTION\_VFX_ELEMENTS\3dWorld\3D World and stuff\3D Models\3Ds Max 500 Models And Textures\500_Modeles_HQ+Textures_FR_ZIP_by_SRC.powaa\DATA\CYCL_MOT\VFRR\VFRR_01.jpg,,,,,,
BREVER,.jpg,1,3,3,0,1347093,1.3 MB,S:\_POST_PRODUCTION\_VFX_ELEMENTS\3dWorld\3D World and stuff\3D Models\3Ds Max 500 Models And Textures\500_Modeles_HQ+Textures_FR_ZIP_by_SRC.powaa\DATA\DESIGN_F\BREVERCH,S:\_POST_PRODUCTION\_VFX_ELEMENTS\3dWorld\3D World and stuff\3D Models\3Ds Max 500 Models And Textures\500_Modeles_HQ+Textures_FR_ZIP_by_SRC.powaa\DATA\DESIGN_F\BREVERCH\BREVER01.jpg,,,,,,
CHAISE,.jpg,1,3,3,0,622578,608.0 KB,S:\_POST_PRODUCTION\_VFX_ELEMENTS\3dWorld\3D World and stuff\3D Models\3Ds Max 500 Models And Textures\500_Modeles_HQ+Textures_FR_ZIP_by_SRC.powaa\DATA\DESIGN_F\CHAISE,S:\_POST_PRODUCTION\_VFX_ELEMENTS\3dWorld\3D World and stuff\3D Models\3Ds Max 500 Models And Textures\500_Modeles_HQ+Textures_FR_ZIP_by_SRC.powaa\DATA\DESIGN_F\CHAISE\CHAISE01.jpg,,,,,,
CORBU,.jpg,201,203,3,0,716410,699.6 KB,S:\_POST_PRODUCTION\_VFX_ELEMENTS\3dWorld\3D World and stuff\3D Models\3Ds Max 500 Models And Textures\500_Modeles_HQ+Textures_FR_ZIP_by_SRC.powaa\DATA\DESIGN_F\CORBUSI2,S:\_POST_PRODUCTION\_VFX_ELEMENTS\3dWorld\3D World and stuff\3D Models\3Ds Max 500 Models And Textures\500_Modeles_HQ+Textures_FR_ZIP_by_SRC.powaa\DATA\DESIGN_F\CORBUSI2\CORBU201.jpg,,,,,,
CORBUS,.jpg,1,3,3,0,953197,930.9 KB,S:\_POST_PRODUCTION\_VFX_ELEMENTS\3dWorld\3D World and stuff\3D Models\3Ds Max 500 Models And Textures\500_Modeles_HQ+Textures_FR_ZIP_by_SRC.powaa\DATA\DESIGN_F\CORBUSIE,S:\_POST_PRODUCTION\_VFX_ELEMENTS\3dWorld\3D World and stuff\3D Models\3Ds Max 500 Models And Textures\500_Modeles_HQ+Textures_FR_ZIP_by_SRC.powaa\DATA\DESIGN_F\CORBUSIE\CORBUS01.jpg,,,,,,
GARRIT,.jpg,1,3,3,0,643105,628.0 KB,S:\_POST_PRODUCTION\_VFX_ELEMENTS\3dWorld\3D World and stuff\3D Models\3Ds Max 500 Models And Textures\500_Modeles_HQ+Textures_FR_ZIP_by_SRC.powaa\DATA\DESIGN_F\GARRITRI,S:\_POST_PRODUCTION\_VFX_ELEMENTS\3dWorld\3D World and stuff\3D Models\3Ds Max 500 Models And Textures\500_Modeles_HQ+Textures_FR_ZIP_by_SRC.powaa\DATA\DESIGN_F\GARRITRI\GARRIT01.jpg,,,,,,
GEHRYC,.jpg,1,3,3,0,847785,827.9 KB,S:\_POST_PRODUCTION\_VFX_ELEMENTS\3dWorld\3D World and stuff\3D Models\3Ds Max 500 Models And Textures\500_Modeles_HQ+Textures_FR_ZIP_by_SRC.powaa\DATA\DESIGN_F\GEHRYCHA,S:\_POST_PRODUCTION\_VFX_ELEMENTS\3dWorld\3D World and stuff\3D Models\3Ds Max 500 Models And Textures\500_Modeles_HQ+Textures_FR_ZIP_by_SRC.powaa\DATA\DESIGN_F\GEHRYCHA\GEHRYC01.jpg,,,,,,
HOPECH,.jpg,1,3,3,0,634083,619.2 KB,S:\_POST_PRODUCTION\_VFX_ELEMENTS\3dWorld\3D World and stuff\3D Models\3Ds Max 500 Models And Textures\500_Modeles_HQ+Textures_FR_ZIP_by_SRC.powaa\DATA\DESIGN_F\HOPECHAI,S:\_POST_PRODUCTION\_VFX_ELEMENTS\3dWorld\3D World and stuff\3D Models\3Ds Max 500 Models And Textures\500_Modeles_HQ+Textures_FR_ZIP_by_SRC.powaa\DATA\DESIGN_F\HOPECHAI\HOPECH01.jpg,,,,,,
JACOBS,.jpg,1,3,3,0,721623,704.7 KB,S:\_POST_PRODUCTION\_VFX_ELEMENTS\3dWorld\3D World and stuff\3D Models\3Ds Max 500 Models And Textures\500_Modeles_HQ+Textures_FR_ZIP_by_SRC.powaa\DATA\DESIGN_F\JACOBSEN,S:\_POST_PRODUCTION\_VFX_ELEMENTS\3dWorld\3D World and stuff\3D Models\3Ds Max 500 Models And Textures\500_Modeles_HQ+Textures_FR_ZIP_by_SRC.powaa\DATA\DESIGN_F\JACOBSEN\JACOBS01.jpg,,,,,,
LLOYDC,.jpg,1,3,3,0,577760,564.2 KB,S:\_POST_PRODUCTION\_VFX_ELEMENTS\3dWorld\3D World and stuff\3D Models\3Ds Max 500 Models And Textures\500_Modeles_HQ+Textures_FR_ZIP_by_SRC.powaa\DATA\DESIGN_F\LLOYDCHA,S:\_POST_PRODUCTION\_VFX_ELEMENTS\3dWorld\3D World and stuff\3D Models\3Ds Max 500 Models And Textures\500_Modeles_HQ+Textures_FR_ZIP_by_SRC.powaa\DATA\DESIGN_F\LLOYDCHA\LLOYDC01.jpg,,,,,,
MALLET,.jpg,1,3,3,0,723247,706.3 KB,S:\_POST_PRODUCTION\_VFX_ELEMENTS\3dWorld\3D World and stuff\3D Models\3Ds Max 500 Models And Textures\500_Modeles_HQ+Textures_FR_ZIP_by_SRC.powaa\DATA\DESIGN_F\MALLETCH,S:\_POST_PRODUCTION\_VFX_ELEMENTS\3dWorld\3D World and stuff\3D Models\3Ds Max 500 Models And Textures\500_Modeles_HQ+Textures_FR_ZIP_by_SRC.powaa\DATA\DESIGN_F\MALLETCH\MALLET01.jpg,,,,,,
SERRIT,.jpg,1,3,3,0,783528,765.2 KB,S:\_POST_PRODUCTION\_VFX_ELEMENTS\3dWorld\3D World and stuff\3D Models\3Ds Max 500 Models And Textures\500_Modeles_HQ+Textures_FR_ZIP_by_SRC.powaa\DATA\DESIGN_F\SERRITRI,S:\_POST_PRODUCTION\_VFX_ELEMENTS\3dWorld\3D World and stuff\3D Models\3Ds Max 500 Models And Textures\500_Modeles_HQ+Textures_FR_ZIP_by_SRC.powaa\DATA\DESIGN_F\SERRITRI\SERRIT01.jpg,,,,,,
SINGLE,.jpg,1,3,3,0,773409,755.3 KB,S:\_POST_PRODUCTION\_VFX_ELEMENTS\3dWorld\3D World and stuff\3D Models\3Ds Max 500 Models And Textures\500_Modeles_HQ+Textures_FR_ZIP_by_SRC.powaa\DATA\DESIGN_F\SINGLE,S:\_POST_PRODUCTION\_VFX_ELEMENTS\3dWorld\3D World and stuff\3D Models\3Ds Max 500 Models And Textures\500_Modeles_HQ+Textures_FR_ZIP_by_SRC.powaa\DATA\DESIGN_F\SINGLE\SINGLE01.jpg,,,,,,
SOFA,.jpg,1,3,3,0,591009,577.2 KB,S:\_POST_PRODUCTION\_VFX_ELEMENTS\3dWorld\3D World and stuff\3D Models\3Ds Max 500 Models And Textures\500_Modeles_HQ+Textures_FR_ZIP_by_SRC.powaa\DATA\DESIGN_F\SOFA,S:\_POST_PRODUCTION\_VFX_ELEMENTS\3dWorld\3D World and stuff\3D Models\3Ds Max 500 Models And Textures\500_Modeles_HQ+Textures_FR_ZIP_by_SRC.powaa\DATA\DESIGN_F\SOFA\SOFA_01.jpg,,,,,,
AIWALK,.jpg,1,3,3,0,727565,710.5 KB,S:\_POST_PRODUCTION\_VFX_ELEMENTS\3dWorld\3D World and stuff\3D Models\3Ds Max 500 Models And Textures\500_Modeles_HQ+Textures_FR_ZIP_by_SRC.powaa\DATA\ELECTRIC\AIWALKMA,S:\_POST_PRODUCTION\_VFX_ELEMENTS\3dWorld\3D World and stuff\3D Models\3Ds Max 500 Models And Textures\500_Modeles_HQ+Textures_FR_ZIP_by_SRC.powaa\DATA\ELECTRIC\AIWALKMA\AIWALK01.jpg,,,,,,
ASPES,.jpg,101,103,3,0,611743,597.4 KB,S:\_POST_PRODUCTION\_VFX_ELEMENTS\3dWorld\3D World and stuff\3D Models\3Ds Max 500 Models And Textures\500_Modeles_HQ+Textures_FR_ZIP_by_SRC.powaa\DATA\ELECTRIC\ASPES141,S:\_POST_PRODUCTION\_VFX_ELEMENTS\3dWorld\3D World and stuff\3D Models\3Ds Max 500 Models And Textures\500_Modeles_HQ+Textures_FR_ZIP_by_SRC.powaa\DATA\ELECTRIC\ASPES141\ASPES101.jpg,,,,,,
AUTOW,.jpg,1,3,3,0,713905,697.2 KB,S:\_POST_PRODUCTION\_VFX_ELEMENTS\3dWorld\3D World and stuff\3D Models\3Ds Max 500 Models And Textures\500_Modeles_HQ+Textures_FR_ZIP_by_SRC.powaa\DATA\ELECTRIC\AUTOW,S:\_POST_PRODUCTION\_VFX_ELEMENTS\3dWorld\3D World and stuff\3D Models\3Ds Max 500 Models And Textures\500_Modeles_HQ+Textures_FR_ZIP_by_SRC.powaa\DATA\ELECTRIC\AUTOW\AUTOW_01.jpg,,,,,,
CAFETA,.jpg,1,3,3,0,688135,672.0 KB,S:\_POST_PRODUCTION\_VFX_ELEMENTS\3dWorld\3D World and stuff\3D Models\3Ds Max 500 Models And Textures\500_Modeles_HQ+Textures_FR_ZIP_by_SRC.powaa\DATA\ELECTRIC\CAFETALG,S:\_POST_PRODUCTION\_VFX_ELEMENTS\3dWorld\3D World and stuff\3D Models\3Ds Max 500 Models And Textures\500_Modeles_HQ+Textures_FR_ZIP_by_SRC.powaa\DATA\ELECTRIC\CAFETALG\CAFETA01.jpg,,,,,,
CASETT,.jpg,1,3,3,0,738104,720.8 KB,S:\_POST_PRODUCTION\_VFX_ELEMENTS\3dWorld\3D World and stuff\3D Models\3Ds Max 500 Models And Textures\500_Modeles_HQ+Textures_FR_ZIP_by_SRC.powaa\DATA\ELECTRIC\CASETTE,S:\_POST_PRODUCTION\_VFX_ELEMENTS\3dWorld\3D World and stuff\3D Models\3Ds Max 500 Models And Textures\500_Modeles_HQ+Textures_FR_ZIP_by_SRC.powaa\DATA\ELECTRIC\CASETTE\CASETT01.jpg,,,,,,
CPU,.jpg,1,3,3,0,562884,549.7 KB,S:\_POST_PRODUCTION\_VFX_ELEMENTS\3dWorld\3D World and stuff\3D Models\3Ds Max 500 Models And Textures\500_Modeles_HQ+Textures_FR_ZIP_by_SRC.powaa\DATA\ELECTRIC\CPU,S:\_POST_PRODUCTION\_VFX_ELEMENTS\3dWorld\3D World and stuff\3D Models\3Ds Max 500 Models And Textures\500_Modeles_HQ+Textures_FR_ZIP_by_SRC.powaa\DATA\ELECTRIC\CPU\CPU_01.jpg,,,,,,
E,.jpg,9000001,9000003,3,0,623957,609.3 KB,S:\_POST_PRODUCTION\_VFX_ELEMENTS\3dWorld\3D World and stuff\3D Models\3Ds Max 500 Models And Textures\500_Modeles_HQ+Textures_FR_ZIP_by_SRC.powaa\DATA\ELECTRIC\E900002,S:\_POST_PRODUCTION\_VFX_ELEMENTS\3dWorld\3D World and stuff\3D Models\3Ds Max 500 Models And Textures\500_Modeles_HQ+Textures_FR_ZIP_by_SRC.powaa\DATA\ELECTRIC\E900002\E9000001.jpg,,,,,,
ELECTA,.jpg,1,3,3,0,1151975,1.1 MB,S:\_POST_PRODUCTION\_VFX_ELEMENTS\3dWorld\3D World and stuff\3D Models\3Ds Max 500 Models And Textures\500_Modeles_HQ+Textures_FR_ZIP_by_SRC.powaa\DATA\ELECTRIC\ELECTAIR,S:\_POST_PRODUCTION\_VFX_ELEMENTS\3dWorld\3D World and stuff\3D Models\3Ds Max 500 Models And Textures\500_Modeles_HQ+Textures_FR_ZIP_by_SRC.powaa\DATA\ELECTRIC\ELECTAIR\ELECTA01.jpg,,,,,,
ELECTI,.jpg,1,3,3,0,916810,895.3 KB,S:\_POST_PRODUCTION\_VFX_ELEMENTS\3dWorld\3D World and stuff\3D Models\3Ds Max 500 Models And Textures\500_Modeles_HQ+Textures_FR_ZIP_by_SRC.powaa\DATA\ELECTRIC\ELECTIRO,S:\_POST_PRODUCTION\_VFX_ELEMENTS\3dWorld\3D World and stuff\3D Models\3Ds Max 500 Models And Textures\500_Modeles_HQ+Textures_FR_ZIP_by_SRC.powaa\DATA\ELECTRIC\ELECTIRO\ELECTI01.jpg,,,,,,
FLOPPY,.jpg,1,3,3,0,629734,615.0 KB,S:\_POST_PRODUCTION\_VFX_ELEMENTS\3dWorld\3D World and stuff\3D Models\3Ds Max 500 Models And Textures\500_Modeles_HQ+Textures_FR_ZIP_by_SRC.powaa\DATA\ELECTRIC\FLOPPY,S:\_POST_PRODUCTION\_VFX_ELEMENTS\3dWorld\3D World and stuff\3D Models\3Ds Max 500 Models And Textures\500_Modeles_HQ+Textures_FR_ZIP_by_SRC.powaa\DATA\ELECTRIC\FLOPPY\FLOPPY01.jpg,,,,,,
FORMAP,.jpg,1,3,3,0,648866,633.7 KB,S:\_POST_PRODUCTION\_VFX_ELEMENTS\3dWorld\3D World and stuff\3D Models\3Ds Max 500 Models And Textures\500_Modeles_HQ+Textures_FR_ZIP_by_SRC.powaa\DATA\ELECTRIC\FORMAPH,S:\_POST_PRODUCTION\_VFX_ELEMENTS\3dWorld\3D World and stuff\3D Models\3Ds Max 500 Models And Textures\500_Modeles_HQ+Textures_FR_ZIP_by_SRC.powaa\DATA\ELECTRIC\FORMAPH\FORMAP01.jpg,,,,,,
HAIRDR,.jpg,1,3,3,0,535500,522.9 KB,S:\_POST_PRODUCTION\_VFX_ELEMENTS\3dWorld\3D World and stuff\3D Models\3Ds Max 500 Models And Textures\500_Modeles_HQ+Textures_FR_ZIP_by_SRC.powaa\DATA\ELECTRIC\HAIRDR,S:\_POST_PRODUCTION\_VFX_ELEMENTS\3dWorld\3D World and stuff\3D Models\3Ds Max 500 Models And Textures\500_Modeles_HQ+Textures_FR_ZIP_by_SRC.powaa\DATA\ELECTRIC\HAIRDR\HAIRDR01.jpg,,,,,,
JUICER,.jpg,1,3,3,0,557700,544.6 KB,S:\_POST_PRODUCTION\_VFX_ELEMENTS\3dWorld\3D World and stuff\3D Models\3Ds Max 500 Models And Textures\500_Modeles_HQ+Textures_FR_ZIP_by_SRC.powaa\DATA\ELECTRIC\JUICER,S:\_POST_PRODUCTION\_VFX_ELEMENTS\3dWorld\3D World and stuff\3D Models\3Ds Max 500 Models And Textures\500_Modeles_HQ+Textures_FR_ZIP_by_SRC.powaa\DATA\ELECTRIC\JUICER\JUICER01.jpg,,,,,,
KEYBOA,.jpg,1,3,3,0,777333,759.1 KB,S:\_POST_PRODUCTION\_VFX_ELEMENTS\3dWorld\3D World and stuff\3D Models\3Ds Max 500 Models And Textures\500_Modeles_HQ+Textures_FR_ZIP_by_SRC.powaa\DATA\ELECTRIC\KEYBOARD,S:\_POST_PRODUCTION\_VFX_ELEMENTS\3dWorld\3D World and stuff\3D Models\3Ds Max 500 Models And Textures\500_Modeles_HQ+Textures_FR_ZIP_by_SRC.powaa\DATA\ELECTRIC\KEYBOARD\KEYBOA01.jpg,,,,,,
MAGNAD,.jpg,1,3,3,0,875000,854.5 KB,S:\_POST_PRODUCTION\_VFX_ELEMENTS\3dWorld\3D World and stuff\3D Models\3Ds Max 500 Models And Textures\500_Modeles_HQ+Textures_FR_ZIP_by_SRC.powaa\DATA\ELECTRIC\MAGNAD,S:\_POST_PRODUCTION\_VFX_ELEMENTS\3dWorld\3D World and stuff\3D Models\3Ds Max 500 Models And Textures\500_Modeles_HQ+Textures_FR_ZIP_by_SRC.powaa\DATA\ELECTRIC\MAGNAD\MAGNAD01.jpg,,,,,,
METZFI,.jpg,1,3,3,0,816419,797.3 KB,S:\_POST_PRODUCTION\_VFX_ELEMENTS\3dWorld\3D World and stuff\3D Models\3Ds Max 500 Models And Textures\500_Modeles_HQ+Textures_FR_ZIP_by_SRC.powaa\DATA\ELECTRIC\METZFIN,S:\_POST_PRODUCTION\_VFX_ELEMENTS\3dWorld\3D World and stuff\3D Models\3Ds Max 500 Models And Textures\500_Modeles_HQ+Textures_FR_ZIP_by_SRC.powaa\DATA\ELECTRIC\METZFIN\METZFI01.jpg,,,,,,
MICROP,.jpg,1,3,3,0,815166,796.1 KB,S:\_POST_PRODUCTION\_VFX_ELEMENTS\3dWorld\3D World and stuff\3D Models\3Ds Max 500 Models And Textures\500_Modeles_HQ+Textures_FR_ZIP_by_SRC.powaa\DATA\ELECTRIC\MICROP,S:\_POST_PRODUCTION\_VFX_ELEMENTS\3dWorld\3D World and stuff\3D Models\3Ds Max 500 Models And Textures\500_Modeles_HQ+Textures_FR_ZIP_by_SRC.powaa\DATA\ELECTRIC\MICROP\MICROP01.jpg,,,,,,
MONITO,.jpg,1,3,3,0,1461133,1.4 MB,S:\_POST_PRODUCTION\_VFX_ELEMENTS\3dWorld\3D World and stuff\3D Models\3Ds Max 500 Models And Textures\500_Modeles_HQ+Textures_FR_ZIP_by_SRC.powaa\DATA\ELECTRIC\MONITOR,S:\_POST_PRODUCTION\_VFX_ELEMENTS\3dWorld\3D World and stuff\3D Models\3Ds Max 500 Models And Textures\500_Modeles_HQ+Textures_FR_ZIP_by_SRC.powaa\DATA\ELECTRIC\MONITOR\MONITO01.jpg,,,,,,
NOKIA,.jpg,1,3,3,0,577676,564.1 KB,S:\_POST_PRODUCTION\_VFX_ELEMENTS\3dWorld\3D World and stuff\3D Models\3Ds Max 500 Models And Textures\500_Modeles_HQ+Textures_FR_ZIP_by_SRC.powaa\DATA\ELECTRIC\NOKIA,S:\_POST_PRODUCTION\_VFX_ELEMENTS\3dWorld\3D World and stuff\3D Models\3Ds Max 500 Models And Textures\500_Modeles_HQ+Textures_FR_ZIP_by_SRC.powaa\DATA\ELECTRIC\NOKIA\NOKIA_01.jpg,,,,,,
PUBLIC,.jpg,1,3,3,0,690189,674.0 KB,S:\_POST_PRODUCTION\_VFX_ELEMENTS\3dWorld\3D World and stuff\3D Models\3Ds Max 500 Models And Textures\500_Modeles_HQ+Textures_FR_ZIP_by_SRC.powaa\DATA\ELECTRIC\PUBLICPH,S:\_POST_PRODUCTION\_VFX_ELEMENTS\3dWorld\3D World and stuff\3D Models\3Ds Max 500 Models And Textures\500_Modeles_HQ+Textures_FR_ZIP_by_SRC.powaa\DATA\ELECTRIC\PUBLICPH\PUBLIC01.jpg,,,,,,
SINGER,.jpg,1,3,3,0,996473,973.1 KB,S:\_POST_PRODUCTION\_VFX_ELEMENTS\3dWorld\3D World and stuff\3D Models\3Ds Max 500 Models And Textures\500_Modeles_HQ+Textures_FR_ZIP_by_SRC.powaa\DATA\ELECTRIC\SINGER,S:\_POST_PRODUCTION\_VFX_ELEMENTS\3dWorld\3D World and stuff\3D Models\3Ds Max 500 Models And Textures\500_Modeles_HQ+Textures_FR_ZIP_by_SRC.powaa\DATA\ELECTRIC\SINGER\SINGER01.jpg,,,,,,
SOLACM,.jpg,1,3,3,0,619991,605.5 KB,S:\_POST_PRODUCTION\_VFX_ELEMENTS\3dWorld\3D World and stuff\3D Models\3Ds Max 500 Models And Textures\500_Modeles_HQ+Textures_FR_ZIP_by_SRC.powaa\DATA\ELECTRIC\SOLACM55,S:\_POST_PRODUCTION\_VFX_ELEMENTS\3dWorld\3D World and stuff\3D Models\3Ds Max 500 Models And Textures\500_Modeles_HQ+Textures_FR_ZIP_by_SRC.powaa\DATA\ELECTRIC\SOLACM55\SOLACM01.jpg,,,,,,
TELEFO,.jpg,1,3,3,0,616301,601.9 KB,S:\_POST_PRODUCTION\_VFX_ELEMENTS\3dWorld\3D World and stuff\3D Models\3Ds Max 500 Models And Textures\500_Modeles_HQ+Textures_FR_ZIP_by_SRC.powaa\DATA\ELECTRIC\TELEFONO,S:\_POST_PRODUCTION\_VFX_ELEMENTS\3dWorld\3D World and stuff\3D Models\3Ds Max 500 Models And Textures\500_Modeles_HQ+Textures_FR_ZIP_by_SRC.powaa\DATA\ELECTRIC\TELEFONO\TELEFO01.jpg,,,,,,
TV70,.jpg,1,3,3,0,696246,679.9 KB,S:\_POST_PRODUCTION\_VFX_ELEMENTS\3dWorld\3D World and stuff\3D Models\3Ds Max 500 Models And Textures\500_Modeles_HQ+Textures_FR_ZIP_by_SRC.powaa\DATA\ELECTRIC\TV70,S:\_POST_PRODUCTION\_VFX_ELEMENTS\3dWorld\3D World and stuff\3D Models\3Ds Max 500 Models And Textures\500_Modeles_HQ+Textures_FR_ZIP_by_SRC.powaa\DATA\ELECTRIC\TV70\TV70_01.jpg,,,,,,
T_BLAC,.jpg,1,3,3,0,653765,638.4 KB,S:\_POST_PRODUCTION\_VFX_ELEMENTS\3dWorld\3D World and stuff\3D Models\3Ds Max 500 Models And Textures\500_Modeles_HQ+Textures_FR_ZIP_by_SRC.powaa\DATA\ELECTRIC\T_BLACK,S:\_POST_PRODUCTION\_VFX_ELEMENTS\3dWorld\3D World and stuff\3D Models\3Ds Max 500 Models And Textures\500_Modeles_HQ+Textures_FR_ZIP_by_SRC.powaa\DATA\ELECTRIC\T_BLACK\T_BLAC01.jpg,,,,,,
B_DPLA,.tif,1,2,2,0,1560988,1.5 MB,S:\_POST_PRODUCTION\_VFX_ELEMENTS\3dWorld\3D World and stuff\3D Models\3Ds Max 500 Models And Textures\500_Modeles_HQ+Textures_FR_ZIP_by_SRC.powaa\DATA\ELECTRIC\T_BLACK\T_BLACK,S:\_POST_PRODUCTION\_VFX_ELEMENTS\3dWorld\3D World and stuff\3D Models\3Ds Max 500 Models And Textures\500_Modeles_HQ+Textures_FR_ZIP_by_SRC.powaa\DATA\ELECTRIC\T_BLACK\T_BLACK\B_DPLA01.TIF,,,,,,
VHSTAP,.jpg,1,3,3,0,646064,630.9 KB,S:\_POST_PRODUCTION\_VFX_ELEMENTS\3dWorld\3D World and stuff\3D Models\3Ds Max 500 Models And Textures\500_Modeles_HQ+Textures_FR_ZIP_by_SRC.powaa\DATA\ELECTRIC\VHSTAPE,S:\_POST_PRODUCTION\_VFX_ELEMENTS\3dWorld\3D World and stuff\3D Models\3Ds Max 500 Models And Textures\500_Modeles_HQ+Textures_FR_ZIP_by_SRC.powaa\DATA\ELECTRIC\VHSTAPE\VHSTAP01.jpg,,,,,,
WALLLA,.jpg,1,3,3,0,555174,542.2 KB,S:\_POST_PRODUCTION\_VFX_ELEMENTS\3dWorld\3D World and stuff\3D Models\3Ds Max 500 Models And Textures\500_Modeles_HQ+Textures_FR_ZIP_by_SRC.powaa\DATA\ELECTRIC\WALLLAMP,S:\_POST_PRODUCTION\_VFX_ELEMENTS\3dWorld\3D World and stuff\3D Models\3Ds Max 500 Models And Textures\500_Modeles_HQ+Textures_FR_ZIP_by_SRC.powaa\DATA\ELECTRIC\WALLLAMP\WALLLA01.jpg,,,,,,
WASHMA,.jpg,1,3,3,0,606801,592.6 KB,S:\_POST_PRODUCTION\_VFX_ELEMENTS\3dWorld\3D World and stuff\3D Models\3Ds Max 500 Models And Textures\500_Modeles_HQ+Textures_FR_ZIP_by_SRC.powaa\DATA\ELECTRIC\WASHMACH,S:\_POST_PRODUCTION\_VFX_ELEMENTS\3dWorld\3D World and stuff\3D Models\3Ds Max 500 Models And Textures\500_Modeles_HQ+Textures_FR_ZIP_by_SRC.powaa\DATA\ELECTRIC\WASHMACH\WASHMA01.jpg,,,,,,
500D,.jpg,1,3,3,0,656214,640.8 KB,S:\_POST_PRODUCTION\_VFX_ELEMENTS\3dWorld\3D World and stuff\3D Models\3Ds Max 500 Models And Textures\500_Modeles_HQ+Textures_FR_ZIP_by_SRC.powaa\DATA\HELICOPT\500D,S:\_POST_PRODUCTION\_VFX_ELEMENTS\3dWorld\3D World and stuff\3D Models\3Ds Max 500 Models And Textures\500_Modeles_HQ+Textures_FR_ZIP_by_SRC.powaa\DATA\HELICOPT\500D\500D_01.jpg,,,,,,
ABEJET,.jpg,1,3,3,0,636787,621.9 KB,S:\_POST_PRODUCTION\_VFX_ELEMENTS\3dWorld\3D World and stuff\3D Models\3Ds Max 500 Models And Textures\500_Modeles_HQ+Textures_FR_ZIP_by_SRC.powaa\DATA\HELICOPT\ABJETR2,S:\_POST_PRODUCTION\_VFX_ELEMENTS\3dWorld\3D World and stuff\3D Models\3Ds Max 500 Models And Textures\500_Modeles_HQ+Textures_FR_ZIP_by_SRC.powaa\DATA\HELICOPT\ABJETR2\ABEJET01.jpg,,,,,,
AH11,.jpg,1,3,3,0,741549,724.2 KB,S:\_POST_PRODUCTION\_VFX_ELEMENTS\3dWorld\3D World and stuff\3D Models\3Ds Max 500 Models And Textures\500_Modeles_HQ+Textures_FR_ZIP_by_SRC.powaa\DATA\HELICOPT\AH11,S:\_POST_PRODUCTION\_VFX_ELEMENTS\3dWorld\3D World and stuff\3D Models\3Ds Max 500 Models And Textures\500_Modeles_HQ+Textures_FR_ZIP_by_SRC.powaa\DATA\HELICOPT\AH11\AH11_01.jpg,,,,,,
AH11PA,.jpg,1,2,2,0,21091,20.6 KB,S:\_POST_PRODUCTION\_VFX_ELEMENTS\3dWorld\3D World and stuff\3D Models\3Ds Max 500 Models And Textures\500_Modeles_HQ+Textures_FR_ZIP_by_SRC.powaa\DATA\HELICOPT\AH11\AH11,S:\_POST_PRODUCTION\_VFX_ELEMENTS\3dWorld\3D World and stuff\3D Models\3Ds Max 500 Models And Textures\500_Modeles_HQ+Textures_FR_ZIP_by_SRC.powaa\DATA\HELICOPT\AH11\AH11\AH11PA01.JPG,,,,,,
AH12,.jpg,1,3,3,0,721612,704.7 KB,S:\_POST_PRODUCTION\_VFX_ELEMENTS\3dWorld\3D World and stuff\3D Models\3Ds Max 500 Models And Textures\500_Modeles_HQ+Textures_FR_ZIP_by_SRC.powaa\DATA\HELICOPT\AH12,S:\_POST_PRODUCTION\_VFX_ELEMENTS\3dWorld\3D World and stuff\3D Models\3Ds Max 500 Models And Textures\500_Modeles_HQ+Textures_FR_ZIP_by_SRC.powaa\DATA\HELICOPT\AH12\AH12_01.jpg,,,,,,
AH12PA,.jpg,1,2,2,0,21091,20.6 KB,S:\_POST_PRODUCTION\_VFX_ELEMENTS\3dWorld\3D World and stuff\3D Models\3Ds Max 500 Models And Textures\500_Modeles_HQ+Textures_FR_ZIP_by_SRC.powaa\DATA\HELICOPT\AH12\AH12,S:\_POST_PRODUCTION\_VFX_ELEMENTS\3dWorld\3D World and stuff\3D Models\3Ds Max 500 Models And Textures\500_Modeles_HQ+Textures_FR_ZIP_by_SRC.powaa\DATA\HELICOPT\AH12\AH12\AH12PA01.JPG,,,,,,
AH_1W,.jpg,1,3,3,0,729694,712.6 KB,S:\_POST_PRODUCTION\_VFX_ELEMENTS\3dWorld\3D World and stuff\3D Models\3Ds Max 500 Models And Textures\500_Modeles_HQ+Textures_FR_ZIP_by_SRC.powaa\DATA\HELICOPT\AH_1W,S:\_POST_PRODUCTION\_VFX_ELEMENTS\3dWorld\3D World and stuff\3D Models\3Ds Max 500 Models And Textures\500_Modeles_HQ+Textures_FR_ZIP_by_SRC.powaa\DATA\HELICOPT\AH_1W\AH_1W_01.jpg,,,,,,
ALOUET,.jpg,1,3,3,0,699994,683.6 KB,S:\_POST_PRODUCTION\_VFX_ELEMENTS\3dWorld\3D World and stuff\3D Models\3Ds Max 500 Models And Textures\500_Modeles_HQ+Textures_FR_ZIP_by_SRC.powaa\DATA\HELICOPT\ALOUETTE,S:\_POST_PRODUCTION\_VFX_ELEMENTS\3dWorld\3D World and stuff\3D Models\3Ds Max 500 Models And Textures\500_Modeles_HQ+Textures_FR_ZIP_by_SRC.powaa\DATA\HELICOPT\ALOUETTE\ALOUET01.jpg,,,,,,
APACHE,.jpg,1,3,3,0,741024,723.7 KB,S:\_POST_PRODUCTION\_VFX_ELEMENTS\3dWorld\3D World and stuff\3D Models\3Ds Max 500 Models And Textures\500_Modeles_HQ+Textures_FR_ZIP_by_SRC.powaa\DATA\HELICOPT\APACHE,S:\_POST_PRODUCTION\_VFX_ELEMENTS\3dWorld\3D World and stuff\3D Models\3Ds Max 500 Models And Textures\500_Modeles_HQ+Textures_FR_ZIP_by_SRC.powaa\DATA\HELICOPT\APACHE\APACHE01.jpg,,,,,,
BELL,.jpg,2201,2203,3,0,638361,623.4 KB,S:\_POST_PRODUCTION\_VFX_ELEMENTS\3dWorld\3D World and stuff\3D Models\3Ds Max 500 Models And Textures\500_Modeles_HQ+Textures_FR_ZIP_by_SRC.powaa\DATA\HELICOPT\BELL222,S:\_POST_PRODUCTION\_VFX_ELEMENTS\3dWorld\3D World and stuff\3D Models\3Ds Max 500 Models And Textures\500_Modeles_HQ+Textures_FR_ZIP_by_SRC.powaa\DATA\HELICOPT\BELL222\BELL2201.jpg,,,,,,
BELLH,.jpg,101,103,3,0,754961,737.3 KB,S:\_POST_PRODUCTION\_VFX_ELEMENTS\3dWorld\3D World and stuff\3D Models\3Ds Max 500 Models And Textures\500_Modeles_HQ+Textures_FR_ZIP_by_SRC.powaa\DATA\HELICOPT\BELLH13,S:\_POST_PRODUCTION\_VFX_ELEMENTS\3dWorld\3D World and stuff\3D Models\3Ds Max 500 Models And Textures\500_Modeles_HQ+Textures_FR_ZIP_by_SRC.powaa\DATA\HELICOPT\BELLH13\BELLH101.jpg,,,,,,
BO105,.jpg,1,3,3,0,703197,686.7 KB,S:\_POST_PRODUCTION\_VFX_ELEMENTS\3dWorld\3D World and stuff\3D Models\3Ds Max 500 Models And Textures\500_Modeles_HQ+Textures_FR_ZIP_by_SRC.powaa\DATA\HELICOPT\BO105,S:\_POST_PRODUCTION\_VFX_ELEMENTS\3dWorld\3D World and stuff\3D Models\3Ds Max 500 Models And Textures\500_Modeles_HQ+Textures_FR_ZIP_by_SRC.powaa\DATA\HELICOPT\BO105\BO105_01.jpg,,,,,,
CHIN,.jpg,1,3,3,0,702905,686.4 KB,S:\_POST_PRODUCTION\_VFX_ELEMENTS\3dWorld\3D World and stuff\3D Models\3Ds Max 500 Models And Textures\500_Modeles_HQ+Textures_FR_ZIP_by_SRC.powaa\DATA\HELICOPT\CHIN,S:\_POST_PRODUCTION\_VFX_ELEMENTS\3dWorld\3D World and stuff\3D Models\3Ds Max 500 Models And Textures\500_Modeles_HQ+Textures_FR_ZIP_by_SRC.powaa\DATA\HELICOPT\CHIN\CHIN_01.jpg,,,,,,
HOKUM,.jpg,1,3,3,0,779996,761.7 KB,S:\_POST_PRODUCTION\_VFX_ELEMENTS\3dWorld\3D World and stuff\3D Models\3Ds Max 500 Models And Textures\500_Modeles_HQ+Textures_FR_ZIP_by_SRC.powaa\DATA\HELICOPT\HOKUM,S:\_POST_PRODUCTION\_VFX_ELEMENTS\3dWorld\3D World and stuff\3D Models\3Ds Max 500 Models And Textures\500_Modeles_HQ+Textures_FR_ZIP_by_SRC.powaa\DATA\HELICOPT\HOKUM\HOKUM_01.jpg,,,,,,
HUEY,.jpg,1,3,3,0,679833,663.9 KB,S:\_POST_PRODUCTION\_VFX_ELEMENTS\3dWorld\3D World and stuff\3D Models\3Ds Max 500 Models And Textures\500_Modeles_HQ+Textures_FR_ZIP_by_SRC.powaa\DATA\HELICOPT\HUEY,S:\_POST_PRODUCTION\_VFX_ELEMENTS\3dWorld\3D World and stuff\3D Models\3Ds Max 500 Models And Textures\500_Modeles_HQ+Textures_FR_ZIP_by_SRC.powaa\DATA\HELICOPT\HUEY\HUEY_01.jpg,,,,,,
HUS1,.jpg,1,3,3,0,816523,797.4 KB,S:\_POST_PRODUCTION\_VFX_ELEMENTS\3dWorld\3D World and stuff\3D Models\3Ds Max 500 Models And Textures\500_Modeles_HQ+Textures_FR_ZIP_by_SRC.powaa\DATA\HELICOPT\HUS1,S:\_POST_PRODUCTION\_VFX_ELEMENTS\3dWorld\3D World and stuff\3D Models\3Ds Max 500 Models And Textures\500_Modeles_HQ+Textures_FR_ZIP_by_SRC.powaa\DATA\HELICOPT\HUS1\HUS1_01.jpg,,,,,,
KA25A,.jpg,1,3,3,0,798030,779.3 KB,S:\_POST_PRODUCTION\_VFX_ELEMENTS\3dWorld\3D World and stuff\3D Models\3Ds Max 500 Models And Textures\500_Modeles_HQ+Textures_FR_ZIP_by_SRC.powaa\DATA\HELICOPT\KA25A,S:\_POST_PRODUCTION\_VFX_ELEMENTS\3dWorld\3D World and stuff\3D Models\3Ds Max 500 Models And Textures\500_Modeles_HQ+Textures_FR_ZIP_by_SRC.powaa\DATA\HELICOPT\KA25A\KA25A_01.jpg,,,,,,
KA25,.jpg,35,58,11,13,109832,107.3 KB,S:\_POST_PRODUCTION\_VFX_ELEMENTS\3dWorld\3D World and stuff\3D Models\3Ds Max 500 Models And Textures\500_Modeles_HQ+Textures_FR_ZIP_by_SRC.powaa\DATA\HELICOPT\KA25A\KA25A,S:\_POST_PRODUCTION\_VFX_ELEMENTS\3dWorld\3D World and stuff\3D Models\3Ds Max 500 Models And Textures\500_Modeles_HQ+Textures_FR_ZIP_by_SRC.powaa\DATA\HELICOPT\KA25A\KA25A\KA25_035.JPG,,,,,,
MI_2,.jpg,1,3,3,0,693547,677.3 KB,S:\_POST_PRODUCTION\_VFX_ELEMENTS\3dWorld\3D World and stuff\3D Models\3Ds Max 500 Models And Textures\500_Modeles_HQ+Textures_FR_ZIP_by_SRC.powaa\DATA\HELICOPT\MI_2,S:\_POST_PRODUCTION\_VFX_ELEMENTS\3dWorld\3D World and stuff\3D Models\3Ds Max 500 Models And Textures\500_Modeles_HQ+Textures_FR_ZIP_by_SRC.powaa\DATA\HELICOPT\MI_2\MI_2_01.jpg,,,,,,
SH2F,.jpg,1,3,3,0,677183,661.3 KB,S:\_POST_PRODUCTION\_VFX_ELEMENTS\3dWorld\3D World and stuff\3D Models\3Ds Max 500 Models And Textures\500_Modeles_HQ+Textures_FR_ZIP_by_SRC.powaa\DATA\HELICOPT\SH2F,S:\_POST_PRODUCTION\_VFX_ELEMENTS\3dWorld\3D World and stuff\3D Models\3Ds Max 500 Models And Textures\500_Modeles_HQ+Textures_FR_ZIP_by_SRC.powaa\DATA\HELICOPT\SH2F\SH2F_01.jpg,,,,,,
T_HELI,.jpg,1,3,3,0,804894,786.0 KB,S:\_POST_PRODUCTION\_VFX_ELEMENTS\3dWorld\3D World and stuff\3D Models\3Ds Max 500 Models And Textures\500_Modeles_HQ+Textures_FR_ZIP_by_SRC.powaa\DATA\HELICOPT\T_HELI,S:\_POST_PRODUCTION\_VFX_ELEMENTS\3dWorld\3D World and stuff\3D Models\3Ds Max 500 Models And Textures\500_Modeles_HQ+Textures_FR_ZIP_by_SRC.powaa\DATA\HELICOPT\T_HELI\T_HELI01.jpg,,,,,,
EARH,.jpg,1,3,3,0,602859,588.7 KB,S:\_POST_PRODUCTION\_VFX_ELEMENTS\3dWorld\3D World and stuff\3D Models\3Ds Max 500 Models And Textures\500_Modeles_HQ+Textures_FR_ZIP_by_SRC.powaa\DATA\HUMANKIN\EARH,S:\_POST_PRODUCTION\_VFX_ELEMENTS\3dWorld\3D World and stuff\3D Models\3Ds Max 500 Models And Textures\500_Modeles_HQ+Textures_FR_ZIP_by_SRC.powaa\DATA\HUMANKIN\EARH\EARH_01.jpg,,,,,,
LEXTRE,.jpg,1,3,3,0,559833,546.7 KB,S:\_POST_PRODUCTION\_VFX_ELEMENTS\3dWorld\3D World and stuff\3D Models\3Ds Max 500 Models And Textures\500_Modeles_HQ+Textures_FR_ZIP_by_SRC.powaa\DATA\HUMANKIN\LEXTREM,S:\_POST_PRODUCTION\_VFX_ELEMENTS\3dWorld\3D World and stuff\3D Models\3Ds Max 500 Models And Textures\500_Modeles_HQ+Textures_FR_ZIP_by_SRC.powaa\DATA\HUMANKIN\LEXTREM\LEXTRE01.jpg,,,,,,
MAN,.jpg,1,3,3,0,510481,498.5 KB,S:\_POST_PRODUCTION\_VFX_ELEMENTS\3dWorld\3D World and stuff\3D Models\3Ds Max 500 Models And Textures\500_Modeles_HQ+Textures_FR_ZIP_by_SRC.powaa\DATA\HUMANKIN\MAN,S:\_POST_PRODUCTION\_VFX_ELEMENTS\3dWorld\3D World and stuff\3D Models\3Ds Max 500 Models And Textures\500_Modeles_HQ+Textures_FR_ZIP_by_SRC.powaa\DATA\HUMANKIN\MAN\MAN_01.jpg,,,,,,
SIGHT,.jpg,1,3,3,0,524000,511.7 KB,S:\_POST_PRODUCTION\_VFX_ELEMENTS\3dWorld\3D World and stuff\3D Models\3Ds Max 500 Models And Textures\500_Modeles_HQ+Textures_FR_ZIP_by_SRC.powaa\DATA\HUMANKIN\SIGHT,S:\_POST_PRODUCTION\_VFX_ELEMENTS\3dWorld\3D World and stuff\3D Models\3Ds Max 500 Models And Textures\500_Modeles_HQ+Textures_FR_ZIP_by_SRC.powaa\DATA\HUMANKIN\SIGHT\SIGHT_01.jpg,,,,,,
SKULL,.jpg,1,3,3,0,509455,497.5 KB,S:\_POST_PRODUCTION\_VFX_ELEMENTS\3dWorld\3D World and stuff\3D Models\3Ds Max 500 Models And Textures\500_Modeles_HQ+Textures_FR_ZIP_by_SRC.powaa\DATA\HUMANKIN\SKULL,S:\_POST_PRODUCTION\_VFX_ELEMENTS\3dWorld\3D World and stuff\3D Models\3Ds Max 500 Models And Textures\500_Modeles_HQ+Textures_FR_ZIP_by_SRC.powaa\DATA\HUMANKIN\SKULL\SKULL_01.jpg,,,,,,
THORAX,.jpg,1,3,3,0,565545,552.3 KB,S:\_POST_PRODUCTION\_VFX_ELEMENTS\3dWorld\3D World and stuff\3D Models\3Ds Max 500 Models And Textures\500_Modeles_HQ+Textures_FR_ZIP_by_SRC.powaa\DATA\HUMANKIN\THORAX,S:\_POST_PRODUCTION\_VFX_ELEMENTS\3dWorld\3D World and stuff\3D Models\3Ds Max 500 Models And Textures\500_Modeles_HQ+Textures_FR_ZIP_by_SRC.powaa\DATA\HUMANKIN\THORAX\THORAX01.jpg,,,,,,
UEXTRE,.jpg,1,3,3,0,510586,498.6 KB,S:\_POST_PRODUCTION\_VFX_ELEMENTS\3dWorld\3D World and stuff\3D Models\3Ds Max 500 Models And Textures\500_Modeles_HQ+Textures_FR_ZIP_by_SRC.powaa\DATA\HUMANKIN\UEXTREM,S:\_POST_PRODUCTION\_VFX_ELEMENTS\3dWorld\3D World and stuff\3D Models\3Ds Max 500 Models And Textures\500_Modeles_HQ+Textures_FR_ZIP_by_SRC.powaa\DATA\HUMANKIN\UEXTREM\UEXTRE01.jpg,,,,,,
WOMAN,.jpg,1,2,2,0,400053,390.7 KB,S:\_POST_PRODUCTION\_VFX_ELEMENTS\3dWorld\3D World and stuff\3D Models\3Ds Max 500 Models And Textures\500_Modeles_HQ+Textures_FR_ZIP_by_SRC.powaa\DATA\HUMANKIN\WOMAN,S:\_POST_PRODUCTION\_VFX_ELEMENTS\3dWorld\3D World and stuff\3D Models\3Ds Max 500 Models And Textures\500_Modeles_HQ+Textures_FR_ZIP_by_SRC.powaa\DATA\HUMANKIN\WOMAN\WOMAN_01.jpg,,,,,,
ABRAMS,.jpg,1,3,3,0,680697,664.7 KB,S:\_POST_PRODUCTION\_VFX_ELEMENTS\3dWorld\3D World and stuff\3D Models\3Ds Max 500 Models And Textures\500_Modeles_HQ+Textures_FR_ZIP_by_SRC.powaa\DATA\MILITARY\ABRAMS,S:\_POST_PRODUCTION\_VFX_ELEMENTS\3dWorld\3D World and stuff\3D Models\3Ds Max 500 Models And Textures\500_Modeles_HQ+Textures_FR_ZIP_by_SRC.powaa\DATA\MILITARY\ABRAMS\ABRAMS01.jpg,,,,,,
AMBWC,.jpg,501,503,3,0,640588,625.6 KB,S:\_POST_PRODUCTION\_VFX_ELEMENTS\3dWorld\3D World and stuff\3D Models\3Ds Max 500 Models And Textures\500_Modeles_HQ+Textures_FR_ZIP_by_SRC.powaa\DATA\MILITARY\AMBWC54,S:\_POST_PRODUCTION\_VFX_ELEMENTS\3dWorld\3D World and stuff\3D Models\3Ds Max 500 Models And Textures\500_Modeles_HQ+Textures_FR_ZIP_by_SRC.powaa\DATA\MILITARY\AMBWC54\AMBWC501.jpg,,,,,,
AMX,.jpg,3001,3003,3,0,776233,758.0 KB,S:\_POST_PRODUCTION\_VFX_ELEMENTS\3dWorld\3D World and stuff\3D Models\3Ds Max 500 Models And Textures\500_Modeles_HQ+Textures_FR_ZIP_by_SRC.powaa\DATA\MILITARY\AMX_30,S:\_POST_PRODUCTION\_VFX_ELEMENTS\3dWorld\3D World and stuff\3D Models\3Ds Max 500 Models And Textures\500_Modeles_HQ+Textures_FR_ZIP_by_SRC.powaa\DATA\MILITARY\AMX_30\AMX_3001.jpg,,,,,,
NUM,.tif,9,10,2,0,317175,309.7 KB,S:\_POST_PRODUCTION\_VFX_ELEMENTS\3dWorld\3D World and stuff\3D Models\3Ds Max 500 Models And Textures\500_Modeles_HQ+Textures_FR_ZIP_by_SRC.powaa\DATA\MILITARY\AMX_30\AMX_30,S:\_POST_PRODUCTION\_VFX_ELEMENTS\3dWorld\3D World and stuff\3D Models\3Ds Max 500 Models And Textures\500_Modeles_HQ+Textures_FR_ZIP_by_SRC.powaa\DATA\MILITARY\AMX_30\AMX_30\NUM09.TIF,,,,,,
BRDM3,.jpg,1,3,3,0,583924,570.2 KB,S:\_POST_PRODUCTION\_VFX_ELEMENTS\3dWorld\3D World and stuff\3D Models\3Ds Max 500 Models And Textures\500_Modeles_HQ+Textures_FR_ZIP_by_SRC.powaa\DATA\MILITARY\BRDM3,S:\_POST_PRODUCTION\_VFX_ELEMENTS\3dWorld\3D World and stuff\3D Models\3Ds Max 500 Models And Textures\500_Modeles_HQ+Textures_FR_ZIP_by_SRC.powaa\DATA\MILITARY\BRDM3\BRDM3_01.jpg,,,,,,
FEMALE,.jpg,1,3,3,0,643461,628.4 KB,S:\_POST_PRODUCTION\_VFX_ELEMENTS\3dWorld\3D World and stuff\3D Models\3Ds Max 500 Models And Textures\500_Modeles_HQ+Textures_FR_ZIP_by_SRC.powaa\DATA\MILITARY\FEMALE,S:\_POST_PRODUCTION\_VFX_ELEMENTS\3dWorld\3D World and stuff\3D Models\3Ds Max 500 Models And Textures\500_Modeles_HQ+Textures_FR_ZIP_by_SRC.powaa\DATA\MILITARY\FEMALE\FEMALE01.jpg,,,,,,
FLACKP,.jpg,1,3,3,0,636813,621.9 KB,S:\_POST_PRODUCTION\_VFX_ELEMENTS\3dWorld\3D World and stuff\3D Models\3Ds Max 500 Models And Textures\500_Modeles_HQ+Textures_FR_ZIP_by_SRC.powaa\DATA\MILITARY\FLACKP,S:\_POST_PRODUCTION\_VFX_ELEMENTS\3dWorld\3D World and stuff\3D Models\3Ds Max 500 Models And Textures\500_Modeles_HQ+Textures_FR_ZIP_by_SRC.powaa\DATA\MILITARY\FLACKP\FLACKP01.jpg,,,,,,
,.tga,67,212,2,144,74461,72.7 KB,S:\_POST_PRODUCTION\_VFX_ELEMENTS\3dWorld\3D World and stuff\3D Models\3Ds Max 500 Models And Textures\500_Modeles_HQ+Textures_FR_ZIP_by_SRC.powaa\DATA\MILITARY\FLACKP\FLACKP,S:\_POST_PRODUCTION\_VFX_ELEMENTS\3dWorld\3D World and stuff\3D Models\3Ds Max 500 Models And Textures\500_Modeles_HQ+Textures_FR_ZIP_by_SRC.powaa\DATA\MILITARY\FLACKP\FLACKP\67.TGA,,,,,,
FT17_B,.jpg,1,3,3,0,631258,616.5 KB,S:\_POST_PRODUCTION\_VFX_ELEMENTS\3dWorld\3D World and stuff\3D Models\3Ds Max 500 Models And Textures\500_Modeles_HQ+Textures_FR_ZIP_by_SRC.powaa\DATA\MILITARY\FT17_BER,S:\_POST_PRODUCTION\_VFX_ELEMENTS\3dWorld\3D World and stuff\3D Models\3Ds Max 500 Models And Textures\500_Modeles_HQ+Textures_FR_ZIP_by_SRC.powaa\DATA\MILITARY\FT17_BER\FT17_B01.jpg,,,,,,
GMC,.jpg,1,3,3,0,642279,627.2 KB,S:\_POST_PRODUCTION\_VFX_ELEMENTS\3dWorld\3D World and stuff\3D Models\3Ds Max 500 Models And Textures\500_Modeles_HQ+Textures_FR_ZIP_by_SRC.powaa\DATA\MILITARY\GMC,S:\_POST_PRODUCTION\_VFX_ELEMENTS\3dWorld\3D World and stuff\3D Models\3Ds Max 500 Models And Textures\500_Modeles_HQ+Textures_FR_ZIP_by_SRC.powaa\DATA\MILITARY\GMC\GMC_01.jpg,,,,,,
HEMTT,.jpg,1,3,3,0,692677,676.4 KB,S:\_POST_PRODUCTION\_VFX_ELEMENTS\3dWorld\3D World and stuff\3D Models\3Ds Max 500 Models And Textures\500_Modeles_HQ+Textures_FR_ZIP_by_SRC.powaa\DATA\MILITARY\HEMTT,S:\_POST_PRODUCTION\_VFX_ELEMENTS\3dWorld\3D World and stuff\3D Models\3Ds Max 500 Models And Textures\500_Modeles_HQ+Textures_FR_ZIP_by_SRC.powaa\DATA\MILITARY\HEMTT\HEMTT_01.jpg,,,,,,
HUMMER,.jpg,1,3,3,0,756521,738.8 KB,S:\_POST_PRODUCTION\_VFX_ELEMENTS\3dWorld\3D World and stuff\3D Models\3Ds Max 500 Models And Textures\500_Modeles_HQ+Textures_FR_ZIP_by_SRC.powaa\DATA\MILITARY\HUMMER,S:\_POST_PRODUCTION\_VFX_ELEMENTS\3dWorld\3D World and stuff\3D Models\3Ds Max 500 Models And Textures\500_Modeles_HQ+Textures_FR_ZIP_by_SRC.powaa\DATA\MILITARY\HUMMER\HUMMER01.jpg,,,,,,
JAGDPA,.jpg,1,3,3,0,688198,672.1 KB,S:\_POST_PRODUCTION\_VFX_ELEMENTS\3dWorld\3D World and stuff\3D Models\3Ds Max 500 Models And Textures\500_Modeles_HQ+Textures_FR_ZIP_by_SRC.powaa\DATA\MILITARY\JAGDPANZ,S:\_POST_PRODUCTION\_VFX_ELEMENTS\3dWorld\3D World and stuff\3D Models\3Ds Max 500 Models And Textures\500_Modeles_HQ+Textures_FR_ZIP_by_SRC.powaa\DATA\MILITARY\JAGDPANZ\JAGDPA01.jpg,,,,,,
KUBEL,.jpg,1,3,3,0,614408,600.0 KB,S:\_POST_PRODUCTION\_VFX_ELEMENTS\3dWorld\3D World and stuff\3D Models\3Ds Max 500 Models And Textures\500_Modeles_HQ+Textures_FR_ZIP_by_SRC.powaa\DATA\MILITARY\KUBEL,S:\_POST_PRODUCTION\_VFX_ELEMENTS\3dWorld\3D World and stuff\3D Models\3Ds Max 500 Models And Textures\500_Modeles_HQ+Textures_FR_ZIP_by_SRC.powaa\DATA\MILITARY\KUBEL\KUBEL_01.jpg,,,,,,
LECRER,.jpg,1,3,3,0,614604,600.2 KB,S:\_POST_PRODUCTION\_VFX_ELEMENTS\3dWorld\3D World and stuff\3D Models\3Ds Max 500 Models And Textures\500_Modeles_HQ+Textures_FR_ZIP_by_SRC.powaa\DATA\MILITARY\LECRERC,S:\_POST_PRODUCTION\_VFX_ELEMENTS\3dWorld\3D World and stuff\3D Models\3Ds Max 500 Models And Textures\500_Modeles_HQ+Textures_FR_ZIP_by_SRC.powaa\DATA\MILITARY\LECRERC\LECRER01.jpg,,,,,,
M110A,.jpg,201,203,3,0,635771,620.9 KB,S:\_POST_PRODUCTION\_VFX_ELEMENTS\3dWorld\3D World and stuff\3D Models\3Ds Max 500 Models And Textures\500_Modeles_HQ+Textures_FR_ZIP_by_SRC.powaa\DATA\MILITARY\M110A2,S:\_POST_PRODUCTION\_VFX_ELEMENTS\3dWorld\3D World and stuff\3D Models\3Ds Max 500 Models And Textures\500_Modeles_HQ+Textures_FR_ZIP_by_SRC.powaa\DATA\MILITARY\M110A2\M110A201.jpg,,,,,,
M29,.jpg,1,3,3,0,661158,645.7 KB,S:\_POST_PRODUCTION\_VFX_ELEMENTS\3dWorld\3D World and stuff\3D Models\3Ds Max 500 Models And Textures\500_Modeles_HQ+Textures_FR_ZIP_by_SRC.powaa\DATA\MILITARY\M29,S:\_POST_PRODUCTION\_VFX_ELEMENTS\3dWorld\3D World and stuff\3D Models\3Ds Max 500 Models And Textures\500_Modeles_HQ+Textures_FR_ZIP_by_SRC.powaa\DATA\MILITARY\M29\M29_01.jpg,,,,,,
M2A2,.jpg,1,3,3,0,741691,724.3 KB,S:\_POST_PRODUCTION\_VFX_ELEMENTS\3dWorld\3D World and stuff\3D Models\3Ds Max 500 Models And Textures\500_Modeles_HQ+Textures_FR_ZIP_by_SRC.powaa\DATA\MILITARY\M2A2,S:\_POST_PRODUCTION\_VFX_ELEMENTS\3dWorld\3D World and stuff\3D Models\3Ds Max 500 Models And Textures\500_Modeles_HQ+Textures_FR_ZIP_by_SRC.powaa\DATA\MILITARY\M2A2\M2A2_01.jpg,,,,,,
M3GRAN,.jpg,1,3,3,0,774396,756.2 KB,S:\_POST_PRODUCTION\_VFX_ELEMENTS\3dWorld\3D World and stuff\3D Models\3Ds Max 500 Models And Textures\500_Modeles_HQ+Textures_FR_ZIP_by_SRC.powaa\DATA\MILITARY\M3GRANT,S:\_POST_PRODUCTION\_VFX_ELEMENTS\3dWorld\3D World and stuff\3D Models\3Ds Max 500 Models And Textures\500_Modeles_HQ+Textures_FR_ZIP_by_SRC.powaa\DATA\MILITARY\M3GRANT\M3GRAN01.jpg,,,,,,
M4A,.jpg,37501,37503,3,0,675493,659.7 KB,S:\_POST_PRODUCTION\_VFX_ELEMENTS\3dWorld\3D World and stuff\3D Models\3Ds Max 500 Models And Textures\500_Modeles_HQ+Textures_FR_ZIP_by_SRC.powaa\DATA\MILITARY\M4A375W,S:\_POST_PRODUCTION\_VFX_ELEMENTS\3dWorld\3D World and stuff\3D Models\3Ds Max 500 Models And Textures\500_Modeles_HQ+Textures_FR_ZIP_by_SRC.powaa\DATA\MILITARY\M4A375W\M4A37501.jpg,,,,,,
M60,.jpg,1,3,3,0,602501,588.4 KB,S:\_POST_PRODUCTION\_VFX_ELEMENTS\3dWorld\3D World and stuff\3D Models\3Ds Max 500 Models And Textures\500_Modeles_HQ+Textures_FR_ZIP_by_SRC.powaa\DATA\MILITARY\M60,S:\_POST_PRODUCTION\_VFX_ELEMENTS\3dWorld\3D World and stuff\3D Models\3Ds Max 500 Models And Textures\500_Modeles_HQ+Textures_FR_ZIP_by_SRC.powaa\DATA\MILITARY\M60\M60_01.jpg,,,,,,
M730A,.jpg,101,103,3,0,693835,677.6 KB,S:\_POST_PRODUCTION\_VFX_ELEMENTS\3dWorld\3D World and stuff\3D Models\3Ds Max 500 Models And Textures\500_Modeles_HQ+Textures_FR_ZIP_by_SRC.powaa\DATA\MILITARY\M730A1,S:\_POST_PRODUCTION\_VFX_ELEMENTS\3dWorld\3D World and stuff\3D Models\3Ds Max 500 Models And Textures\500_Modeles_HQ+Textures_FR_ZIP_by_SRC.powaa\DATA\MILITARY\M730A1\M730A101.jpg,,,,,,
SDKFZ,.jpg,201,203,3,0,740831,723.5 KB,S:\_POST_PRODUCTION\_VFX_ELEMENTS\3dWorld\3D World and stuff\3D Models\3Ds Max 500 Models And Textures\500_Modeles_HQ+Textures_FR_ZIP_by_SRC.powaa\DATA\MILITARY\SDKFZ2,S:\_POST_PRODUCTION\_VFX_ELEMENTS\3dWorld\3D World and stuff\3D Models\3Ds Max 500 Models And Textures\500_Modeles_HQ+Textures_FR_ZIP_by_SRC.powaa\DATA\MILITARY\SDKFZ2\SDKFZ201.jpg,,,,,,
SWIM,.jpg,1,3,3,0,683547,667.5 KB,S:\_POST_PRODUCTION\_VFX_ELEMENTS\3dWorld\3D World and stuff\3D Models\3Ds Max 500 Models And Textures\500_Modeles_HQ+Textures_FR_ZIP_by_SRC.powaa\DATA\MILITARY\SWIM,S:\_POST_PRODUCTION\_VFX_ELEMENTS\3dWorld\3D World and stuff\3D Models\3Ds Max 500 Models And Textures\500_Modeles_HQ+Textures_FR_ZIP_by_SRC.powaa\DATA\MILITARY\SWIM\SWIM_01.jpg,,,,,,
TIGER,.jpg,1,3,3,0,693730,677.5 KB,S:\_POST_PRODUCTION\_VFX_ELEMENTS\3dWorld\3D World and stuff\3D Models\3Ds Max 500 Models And Textures\500_Modeles_HQ+Textures_FR_ZIP_by_SRC.powaa\DATA\MILITARY\TIGER,S:\_POST_PRODUCTION\_VFX_ELEMENTS\3dWorld\3D World and stuff\3D Models\3Ds Max 500 Models And Textures\500_Modeles_HQ+Textures_FR_ZIP_by_SRC.powaa\DATA\MILITARY\TIGER\TIGER_01.jpg,,,,,,
V100,.jpg,1,3,3,0,658676,643.2 KB,S:\_POST_PRODUCTION\_VFX_ELEMENTS\3dWorld\3D World and stuff\3D Models\3Ds Max 500 Models And Textures\500_Modeles_HQ+Textures_FR_ZIP_by_SRC.powaa\DATA\MILITARY\V100,S:\_POST_PRODUCTION\_VFX_ELEMENTS\3dWorld\3D World and stuff\3D Models\3Ds Max 500 Models And Textures\500_Modeles_HQ+Textures_FR_ZIP_by_SRC.powaa\DATA\MILITARY\V100\V100_01.jpg,,,,,,
WILLYS,.jpg,1,3,3,0,686897,670.8 KB,S:\_POST_PRODUCTION\_VFX_ELEMENTS\3dWorld\3D World and stuff\3D Models\3Ds Max 500 Models And Textures\500_Modeles_HQ+Textures_FR_ZIP_by_SRC.powaa\DATA\MILITARY\WILLYS,S:\_POST_PRODUCTION\_VFX_ELEMENTS\3dWorld\3D World and stuff\3D Models\3Ds Max 500 Models And Textures\500_Modeles_HQ+Textures_FR_ZIP_by_SRC.powaa\DATA\MILITARY\WILLYS\WILLYS01.jpg,,,,,,
WMCVUN,.jpg,1,3,3,0,943594,921.5 KB,S:\_POST_PRODUCTION\_VFX_ELEMENTS\3dWorld\3D World and stuff\3D Models\3Ds Max 500 Models And Textures\500_Modeles_HQ+Textures_FR_ZIP_by_SRC.powaa\DATA\MILITARY\WMCVUN,S:\_POST_PRODUCTION\_VFX_ELEMENTS\3dWorld\3D World and stuff\3D Models\3Ds Max 500 Models And Textures\500_Modeles_HQ+Textures_FR_ZIP_by_SRC.powaa\DATA\MILITARY\WMCVUN\WMCVUN01.jpg,,,,,,
BIBER,.jpg,1,3,3,0,423779,413.8 KB,S:\_POST_PRODUCTION\_VFX_ELEMENTS\3dWorld\3D World and stuff\3D Models\3Ds Max 500 Models And Textures\500_Modeles_HQ+Textures_FR_ZIP_by_SRC.powaa\DATA\MI_SHIPS\BIBER,S:\_POST_PRODUCTION\_VFX_ELEMENTS\3dWorld\3D World and stuff\3D Models\3Ds Max 500 Models And Textures\500_Modeles_HQ+Textures_FR_ZIP_by_SRC.powaa\DATA\MI_SHIPS\BIBER\BIBER_01.jpg,,,,,,
BISMAR,.jpg,1,3,3,0,474597,463.5 KB,S:\_POST_PRODUCTION\_VFX_ELEMENTS\3dWorld\3D World and stuff\3D Models\3Ds Max 500 Models And Textures\500_Modeles_HQ+Textures_FR_ZIP_by_SRC.powaa\DATA\MI_SHIPS\BISMARK,S:\_POST_PRODUCTION\_VFX_ELEMENTS\3dWorld\3D World and stuff\3D Models\3Ds Max 500 Models And Textures\500_Modeles_HQ+Textures_FR_ZIP_by_SRC.powaa\DATA\MI_SHIPS\BISMARK\BISMAR01.jpg,,,,,,
BSM_RM,.tif,1,2,2,0,854166,834.1 KB,S:\_POST_PRODUCTION\_VFX_ELEMENTS\3dWorld\3D World and stuff\3D Models\3Ds Max 500 Models And Textures\500_Modeles_HQ+Textures_FR_ZIP_by_SRC.powaa\DATA\MI_SHIPS\BISMARK\BISMARK,S:\_POST_PRODUCTION\_VFX_ELEMENTS\3dWorld\3D World and stuff\3D Models\3Ds Max 500 Models And Textures\500_Modeles_HQ+Textures_FR_ZIP_by_SRC.powaa\DATA\MI_SHIPS\BISMARK\BISMARK\BSM_RM01.TIF,,,,,,
CONSTI,.jpg,1,3,3,0,773603,755.5 KB,S:\_POST_PRODUCTION\_VFX_ELEMENTS\3dWorld\3D World and stuff\3D Models\3Ds Max 500 Models And Textures\500_Modeles_HQ+Textures_FR_ZIP_by_SRC.powaa\DATA\MI_SHIPS\CONSTITU,S:\_POST_PRODUCTION\_VFX_ELEMENTS\3dWorld\3D World and stuff\3D Models\3Ds Max 500 Models And Textures\500_Modeles_HQ+Textures_FR_ZIP_by_SRC.powaa\DATA\MI_SHIPS\CONSTITU\CONSTI01.jpg,,,,,,
DALLAS,.jpg,1,3,3,0,355668,347.3 KB,S:\_POST_PRODUCTION\_VFX_ELEMENTS\3dWorld\3D World and stuff\3D Models\3Ds Max 500 Models And Textures\500_Modeles_HQ+Textures_FR_ZIP_by_SRC.powaa\DATA\MI_SHIPS\DALLAS,S:\_POST_PRODUCTION\_VFX_ELEMENTS\3dWorld\3D World and stuff\3D Models\3Ds Max 500 Models And Textures\500_Modeles_HQ+Textures_FR_ZIP_by_SRC.powaa\DATA\MI_SHIPS\DALLAS\DALLAS01.jpg,,,,,,
DEMORA,.jpg,1,3,3,0,434261,424.1 KB,S:\_POST_PRODUCTION\_VFX_ELEMENTS\3dWorld\3D World and stuff\3D Models\3Ds Max 500 Models And Textures\500_Modeles_HQ+Textures_FR_ZIP_by_SRC.powaa\DATA\MI_SHIPS\DEMORA,S:\_POST_PRODUCTION\_VFX_ELEMENTS\3dWorld\3D World and stuff\3D Models\3Ds Max 500 Models And Textures\500_Modeles_HQ+Textures_FR_ZIP_by_SRC.powaa\DATA\MI_SHIPS\DEMORA\DEMORA01.jpg,,,,,,
EMDEN,.jpg,1,3,3,0,593882,580.0 KB,S:\_POST_PRODUCTION\_VFX_ELEMENTS\3dWorld\3D World and stuff\3D Models\3Ds Max 500 Models And Textures\500_Modeles_HQ+Textures_FR_ZIP_by_SRC.powaa\DATA\MI_SHIPS\EMDEN,S:\_POST_PRODUCTION\_VFX_ELEMENTS\3dWorld\3D World and stuff\3D Models\3Ds Max 500 Models And Textures\500_Modeles_HQ+Textures_FR_ZIP_by_SRC.powaa\DATA\MI_SHIPS\EMDEN\EMDEN_01.jpg,,,,,,
GLORIE,.jpg,1,3,3,0,957832,935.4 KB,S:\_POST_PRODUCTION\_VFX_ELEMENTS\3dWorld\3D World and stuff\3D Models\3Ds Max 500 Models And Textures\500_Modeles_HQ+Textures_FR_ZIP_by_SRC.powaa\DATA\MI_SHIPS\GLORIEUX,S:\_POST_PRODUCTION\_VFX_ELEMENTS\3dWorld\3D World and stuff\3D Models\3Ds Max 500 Models And Textures\500_Modeles_HQ+Textures_FR_ZIP_by_SRC.powaa\DATA\MI_SHIPS\GLORIEUX\GLORIE01.jpg,,,,,,
GREEK,.jpg,1,3,3,0,923119,901.5 KB,S:\_POST_PRODUCTION\_VFX_ELEMENTS\3dWorld\3D World and stuff\3D Models\3Ds Max 500 Models And Textures\500_Modeles_HQ+Textures_FR_ZIP_by_SRC.powaa\DATA\MI_SHIPS\GREEK,S:\_POST_PRODUCTION\_VFX_ELEMENTS\3dWorld\3D World and stuff\3D Models\3Ds Max 500 Models And Textures\500_Modeles_HQ+Textures_FR_ZIP_by_SRC.powaa\DATA\MI_SHIPS\GREEK\GREEK_01.jpg,,,,,,
KNEB,.jpg,1,3,3,0,545360,532.6 KB,S:\_POST_PRODUCTION\_VFX_ELEMENTS\3dWorld\3D World and stuff\3D Models\3Ds Max 500 Models And Textures\500_Modeles_HQ+Textures_FR_ZIP_by_SRC.powaa\DATA\MI_SHIPS\KNEB,S:\_POST_PRODUCTION\_VFX_ELEMENTS\3dWorld\3D World and stuff\3D Models\3Ds Max 500 Models And Textures\500_Modeles_HQ+Textures_FR_ZIP_by_SRC.powaa\DATA\MI_SHIPS\KNEB\KNEB_01.jpg,,,,,,
LSS,.jpg,1,3,3,0,387660,378.6 KB,S:\_POST_PRODUCTION\_VFX_ELEMENTS\3dWorld\3D World and stuff\3D Models\3Ds Max 500 Models And Textures\500_Modeles_HQ+Textures_FR_ZIP_by_SRC.powaa\DATA\MI_SHIPS\LSS,S:\_POST_PRODUCTION\_VFX_ELEMENTS\3dWorld\3D World and stuff\3D Models\3Ds Max 500 Models And Textures\500_Modeles_HQ+Textures_FR_ZIP_by_SRC.powaa\DATA\MI_SHIPS\LSS\LSS_01.jpg,,,,,,
LSSC,.jpg,1,3,3,0,429156,419.1 KB,S:\_POST_PRODUCTION\_VFX_ELEMENTS\3dWorld\3D World and stuff\3D Models\3Ds Max 500 Models And Textures\500_Modeles_HQ+Textures_FR_ZIP_by_SRC.powaa\DATA\MI_SHIPS\LSSC,S:\_POST_PRODUCTION\_VFX_ELEMENTS\3dWorld\3D World and stuff\3D Models\3Ds Max 500 Models And Textures\500_Modeles_HQ+Textures_FR_ZIP_by_SRC.powaa\DATA\MI_SHIPS\LSSC\LSSC_01.jpg,,,,,,
MYFLOW,.jpg,1,3,3,0,899070,878.0 KB,S:\_POST_PRODUCTION\_VFX_ELEMENTS\3dWorld\3D World and stuff\3D Models\3Ds Max 500 Models And Textures\500_Modeles_HQ+Textures_FR_ZIP_by_SRC.powaa\DATA\MI_SHIPS\MYFLOWER,S:\_POST_PRODUCTION\_VFX_ELEMENTS\3dWorld\3D World and stuff\3D Models\3Ds Max 500 Models And Textures\500_Modeles_HQ+Textures_FR_ZIP_by_SRC.powaa\DATA\MI_SHIPS\MYFLOWER\MYFLOW01.jpg,,,,,,
NANU,.jpg,1,3,3,0,547797,535.0 KB,S:\_POST_PRODUCTION\_VFX_ELEMENTS\3dWorld\3D World and stuff\3D Models\3Ds Max 500 Models And Textures\500_Modeles_HQ+Textures_FR_ZIP_by_SRC.powaa\DATA\MI_SHIPS\NANU,S:\_POST_PRODUCTION\_VFX_ELEMENTS\3dWorld\3D World and stuff\3D Models\3Ds Max 500 Models And Textures\500_Modeles_HQ+Textures_FR_ZIP_by_SRC.powaa\DATA\MI_SHIPS\NANU\NANU_01.jpg,,,,,,
NEGER,.jpg,1,3,3,0,409086,399.5 KB,S:\_POST_PRODUCTION\_VFX_ELEMENTS\3dWorld\3D World and stuff\3D Models\3Ds Max 500 Models And Textures\500_Modeles_HQ+Textures_FR_ZIP_by_SRC.powaa\DATA\MI_SHIPS\NEGER,S:\_POST_PRODUCTION\_VFX_ELEMENTS\3dWorld\3D World and stuff\3D Models\3Ds Max 500 Models And Textures\500_Modeles_HQ+Textures_FR_ZIP_by_SRC.powaa\DATA\MI_SHIPS\NEGER\NEGER_01.jpg,,,,,,
NGER,.jpg,2,7,5,1,49476,48.3 KB,S:\_POST_PRODUCTION\_VFX_ELEMENTS\3dWorld\3D World and stuff\3D Models\3Ds Max 500 Models And Textures\500_Modeles_HQ+Textures_FR_ZIP_by_SRC.powaa\DATA\MI_SHIPS\NEGER\NEGER,S:\_POST_PRODUCTION\_VFX_ELEMENTS\3dWorld\3D World and stuff\3D Models\3Ds Max 500 Models And Textures\500_Modeles_HQ+Textures_FR_ZIP_by_SRC.powaa\DATA\MI_SHIPS\NEGER\NEGER\NGER002.JPG,,,,,,
NYERSE,.jpg,1,3,3,0,761221,743.4 KB,S:\_POST_PRODUCTION\_VFX_ELEMENTS\3dWorld\3D World and stuff\3D Models\3Ds Max 500 Models And Textures\500_Modeles_HQ+Textures_FR_ZIP_by_SRC.powaa\DATA\MI_SHIPS\NYERSEY,S:\_POST_PRODUCTION\_VFX_ELEMENTS\3dWorld\3D World and stuff\3D Models\3Ds Max 500 Models And Textures\500_Modeles_HQ+Textures_FR_ZIP_by_SRC.powaa\DATA\MI_SHIPS\NYERSEY\NYERSE01.jpg,,,,,,
OTSU_I,.jpg,1,3,3,0,510520,498.6 KB,S:\_POST_PRODUCTION\_VFX_ELEMENTS\3dWorld\3D World and stuff\3D Models\3Ds Max 500 Models And Textures\500_Modeles_HQ+Textures_FR_ZIP_by_SRC.powaa\DATA\MI_SHIPS\OTSU_I19,S:\_POST_PRODUCTION\_VFX_ELEMENTS\3dWorld\3D World and stuff\3D Models\3Ds Max 500 Models And Textures\500_Modeles_HQ+Textures_FR_ZIP_by_SRC.powaa\DATA\MI_SHIPS\OTSU_I19\OTSU_I01.jpg,,,,,,
T,.tif,19,191,2,171,75964,74.2 KB,S:\_POST_PRODUCTION\_VFX_ELEMENTS\3dWorld\3D World and stuff\3D Models\3Ds Max 500 Models And Textures\500_Modeles_HQ+Textures_FR_ZIP_by_SRC.powaa\DATA\MI_SHIPS\OTSU_I19\OTSU_I19,S:\_POST_PRODUCTION\_VFX_ELEMENTS\3dWorld\3D World and stuff\3D Models\3Ds Max 500 Models And Textures\500_Modeles_HQ+Textures_FR_ZIP_by_SRC.powaa\DATA\MI_SHIPS\OTSU_I19\OTSU_I19\T19.TIF,,,,,,
PATROL,.jpg,1,3,3,0,600235,586.2 KB,S:\_POST_PRODUCTION\_VFX_ELEMENTS\3dWorld\3D World and stuff\3D Models\3Ds Max 500 Models And Textures\500_Modeles_HQ+Textures_FR_ZIP_by_SRC.powaa\DATA\MI_SHIPS\PATROLB,S:\_POST_PRODUCTION\_VFX_ELEMENTS\3dWorld\3D World and stuff\3D Models\3Ds Max 500 Models And Textures\500_Modeles_HQ+Textures_FR_ZIP_by_SRC.powaa\DATA\MI_SHIPS\PATROLB\PATROL01.jpg,,,,,,
PIBBER,.jpg,1,3,3,0,442713,432.3 KB,S:\_POST_PRODUCTION\_VFX_ELEMENTS\3dWorld\3D World and stuff\3D Models\3Ds Max 500 Models And Textures\500_Modeles_HQ+Textures_FR_ZIP_by_SRC.powaa\DATA\MI_SHIPS\PIBBER,S:\_POST_PRODUCTION\_VFX_ELEMENTS\3dWorld\3D World and stuff\3D Models\3Ds Max 500 Models And Textures\500_Modeles_HQ+Textures_FR_ZIP_by_SRC.powaa\DATA\MI_SHIPS\PIBBER\PIBBER01.jpg,,,,,,
POLA,.jpg,1,3,3,0,513582,501.5 KB,S:\_POST_PRODUCTION\_VFX_ELEMENTS\3dWorld\3D World and stuff\3D Models\3Ds Max 500 Models And Textures\500_Modeles_HQ+Textures_FR_ZIP_by_SRC.powaa\DATA\MI_SHIPS\POLA,S:\_POST_PRODUCTION\_VFX_ELEMENTS\3dWorld\3D World and stuff\3D Models\3Ds Max 500 Models And Textures\500_Modeles_HQ+Textures_FR_ZIP_by_SRC.powaa\DATA\MI_SHIPS\POLA\POLA_01.jpg,,,,,,
PT109,.jpg,1,3,3,0,661039,645.5 KB,S:\_POST_PRODUCTION\_VFX_ELEMENTS\3dWorld\3D World and stuff\3D Models\3Ds Max 500 Models And Textures\500_Modeles_HQ+Textures_FR_ZIP_by_SRC.powaa\DATA\MI_SHIPS\PT109,S:\_POST_PRODUCTION\_VFX_ELEMENTS\3dWorld\3D World and stuff\3D Models\3Ds Max 500 Models And Textures\500_Modeles_HQ+Textures_FR_ZIP_by_SRC.powaa\DATA\MI_SHIPS\PT109\PT109_01.jpg,,,,,,
PT32,.jpg,1,3,3,0,908229,886.9 KB,S:\_POST_PRODUCTION\_VFX_ELEMENTS\3dWorld\3D World and stuff\3D Models\3Ds Max 500 Models And Textures\500_Modeles_HQ+Textures_FR_ZIP_by_SRC.powaa\DATA\MI_SHIPS\PT32,S:\_POST_PRODUCTION\_VFX_ELEMENTS\3dWorld\3D World and stuff\3D Models\3Ds Max 500 Models And Textures\500_Modeles_HQ+Textures_FR_ZIP_by_SRC.powaa\DATA\MI_SHIPS\PT32\PT32_01.jpg,,,,,,
REALE,.jpg,1,3,3,0,1130482,1.1 MB,S:\_POST_PRODUCTION\_VFX_ELEMENTS\3dWorld\3D World and stuff\3D Models\3Ds Max 500 Models And Textures\500_Modeles_HQ+Textures_FR_ZIP_by_SRC.powaa\DATA\MI_SHIPS\REALE,S:\_POST_PRODUCTION\_VFX_ELEMENTS\3dWorld\3D World and stuff\3D Models\3Ds Max 500 Models And Textures\500_Modeles_HQ+Textures_FR_ZIP_by_SRC.powaa\DATA\MI_SHIPS\REALE\REALE_01.jpg,,,,,,
REDOUT,.jpg,1,3,3,0,380292,371.4 KB,S:\_POST_PRODUCTION\_VFX_ELEMENTS\3dWorld\3D World and stuff\3D Models\3Ds Max 500 Models And Textures\500_Modeles_HQ+Textures_FR_ZIP_by_SRC.powaa\DATA\MI_SHIPS\REDOUTAB,S:\_POST_PRODUCTION\_VFX_ELEMENTS\3dWorld\3D World and stuff\3D Models\3Ds Max 500 Models And Textures\500_Modeles_HQ+Textures_FR_ZIP_by_SRC.powaa\DATA\MI_SHIPS\REDOUTAB\REDOUT01.jpg,,,,,,
ROMANS,.jpg,1,3,3,0,678264,662.4 KB,S:\_POST_PRODUCTION\_VFX_ELEMENTS\3dWorld\3D World and stuff\3D Models\3Ds Max 500 Models And Textures\500_Modeles_HQ+Textures_FR_ZIP_by_SRC.powaa\DATA\MI_SHIPS\ROMANSHP,S:\_POST_PRODUCTION\_VFX_ELEMENTS\3dWorld\3D World and stuff\3D Models\3Ds Max 500 Models And Textures\500_Modeles_HQ+Textures_FR_ZIP_by_SRC.powaa\DATA\MI_SHIPS\ROMANSHP\ROMANS01.jpg,,,,,,
SEEHUN,.jpg,1,3,3,0,441590,431.2 KB,S:\_POST_PRODUCTION\_VFX_ELEMENTS\3dWorld\3D World and stuff\3D Models\3Ds Max 500 Models And Textures\500_Modeles_HQ+Textures_FR_ZIP_by_SRC.powaa\DATA\MI_SHIPS\SEEHUND,S:\_POST_PRODUCTION\_VFX_ELEMENTS\3dWorld\3D World and stuff\3D Models\3Ds Max 500 Models And Textures\500_Modeles_HQ+Textures_FR_ZIP_by_SRC.powaa\DATA\MI_SHIPS\SEEHUND\SEEHUN01.jpg,,,,,,
SHINAN,.jpg,1,3,3,0,555832,542.8 KB,S:\_POST_PRODUCTION\_VFX_ELEMENTS\3dWorld\3D World and stuff\3D Models\3Ds Max 500 Models And Textures\500_Modeles_HQ+Textures_FR_ZIP_by_SRC.powaa\DATA\MI_SHIPS\SHINANO,S:\_POST_PRODUCTION\_VFX_ELEMENTS\3dWorld\3D World and stuff\3D Models\3Ds Max 500 Models And Textures\500_Modeles_HQ+Textures_FR_ZIP_by_SRC.powaa\DATA\MI_SHIPS\SHINANO\SHINAN01.jpg,,,,,,
SIREN,.jpg,1,3,3,0,1519426,1.4 MB,S:\_POST_PRODUCTION\_VFX_ELEMENTS\3dWorld\3D World and stuff\3D Models\3Ds Max 500 Models And Textures\500_Modeles_HQ+Textures_FR_ZIP_by_SRC.powaa\DATA\MI_SHIPS\SIREN,S:\_POST_PRODUCTION\_VFX_ELEMENTS\3dWorld\3D World and stuff\3D Models\3Ds Max 500 Models And Textures\500_Modeles_HQ+Textures_FR_ZIP_by_SRC.powaa\DATA\MI_SHIPS\SIREN\SIREN_01.jpg,,,,,,
SOLEIL,.jpg,1,3,3,0,863251,843.0 KB,S:\_POST_PRODUCTION\_VFX_ELEMENTS\3dWorld\3D World and stuff\3D Models\3Ds Max 500 Models And Textures\500_Modeles_HQ+Textures_FR_ZIP_by_SRC.powaa\DATA\MI_SHIPS\SOLEIL,S:\_POST_PRODUCTION\_VFX_ELEMENTS\3dWorld\3D World and stuff\3D Models\3Ds Max 500 Models And Textures\500_Modeles_HQ+Textures_FR_ZIP_by_SRC.powaa\DATA\MI_SHIPS\SOLEIL\SOLEIL01.jpg,,,,,,
SUBCHS,.jpg,1,3,3,0,550170,537.3 KB,S:\_POST_PRODUCTION\_VFX_ELEMENTS\3dWorld\3D World and stuff\3D Models\3Ds Max 500 Models And Textures\500_Modeles_HQ+Textures_FR_ZIP_by_SRC.powaa\DATA\MI_SHIPS\SUBCHS,S:\_POST_PRODUCTION\_VFX_ELEMENTS\3dWorld\3D World and stuff\3D Models\3Ds Max 500 Models And Textures\500_Modeles_HQ+Textures_FR_ZIP_by_SRC.powaa\DATA\MI_SHIPS\SUBCHS\SUBCHS01.jpg,,,,,,
SUPERB,.jpg,1,3,3,0,919188,897.6 KB,S:\_POST_PRODUCTION\_VFX_ELEMENTS\3dWorld\3D World and stuff\3D Models\3Ds Max 500 Models And Textures\500_Modeles_HQ+Textures_FR_ZIP_by_SRC.powaa\DATA\MI_SHIPS\SUPERBE,S:\_POST_PRODUCTION\_VFX_ELEMENTS\3dWorld\3D World and stuff\3D Models\3Ds Max 500 Models And Textures\500_Modeles_HQ+Textures_FR_ZIP_by_SRC.powaa\DATA\MI_SHIPS\SUPERBE\SUPERB01.jpg,,,,,,
TARAWA,.jpg,1,3,3,0,463075,452.2 KB,S:\_POST_PRODUCTION\_VFX_ELEMENTS\3dWorld\3D World and stuff\3D Models\3Ds Max 500 Models And Textures\500_Modeles_HQ+Textures_FR_ZIP_by_SRC.powaa\DATA\MI_SHIPS\TARAWA,S:\_POST_PRODUCTION\_VFX_ELEMENTS\3dWorld\3D World and stuff\3D Models\3Ds Max 500 Models And Textures\500_Modeles_HQ+Textures_FR_ZIP_by_SRC.powaa\DATA\MI_SHIPS\TARAWA\TARAWA01.jpg,,,,,,
TYPE7B,.jpg,1,3,3,0,441894,431.5 KB,S:\_POST_PRODUCTION\_VFX_ELEMENTS\3dWorld\3D World and stuff\3D Models\3Ds Max 500 Models And Textures\500_Modeles_HQ+Textures_FR_ZIP_by_SRC.powaa\DATA\MI_SHIPS\TYPE7B,S:\_POST_PRODUCTION\_VFX_ELEMENTS\3dWorld\3D World and stuff\3D Models\3Ds Max 500 Models And Textures\500_Modeles_HQ+Textures_FR_ZIP_by_SRC.powaa\DATA\MI_SHIPS\TYPE7B\TYPE7B01.jpg,,,,,,
T_LCVP,.jpg,1,3,3,0,434532,424.3 KB,S:\_POST_PRODUCTION\_VFX_ELEMENTS\3dWorld\3D World and stuff\3D Models\3Ds Max 500 Models And Textures\500_Modeles_HQ+Textures_FR_ZIP_by_SRC.powaa\DATA\MI_SHIPS\T_LCVP,S:\_POST_PRODUCTION\_VFX_ELEMENTS\3dWorld\3D World and stuff\3D Models\3Ds Max 500 Models And Textures\500_Modeles_HQ+Textures_FR_ZIP_by_SRC.powaa\DATA\MI_SHIPS\T_LCVP\T_LCVP01.jpg,,,,,,
USS_OH,.jpg,1,3,3,0,386566,377.5 KB,S:\_POST_PRODUCTION\_VFX_ELEMENTS\3dWorld\3D World and stuff\3D Models\3Ds Max 500 Models And Textures\500_Modeles_HQ+Textures_FR_ZIP_by_SRC.powaa\DATA\MI_SHIPS\USS_OHIO,S:\_POST_PRODUCTION\_VFX_ELEMENTS\3dWorld\3D World and stuff\3D Models\3Ds Max 500 Models And Textures\500_Modeles_HQ+Textures_FR_ZIP_by_SRC.powaa\DATA\MI_SHIPS\USS_OHIO\USS_OH01.jpg,,,,,,
VALLEY,.jpg,1,3,3,0,513294,501.3 KB,S:\_POST_PRODUCTION\_VFX_ELEMENTS\3dWorld\3D World and stuff\3D Models\3Ds Max 500 Models And Textures\500_Modeles_HQ+Textures_FR_ZIP_by_SRC.powaa\DATA\MI_SHIPS\VALLEY,S:\_POST_PRODUCTION\_VFX_ELEMENTS\3dWorld\3D World and stuff\3D Models\3Ds Max 500 Models And Textures\500_Modeles_HQ+Textures_FR_ZIP_by_SRC.powaa\DATA\MI_SHIPS\VALLEY\VALLEY01.jpg,,,,,,
VICTOR,.jpg,1,3,3,0,1000763,977.3 KB,S:\_POST_PRODUCTION\_VFX_ELEMENTS\3dWorld\3D World and stuff\3D Models\3Ds Max 500 Models And Textures\500_Modeles_HQ+Textures_FR_ZIP_by_SRC.powaa\DATA\MI_SHIPS\VICTORY,S:\_POST_PRODUCTION\_VFX_ELEMENTS\3dWorld\3D World and stuff\3D Models\3Ds Max 500 Models And Textures\500_Modeles_HQ+Textures_FR_ZIP_by_SRC.powaa\DATA\MI_SHIPS\VICTORY\VICTOR01.jpg,,,,,,
VIKSHI,.jpg,1,3,3,0,729226,712.1 KB,S:\_POST_PRODUCTION\_VFX_ELEMENTS\3dWorld\3D World and stuff\3D Models\3Ds Max 500 Models And Textures\500_Modeles_HQ+Textures_FR_ZIP_by_SRC.powaa\DATA\MI_SHIPS\VIKSHIP,S:\_POST_PRODUCTION\_VFX_ELEMENTS\3dWorld\3D World and stuff\3D Models\3Ds Max 500 Models And Textures\500_Modeles_HQ+Textures_FR_ZIP_by_SRC.powaa\DATA\MI_SHIPS\VIKSHIP\VIKSHI01.jpg,,,,,,
VOSPER,.jpg,1,3,3,0,464195,453.3 KB,S:\_POST_PRODUCTION\_VFX_ELEMENTS\3dWorld\3D World and stuff\3D Models\3Ds Max 500 Models And Textures\500_Modeles_HQ+Textures_FR_ZIP_by_SRC.powaa\DATA\MI_SHIPS\VOSPER,S:\_POST_PRODUCTION\_VFX_ELEMENTS\3dWorld\3D World and stuff\3D Models\3Ds Max 500 Models And Textures\500_Modeles_HQ+Textures_FR_ZIP_by_SRC.powaa\DATA\MI_SHIPS\VOSPER\VOSPER01.jpg,,,,,,
ALTOSH,.jpg,1,3,3,0,618656,604.2 KB,S:\_POST_PRODUCTION\_VFX_ELEMENTS\3dWorld\3D World and stuff\3D Models\3Ds Max 500 Models And Textures\500_Modeles_HQ+Textures_FR_ZIP_by_SRC.powaa\DATA\MUSIC_IN\ALTOSHAW,S:\_POST_PRODUCTION\_VFX_ELEMENTS\3dWorld\3D World and stuff\3D Models\3Ds Max 500 Models And Textures\500_Modeles_HQ+Textures_FR_ZIP_by_SRC.powaa\DATA\MUSIC_IN\ALTOSHAW\ALTOSH01.jpg,,,,,,
ARPA,.jpg,1,3,3,0,763501,745.6 KB,S:\_POST_PRODUCTION\_VFX_ELEMENTS\3dWorld\3D World and stuff\3D Models\3Ds Max 500 Models And Textures\500_Modeles_HQ+Textures_FR_ZIP_by_SRC.powaa\DATA\MUSIC_IN\ARPA,S:\_POST_PRODUCTION\_VFX_ELEMENTS\3dWorld\3D World and stuff\3D Models\3Ds Max 500 Models And Textures\500_Modeles_HQ+Textures_FR_ZIP_by_SRC.powaa\DATA\MUSIC_IN\ARPA\ARPA_01.jpg,,,,,,
BASSOO,.jpg,1,3,3,0,571362,558.0 KB,S:\_POST_PRODUCTION\_VFX_ELEMENTS\3dWorld\3D World and stuff\3D Models\3Ds Max 500 Models And Textures\500_Modeles_HQ+Textures_FR_ZIP_by_SRC.powaa\DATA\MUSIC_IN\BASSOON,S:\_POST_PRODUCTION\_VFX_ELEMENTS\3dWorld\3D World and stuff\3D Models\3Ds Max 500 Models And Textures\500_Modeles_HQ+Textures_FR_ZIP_by_SRC.powaa\DATA\MUSIC_IN\BASSOON\BASSOO01.jpg,,,,,,
CIMBAL,.jpg,1,3,3,0,814663,795.6 KB,S:\_POST_PRODUCTION\_VFX_ELEMENTS\3dWorld\3D World and stuff\3D Models\3Ds Max 500 Models And Textures\500_Modeles_HQ+Textures_FR_ZIP_by_SRC.powaa\DATA\MUSIC_IN\CIMBALES,S:\_POST_PRODUCTION\_VFX_ELEMENTS\3dWorld\3D World and stuff\3D Models\3Ds Max 500 Models And Textures\500_Modeles_HQ+Textures_FR_ZIP_by_SRC.powaa\DATA\MUSIC_IN\CIMBALES\CIMBAL01.jpg,,,,,,
CLARIN,.jpg,1,3,3,0,577424,563.9 KB,S:\_POST_PRODUCTION\_VFX_ELEMENTS\3dWorld\3D World and stuff\3D Models\3Ds Max 500 Models And Textures\500_Modeles_HQ+Textures_FR_ZIP_by_SRC.powaa\DATA\MUSIC_IN\CLARIN,S:\_POST_PRODUCTION\_VFX_ELEMENTS\3dWorld\3D World and stuff\3D Models\3Ds Max 500 Models And Textures\500_Modeles_HQ+Textures_FR_ZIP_by_SRC.powaa\DATA\MUSIC_IN\CLARIN\CLARIN01.jpg,,,,,,
GUITAR,.jpg,1,3,3,0,606641,592.4 KB,S:\_POST_PRODUCTION\_VFX_ELEMENTS\3dWorld\3D World and stuff\3D Models\3Ds Max 500 Models And Textures\500_Modeles_HQ+Textures_FR_ZIP_by_SRC.powaa\DATA\MUSIC_IN\GUITAR,S:\_POST_PRODUCTION\_VFX_ELEMENTS\3dWorld\3D World and stuff\3D Models\3Ds Max 500 Models And Textures\500_Modeles_HQ+Textures_FR_ZIP_by_SRC.powaa\DATA\MUSIC_IN\GUITAR\GUITAR01.jpg,,,,,,
KEYBOA,.jpg,1,3,3,0,702419,686.0 KB,S:\_POST_PRODUCTION\_VFX_ELEMENTS\3dWorld\3D World and stuff\3D Models\3Ds Max 500 Models And Textures\500_Modeles_HQ+Textures_FR_ZIP_by_SRC.powaa\DATA\MUSIC_IN\KEYBOARD,S:\_POST_PRODUCTION\_VFX_ELEMENTS\3dWorld\3D World and stuff\3D Models\3Ds Max 500 Models And Textures\500_Modeles_HQ+Textures_FR_ZIP_by_SRC.powaa\DATA\MUSIC_IN\KEYBOARD\KEYBOA01.jpg,,,,,,
LUDWIG,.jpg,1,3,3,0,954010,931.7 KB,S:\_POST_PRODUCTION\_VFX_ELEMENTS\3dWorld\3D World and stuff\3D Models\3Ds Max 500 Models And Textures\500_Modeles_HQ+Textures_FR_ZIP_by_SRC.powaa\DATA\MUSIC_IN\LUDWIGDR,S:\_POST_PRODUCTION\_VFX_ELEMENTS\3dWorld\3D World and stuff\3D Models\3Ds Max 500 Models And Textures\500_Modeles_HQ+Textures_FR_ZIP_by_SRC.powaa\DATA\MUSIC_IN\LUDWIGDR\LUDWIG01.jpg,,,,,,
SHAWN,.jpg,1,3,3,0,646230,631.1 KB,S:\_POST_PRODUCTION\_VFX_ELEMENTS\3dWorld\3D World and stuff\3D Models\3Ds Max 500 Models And Textures\500_Modeles_HQ+Textures_FR_ZIP_by_SRC.powaa\DATA\MUSIC_IN\SHAWN,S:\_POST_PRODUCTION\_VFX_ELEMENTS\3dWorld\3D World and stuff\3D Models\3Ds Max 500 Models And Textures\500_Modeles_HQ+Textures_FR_ZIP_by_SRC.powaa\DATA\MUSIC_IN\SHAWN\SHAWN_01.jpg,,,,,,
TAMBOR,.jpg,1,3,3,0,678560,662.7 KB,S:\_POST_PRODUCTION\_VFX_ELEMENTS\3dWorld\3D World and stuff\3D Models\3Ds Max 500 Models And Textures\500_Modeles_HQ+Textures_FR_ZIP_by_SRC.powaa\DATA\MUSIC_IN\TAMBOR2,S:\_POST_PRODUCTION\_VFX_ELEMENTS\3dWorld\3D World and stuff\3D Models\3Ds Max 500 Models And Textures\500_Modeles_HQ+Textures_FR_ZIP_by_SRC.powaa\DATA\MUSIC_IN\TAMBOR2\TAMBOR01.jpg,,,,,,
TRUMPE,.jpg,1,3,3,0,740100,722.8 KB,S:\_POST_PRODUCTION\_VFX_ELEMENTS\3dWorld\3D World and stuff\3D Models\3Ds Max 500 Models And Textures\500_Modeles_HQ+Textures_FR_ZIP_by_SRC.powaa\DATA\MUSIC_IN\TRUMPE,S:\_POST_PRODUCTION\_VFX_ELEMENTS\3dWorld\3D World and stuff\3D Models\3Ds Max 500 Models And Textures\500_Modeles_HQ+Textures_FR_ZIP_by_SRC.powaa\DATA\MUSIC_IN\TRUMPE\TRUMPE01.jpg,,,,,,
TRUMPT,.jpg,1,3,3,0,709522,692.9 KB,S:\_POST_PRODUCTION\_VFX_ELEMENTS\3dWorld\3D World and stuff\3D Models\3Ds Max 500 Models And Textures\500_Modeles_HQ+Textures_FR_ZIP_by_SRC.powaa\DATA\MUSIC_IN\TRUMPET,S:\_POST_PRODUCTION\_VFX_ELEMENTS\3dWorld\3D World and stuff\3D Models\3Ds Max 500 Models And Textures\500_Modeles_HQ+Textures_FR_ZIP_by_SRC.powaa\DATA\MUSIC_IN\TRUMPET\TRUMPT01.jpg,,,,,,
VIOLA,.jpg,1,3,3,0,851170,831.2 KB,S:\_POST_PRODUCTION\_VFX_ELEMENTS\3dWorld\3D World and stuff\3D Models\3Ds Max 500 Models And Textures\500_Modeles_HQ+Textures_FR_ZIP_by_SRC.powaa\DATA\MUSIC_IN\VIOLA,S:\_POST_PRODUCTION\_VFX_ELEMENTS\3dWorld\3D World and stuff\3D Models\3Ds Max 500 Models And Textures\500_Modeles_HQ+Textures_FR_ZIP_by_SRC.powaa\DATA\MUSIC_IN\VIOLA\VIOLA_01.jpg,,,,,,
VIOLIN,.jpg,1,3,3,0,826606,807.2 KB,S:\_POST_PRODUCTION\_VFX_ELEMENTS\3dWorld\3D World and stuff\3D Models\3Ds Max 500 Models And Textures\500_Modeles_HQ+Textures_FR_ZIP_by_SRC.powaa\DATA\MUSIC_IN\VIOLIN,S:\_POST_PRODUCTION\_VFX_ELEMENTS\3dWorld\3D World and stuff\3D Models\3Ds Max 500 Models And Textures\500_Modeles_HQ+Textures_FR_ZIP_by_SRC.powaa\DATA\MUSIC_IN\VIOLIN\VIOLIN01.jpg,,,,,,
ZITHER,.jpg,1,3,3,0,993657,970.4 KB,S:\_POST_PRODUCTION\_VFX_ELEMENTS\3dWorld\3D World and stuff\3D Models\3Ds Max 500 Models And Textures\500_Modeles_HQ+Textures_FR_ZIP_by_SRC.powaa\DATA\MUSIC_IN\ZITHER,S:\_POST_PRODUCTION\_VFX_ELEMENTS\3dWorld\3D World and stuff\3D Models\3Ds Max 500 Models And Textures\500_Modeles_HQ+Textures_FR_ZIP_by_SRC.powaa\DATA\MUSIC_IN\ZITHER\ZITHER01.jpg,,,,,,
AGFACA,.jpg,1,3,3,0,661980,646.5 KB,S:\_POST_PRODUCTION\_VFX_ELEMENTS\3dWorld\3D World and stuff\3D Models\3Ds Max 500 Models And Textures\500_Modeles_HQ+Textures_FR_ZIP_by_SRC.powaa\DATA\OPTICAL\AGFACAM,S:\_POST_PRODUCTION\_VFX_ELEMENTS\3dWorld\3D World and stuff\3D Models\3Ds Max 500 Models And Textures\500_Modeles_HQ+Textures_FR_ZIP_by_SRC.powaa\DATA\OPTICAL\AGFACAM\AGFACA01.jpg,,,,,,
BINOCU,.jpg,1,3,3,0,952436,930.1 KB,S:\_POST_PRODUCTION\_VFX_ELEMENTS\3dWorld\3D World and stuff\3D Models\3Ds Max 500 Models And Textures\500_Modeles_HQ+Textures_FR_ZIP_by_SRC.powaa\DATA\OPTICAL\BINOCU,S:\_POST_PRODUCTION\_VFX_ELEMENTS\3dWorld\3D World and stuff\3D Models\3Ds Max 500 Models And Textures\500_Modeles_HQ+Textures_FR_ZIP_by_SRC.powaa\DATA\OPTICAL\BINOCU\BINOCU01.jpg,,,,,,
COSINA,.jpg,1,3,3,0,692071,675.9 KB,S:\_POST_PRODUCTION\_VFX_ELEMENTS\3dWorld\3D World and stuff\3D Models\3Ds Max 500 Models And Textures\500_Modeles_HQ+Textures_FR_ZIP_by_SRC.powaa\DATA\OPTICAL\COSINA,S:\_POST_PRODUCTION\_VFX_ELEMENTS\3dWorld\3D World and stuff\3D Models\3Ds Max 500 Models And Textures\500_Modeles_HQ+Textures_FR_ZIP_by_SRC.powaa\DATA\OPTICAL\COSINA\COSINA01.jpg,,,,,,
GLASSE,.jpg,1,3,3,0,616956,602.5 KB,S:\_POST_PRODUCTION\_VFX_ELEMENTS\3dWorld\3D World and stuff\3D Models\3Ds Max 500 Models And Textures\500_Modeles_HQ+Textures_FR_ZIP_by_SRC.powaa\DATA\OPTICAL\GLASSES,S:\_POST_PRODUCTION\_VFX_ELEMENTS\3dWorld\3D World and stuff\3D Models\3Ds Max 500 Models And Textures\500_Modeles_HQ+Textures_FR_ZIP_by_SRC.powaa\DATA\OPTICAL\GLASSES\GLASSE01.jpg,,,,,,
GLASSI,.jpg,1,3,3,0,757994,740.2 KB,S:\_POST_PRODUCTION\_VFX_ELEMENTS\3dWorld\3D World and stuff\3D Models\3Ds Max 500 Models And Textures\500_Modeles_HQ+Textures_FR_ZIP_by_SRC.powaa\DATA\OPTICAL\GLASSIND,S:\_POST_PRODUCTION\_VFX_ELEMENTS\3dWorld\3D World and stuff\3D Models\3Ds Max 500 Models And Textures\500_Modeles_HQ+Textures_FR_ZIP_by_SRC.powaa\DATA\OPTICAL\GLASSIND\GLASSI01.jpg,,,,,,
KODAKC,.jpg,1,3,3,0,722453,705.5 KB,S:\_POST_PRODUCTION\_VFX_ELEMENTS\3dWorld\3D World and stuff\3D Models\3Ds Max 500 Models And Textures\500_Modeles_HQ+Textures_FR_ZIP_by_SRC.powaa\DATA\OPTICAL\KODAKCAM,S:\_POST_PRODUCTION\_VFX_ELEMENTS\3dWorld\3D World and stuff\3D Models\3Ds Max 500 Models And Textures\500_Modeles_HQ+Textures_FR_ZIP_by_SRC.powaa\DATA\OPTICAL\KODAKCAM\KODAKC01.jpg,,,,,,
MICROS,.jpg,1,3,3,0,747786,730.3 KB,S:\_POST_PRODUCTION\_VFX_ELEMENTS\3dWorld\3D World and stuff\3D Models\3Ds Max 500 Models And Textures\500_Modeles_HQ+Textures_FR_ZIP_by_SRC.powaa\DATA\OPTICAL\MICROS,S:\_POST_PRODUCTION\_VFX_ELEMENTS\3dWorld\3D World and stuff\3D Models\3Ds Max 500 Models And Textures\500_Modeles_HQ+Textures_FR_ZIP_by_SRC.powaa\DATA\OPTICAL\MICROS\MICROS01.jpg,,,,,,
POLARO,.jpg,1,3,3,0,1142238,1.1 MB,S:\_POST_PRODUCTION\_VFX_ELEMENTS\3dWorld\3D World and stuff\3D Models\3Ds Max 500 Models And Textures\500_Modeles_HQ+Textures_FR_ZIP_by_SRC.powaa\DATA\OPTICAL\POLAROID,S:\_POST_PRODUCTION\_VFX_ELEMENTS\3dWorld\3D World and stuff\3D Models\3Ds Max 500 Models And Textures\500_Modeles_HQ+Textures_FR_ZIP_by_SRC.powaa\DATA\OPTICAL\POLAROID\POLARO01.jpg,,,,,,
RAYBAN,.jpg,1,3,3,0,578981,565.4 KB,S:\_POST_PRODUCTION\_VFX_ELEMENTS\3dWorld\3D World and stuff\3D Models\3Ds Max 500 Models And Textures\500_Modeles_HQ+Textures_FR_ZIP_by_SRC.powaa\DATA\OPTICAL\RAYBAN,S:\_POST_PRODUCTION\_VFX_ELEMENTS\3dWorld\3D World and stuff\3D Models\3Ds Max 500 Models And Textures\500_Modeles_HQ+Textures_FR_ZIP_by_SRC.powaa\DATA\OPTICAL\RAYBAN\RAYBAN01.jpg,,,,,,
SUPER,.jpg,801,803,3,0,795151,776.5 KB,S:\_POST_PRODUCTION\_VFX_ELEMENTS\3dWorld\3D World and stuff\3D Models\3Ds Max 500 Models And Textures\500_Modeles_HQ+Textures_FR_ZIP_by_SRC.powaa\DATA\OPTICAL\SUPER8,S:\_POST_PRODUCTION\_VFX_ELEMENTS\3dWorld\3D World and stuff\3D Models\3Ds Max 500 Models And Textures\500_Modeles_HQ+Textures_FR_ZIP_by_SRC.powaa\DATA\OPTICAL\SUPER8\SUPER801.jpg,,,,,,
JUGU,.jpg,1,3,3,0,643113,628.0 KB,S:\_POST_PRODUCTION\_VFX_ELEMENTS\3dWorld\3D World and stuff\3D Models\3Ds Max 500 Models And Textures\500_Modeles_HQ+Textures_FR_ZIP_by_SRC.powaa\DATA\OPTICAL\T_JUGU,S:\_POST_PRODUCTION\_VFX_ELEMENTS\3dWorld\3D World and stuff\3D Models\3Ds Max 500 Models And Textures\500_Modeles_HQ+Textures_FR_ZIP_by_SRC.powaa\DATA\OPTICAL\T_JUGU\JUGU_01.jpg,,,,,,
T_OPTI,.jpg,1,3,3,0,731495,714.4 KB,S:\_POST_PRODUCTION\_VFX_ELEMENTS\3dWorld\3D World and stuff\3D Models\3Ds Max 500 Models And Textures\500_Modeles_HQ+Textures_FR_ZIP_by_SRC.powaa\DATA\OPTICAL\T_OPTI,S:\_POST_PRODUCTION\_VFX_ELEMENTS\3dWorld\3D World and stuff\3D Models\3Ds Max 500 Models And Textures\500_Modeles_HQ+Textures_FR_ZIP_by_SRC.powaa\DATA\OPTICAL\T_OPTI\T_OPTI01.jpg,,,,,,
ANNOUN,.jpg,1,3,3,0,549565,536.7 KB,S:\_POST_PRODUCTION\_VFX_ELEMENTS\3dWorld\3D World and stuff\3D Models\3Ds Max 500 Models And Textures\500_Modeles_HQ+Textures_FR_ZIP_by_SRC.powaa\DATA\OTHERS\ANNOUNC,S:\_POST_PRODUCTION\_VFX_ELEMENTS\3dWorld\3D World and stuff\3D Models\3Ds Max 500 Models And Textures\500_Modeles_HQ+Textures_FR_ZIP_by_SRC.powaa\DATA\OTHERS\ANNOUNC\ANNOUN01.jpg,,,,,,
BULLSE,.jpg,1,3,3,0,560231,547.1 KB,S:\_POST_PRODUCTION\_VFX_ELEMENTS\3dWorld\3D World and stuff\3D Models\3Ds Max 500 Models And Textures\500_Modeles_HQ+Textures_FR_ZIP_by_SRC.powaa\DATA\OTHERS\BULLSE,S:\_POST_PRODUCTION\_VFX_ELEMENTS\3dWorld\3D World and stuff\3D Models\3Ds Max 500 Models And Textures\500_Modeles_HQ+Textures_FR_ZIP_by_SRC.powaa\DATA\OTHERS\BULLSE\BULLSE01.jpg,,,,,,
CANDEL,.jpg,1,3,3,0,521274,509.1 KB,S:\_POST_PRODUCTION\_VFX_ELEMENTS\3dWorld\3D World and stuff\3D Models\3Ds Max 500 Models And Textures\500_Modeles_HQ+Textures_FR_ZIP_by_SRC.powaa\DATA\OTHERS\CANDEL,S:\_POST_PRODUCTION\_VFX_ELEMENTS\3dWorld\3D World and stuff\3D Models\3Ds Max 500 Models And Textures\500_Modeles_HQ+Textures_FR_ZIP_by_SRC.powaa\DATA\OTHERS\CANDEL\CANDEL01.jpg,,,,,,
CANOPE,.jpg,1,3,3,0,949646,927.4 KB,S:\_POST_PRODUCTION\_VFX_ELEMENTS\3dWorld\3D World and stuff\3D Models\3Ds Max 500 Models And Textures\500_Modeles_HQ+Textures_FR_ZIP_by_SRC.powaa\DATA\OTHERS\CANOPES,S:\_POST_PRODUCTION\_VFX_ELEMENTS\3dWorld\3D World and stuff\3D Models\3Ds Max 500 Models And Textures\500_Modeles_HQ+Textures_FR_ZIP_by_SRC.powaa\DATA\OTHERS\CANOPES\CANOPE01.jpg,,,,,,
DOMINI,.jpg,1,3,3,0,597260,583.3 KB,S:\_POST_PRODUCTION\_VFX_ELEMENTS\3dWorld\3D World and stuff\3D Models\3Ds Max 500 Models And Textures\500_Modeles_HQ+Textures_FR_ZIP_by_SRC.powaa\DATA\OTHERS\DOMINI,S:\_POST_PRODUCTION\_VFX_ELEMENTS\3dWorld\3D World and stuff\3D Models\3Ds Max 500 Models And Textures\500_Modeles_HQ+Textures_FR_ZIP_by_SRC.powaa\DATA\OTHERS\DOMINI\DOMINI01.jpg,,,,,,
DRINKI,.jpg,1,3,3,0,674743,658.9 KB,S:\_POST_PRODUCTION\_VFX_ELEMENTS\3dWorld\3D World and stuff\3D Models\3Ds Max 500 Models And Textures\500_Modeles_HQ+Textures_FR_ZIP_by_SRC.powaa\DATA\OTHERS\DRINKING,S:\_POST_PRODUCTION\_VFX_ELEMENTS\3dWorld\3D World and stuff\3D Models\3Ds Max 500 Models And Textures\500_Modeles_HQ+Textures_FR_ZIP_by_SRC.powaa\DATA\OTHERS\DRINKING\DRINKI01.jpg,,,,,,
ERZHER,.jpg,1,3,3,0,678607,662.7 KB,S:\_POST_PRODUCTION\_VFX_ELEMENTS\3dWorld\3D World and stuff\3D Models\3Ds Max 500 Models And Textures\500_Modeles_HQ+Textures_FR_ZIP_by_SRC.powaa\DATA\OTHERS\ERZHER,S:\_POST_PRODUCTION\_VFX_ELEMENTS\3dWorld\3D World and stuff\3D Models\3Ds Max 500 Models And Textures\500_Modeles_HQ+Textures_FR_ZIP_by_SRC.powaa\DATA\OTHERS\ERZHER\ERZHER01.jpg,,,,,,
FERDIN,.jpg,1,3,3,0,718817,702.0 KB,S:\_POST_PRODUCTION\_VFX_ELEMENTS\3dWorld\3D World and stuff\3D Models\3Ds Max 500 Models And Textures\500_Modeles_HQ+Textures_FR_ZIP_by_SRC.powaa\DATA\OTHERS\FERDINAN,S:\_POST_PRODUCTION\_VFX_ELEMENTS\3dWorld\3D World and stuff\3D Models\3Ds Max 500 Models And Textures\500_Modeles_HQ+Textures_FR_ZIP_by_SRC.powaa\DATA\OTHERS\FERDINAN\FERDIN01.jpg,,,,,,
FPEN,.jpg,1,3,3,0,639357,624.4 KB,S:\_POST_PRODUCTION\_VFX_ELEMENTS\3dWorld\3D World and stuff\3D Models\3Ds Max 500 Models And Textures\500_Modeles_HQ+Textures_FR_ZIP_by_SRC.powaa\DATA\OTHERS\FPEN,S:\_POST_PRODUCTION\_VFX_ELEMENTS\3dWorld\3D World and stuff\3D Models\3Ds Max 500 Models And Textures\500_Modeles_HQ+Textures_FR_ZIP_by_SRC.powaa\DATA\OTHERS\FPEN\FPEN_01.jpg,,,,,,
FREDER,.jpg,1,3,3,0,540128,527.5 KB,S:\_POST_PRODUCTION\_VFX_ELEMENTS\3dWorld\3D World and stuff\3D Models\3Ds Max 500 Models And Textures\500_Modeles_HQ+Textures_FR_ZIP_by_SRC.powaa\DATA\OTHERS\FREDERII,S:\_POST_PRODUCTION\_VFX_ELEMENTS\3dWorld\3D World and stuff\3D Models\3Ds Max 500 Models And Textures\500_Modeles_HQ+Textures_FR_ZIP_by_SRC.powaa\DATA\OTHERS\FREDERII\FREDER01.jpg,,,,,,
GLOBO,.jpg,1,3,3,0,829684,810.2 KB,S:\_POST_PRODUCTION\_VFX_ELEMENTS\3dWorld\3D World and stuff\3D Models\3Ds Max 500 Models And Textures\500_Modeles_HQ+Textures_FR_ZIP_by_SRC.powaa\DATA\OTHERS\GLOBO,S:\_POST_PRODUCTION\_VFX_ELEMENTS\3dWorld\3D World and stuff\3D Models\3Ds Max 500 Models And Textures\500_Modeles_HQ+Textures_FR_ZIP_by_SRC.powaa\DATA\OTHERS\GLOBO\GLOBO_01.jpg,,,,,,
GUILLO,.jpg,1,3,3,0,719067,702.2 KB,S:\_POST_PRODUCTION\_VFX_ELEMENTS\3dWorld\3D World and stuff\3D Models\3Ds Max 500 Models And Textures\500_Modeles_HQ+Textures_FR_ZIP_by_SRC.powaa\DATA\OTHERS\GUILLOT,S:\_POST_PRODUCTION\_VFX_ELEMENTS\3dWorld\3D World and stuff\3D Models\3Ds Max 500 Models And Textures\500_Modeles_HQ+Textures_FR_ZIP_by_SRC.powaa\DATA\OTHERS\GUILLOT\GUILLO01.jpg,,,,,,
LAMPAR,.jpg,1,3,3,0,544910,532.1 KB,S:\_POST_PRODUCTION\_VFX_ELEMENTS\3dWorld\3D World and stuff\3D Models\3Ds Max 500 Models And Textures\500_Modeles_HQ+Textures_FR_ZIP_by_SRC.powaa\DATA\OTHERS\LAMPARA1,S:\_POST_PRODUCTION\_VFX_ELEMENTS\3dWorld\3D World and stuff\3D Models\3Ds Max 500 Models And Textures\500_Modeles_HQ+Textures_FR_ZIP_by_SRC.powaa\DATA\OTHERS\LAMPARA1\LAMPAR01.jpg,,,,,,
LAMPA,.jpg,301,303,3,0,523311,511.0 KB,S:\_POST_PRODUCTION\_VFX_ELEMENTS\3dWorld\3D World and stuff\3D Models\3Ds Max 500 Models And Textures\500_Modeles_HQ+Textures_FR_ZIP_by_SRC.powaa\DATA\OTHERS\LAMPARA3,S:\_POST_PRODUCTION\_VFX_ELEMENTS\3dWorld\3D World and stuff\3D Models\3Ds Max 500 Models And Textures\500_Modeles_HQ+Textures_FR_ZIP_by_SRC.powaa\DATA\OTHERS\LAMPARA3\LAMPA301.jpg,,,,,,
LAMPA,.jpg,401,403,3,0,517254,505.1 KB,S:\_POST_PRODUCTION\_VFX_ELEMENTS\3dWorld\3D World and stuff\3D Models\3Ds Max 500 Models And Textures\500_Modeles_HQ+Textures_FR_ZIP_by_SRC.powaa\DATA\OTHERS\LAMPARA4,S:\_POST_PRODUCTION\_VFX_ELEMENTS\3dWorld\3D World and stuff\3D Models\3Ds Max 500 Models And Textures\500_Modeles_HQ+Textures_FR_ZIP_by_SRC.powaa\DATA\OTHERS\LAMPARA4\LAMPA401.jpg,,,,,,
LANTER,.jpg,1,3,3,0,591470,577.6 KB,S:\_POST_PRODUCTION\_VFX_ELEMENTS\3dWorld\3D World and stuff\3D Models\3Ds Max 500 Models And Textures\500_Modeles_HQ+Textures_FR_ZIP_by_SRC.powaa\DATA\OTHERS\LANTERN,S:\_POST_PRODUCTION\_VFX_ELEMENTS\3dWorld\3D World and stuff\3D Models\3Ds Max 500 Models And Textures\500_Modeles_HQ+Textures_FR_ZIP_by_SRC.powaa\DATA\OTHERS\LANTERN\LANTER01.jpg,,,,,,
RELOJM,.jpg,1,3,3,0,729422,712.3 KB,S:\_POST_PRODUCTION\_VFX_ELEMENTS\3dWorld\3D World and stuff\3D Models\3Ds Max 500 Models And Textures\500_Modeles_HQ+Textures_FR_ZIP_by_SRC.powaa\DATA\OTHERS\RELOJMES,S:\_POST_PRODUCTION\_VFX_ELEMENTS\3dWorld\3D World and stuff\3D Models\3Ds Max 500 Models And Textures\500_Modeles_HQ+Textures_FR_ZIP_by_SRC.powaa\DATA\OTHERS\RELOJMES\RELOJM01.jpg,,,,,,
VELETA,.jpg,1,3,3,0,654428,639.1 KB,S:\_POST_PRODUCTION\_VFX_ELEMENTS\3dWorld\3D World and stuff\3D Models\3Ds Max 500 Models And Textures\500_Modeles_HQ+Textures_FR_ZIP_by_SRC.powaa\DATA\OTHERS\VELETA,S:\_POST_PRODUCTION\_VFX_ELEMENTS\3dWorld\3D World and stuff\3D Models\3Ds Max 500 Models And Textures\500_Modeles_HQ+Textures_FR_ZIP_by_SRC.powaa\DATA\OTHERS\VELETA\VELETA01.jpg,,,,,,
AUTOV,.jpg,1,3,3,0,540028,527.4 KB,S:\_POST_PRODUCTION\_VFX_ELEMENTS\3dWorld\3D World and stuff\3D Models\3Ds Max 500 Models And Textures\500_Modeles_HQ+Textures_FR_ZIP_by_SRC.powaa\DATA\PUBWORKS\AUTOV,S:\_POST_PRODUCTION\_VFX_ELEMENTS\3dWorld\3D World and stuff\3D Models\3Ds Max 500 Models And Textures\500_Modeles_HQ+Textures_FR_ZIP_by_SRC.powaa\DATA\PUBWORKS\AUTOV\AUTOV_01.jpg,,,,,,
BIGSG,.jpg,1,3,3,0,595796,581.8 KB,S:\_POST_PRODUCTION\_VFX_ELEMENTS\3dWorld\3D World and stuff\3D Models\3Ds Max 500 Models And Textures\500_Modeles_HQ+Textures_FR_ZIP_by_SRC.powaa\DATA\PUBWORKS\BIGSG,S:\_POST_PRODUCTION\_VFX_ELEMENTS\3dWorld\3D World and stuff\3D Models\3Ds Max 500 Models And Textures\500_Modeles_HQ+Textures_FR_ZIP_by_SRC.powaa\DATA\PUBWORKS\BIGSG\BIGSG_01.jpg,,,,,,
CAJA,.jpg,1,3,3,0,485092,473.7 KB,S:\_POST_PRODUCTION\_VFX_ELEMENTS\3dWorld\3D World and stuff\3D Models\3Ds Max 500 Models And Textures\500_Modeles_HQ+Textures_FR_ZIP_by_SRC.powaa\DATA\PUBWORKS\CAJA,S:\_POST_PRODUCTION\_VFX_ELEMENTS\3dWorld\3D World and stuff\3D Models\3Ds Max 500 Models And Textures\500_Modeles_HQ+Textures_FR_ZIP_by_SRC.powaa\DATA\PUBWORKS\CAJA\CAJA_01.jpg,,,,,,
CARTEL,.jpg,1,3,3,0,540785,528.1 KB,S:\_POST_PRODUCTION\_VFX_ELEMENTS\3dWorld\3D World and stuff\3D Models\3Ds Max 500 Models And Textures\500_Modeles_HQ+Textures_FR_ZIP_by_SRC.powaa\DATA\PUBWORKS\CARTEL,S:\_POST_PRODUCTION\_VFX_ELEMENTS\3dWorld\3D World and stuff\3D Models\3Ds Max 500 Models And Textures\500_Modeles_HQ+Textures_FR_ZIP_by_SRC.powaa\DATA\PUBWORKS\CARTEL\CARTEL01.jpg,,,,,,
CONO,.jpg,1,3,3,0,451030,440.5 KB,S:\_POST_PRODUCTION\_VFX_ELEMENTS\3dWorld\3D World and stuff\3D Models\3Ds Max 500 Models And Textures\500_Modeles_HQ+Textures_FR_ZIP_by_SRC.powaa\DATA\PUBWORKS\CONO,S:\_POST_PRODUCTION\_VFX_ELEMENTS\3dWorld\3D World and stuff\3D Models\3Ds Max 500 Models And Textures\500_Modeles_HQ+Textures_FR_ZIP_by_SRC.powaa\DATA\PUBWORKS\CONO\CONO_01.jpg,,,,,,
FAROLA,.jpg,1,3,3,0,423657,413.7 KB,S:\_POST_PRODUCTION\_VFX_ELEMENTS\3dWorld\3D World and stuff\3D Models\3Ds Max 500 Models And Textures\500_Modeles_HQ+Textures_FR_ZIP_by_SRC.powaa\DATA\PUBWORKS\FAROLA,S:\_POST_PRODUCTION\_VFX_ELEMENTS\3dWorld\3D World and stuff\3D Models\3Ds Max 500 Models And Textures\500_Modeles_HQ+Textures_FR_ZIP_by_SRC.powaa\DATA\PUBWORKS\FAROLA\FAROLA01.jpg,,,,,,
GASOL,.jpg,1,3,3,0,510428,498.5 KB,S:\_POST_PRODUCTION\_VFX_ELEMENTS\3dWorld\3D World and stuff\3D Models\3Ds Max 500 Models And Textures\500_Modeles_HQ+Textures_FR_ZIP_by_SRC.powaa\DATA\PUBWORKS\GASOL,S:\_POST_PRODUCTION\_VFX_ELEMENTS\3dWorld\3D World and stuff\3D Models\3Ds Max 500 Models And Textures\500_Modeles_HQ+Textures_FR_ZIP_by_SRC.powaa\DATA\PUBWORKS\GASOL\GASOL_01.jpg,,,,,,
HELMET,.jpg,1,3,3,0,531591,519.1 KB,S:\_POST_PRODUCTION\_VFX_ELEMENTS\3dWorld\3D World and stuff\3D Models\3Ds Max 500 Models And Textures\500_Modeles_HQ+Textures_FR_ZIP_by_SRC.powaa\DATA\PUBWORKS\HELMET,S:\_POST_PRODUCTION\_VFX_ELEMENTS\3dWorld\3D World and stuff\3D Models\3Ds Max 500 Models And Textures\500_Modeles_HQ+Textures_FR_ZIP_by_SRC.powaa\DATA\PUBWORKS\HELMET\HELMET01.jpg,,,,,,
INDI1,.jpg,1,3,3,0,557418,544.4 KB,S:\_POST_PRODUCTION\_VFX_ELEMENTS\3dWorld\3D World and stuff\3D Models\3Ds Max 500 Models And Textures\500_Modeles_HQ+Textures_FR_ZIP_by_SRC.powaa\DATA\PUBWORKS\INDI1,S:\_POST_PRODUCTION\_VFX_ELEMENTS\3dWorld\3D World and stuff\3D Models\3Ds Max 500 Models And Textures\500_Modeles_HQ+Textures_FR_ZIP_by_SRC.powaa\DATA\PUBWORKS\INDI1\INDI1_01.jpg,,,,,,
INDICA,.jpg,1,3,3,0,504403,492.6 KB,S:\_POST_PRODUCTION\_VFX_ELEMENTS\3dWorld\3D World and stuff\3D Models\3Ds Max 500 Models And Textures\500_Modeles_HQ+Textures_FR_ZIP_by_SRC.powaa\DATA\PUBWORKS\INDICA,S:\_POST_PRODUCTION\_VFX_ELEMENTS\3dWorld\3D World and stuff\3D Models\3Ds Max 500 Models And Textures\500_Modeles_HQ+Textures_FR_ZIP_by_SRC.powaa\DATA\PUBWORKS\INDICA\INDICA01.jpg,,,,,,
ITV,.jpg,1,3,3,0,524459,512.2 KB,S:\_POST_PRODUCTION\_VFX_ELEMENTS\3dWorld\3D World and stuff\3D Models\3Ds Max 500 Models And Textures\500_Modeles_HQ+Textures_FR_ZIP_by_SRC.powaa\DATA\PUBWORKS\ITV,S:\_POST_PRODUCTION\_VFX_ELEMENTS\3dWorld\3D World and stuff\3D Models\3Ds Max 500 Models And Textures\500_Modeles_HQ+Textures_FR_ZIP_by_SRC.powaa\DATA\PUBWORKS\ITV\ITV_01.jpg,,,,,,
KNMARK,.jpg,1,3,3,0,489213,477.7 KB,S:\_POST_PRODUCTION\_VFX_ELEMENTS\3dWorld\3D World and stuff\3D Models\3Ds Max 500 Models And Textures\500_Modeles_HQ+Textures_FR_ZIP_by_SRC.powaa\DATA\PUBWORKS\KNMARK,S:\_POST_PRODUCTION\_VFX_ELEMENTS\3dWorld\3D World and stuff\3D Models\3Ds Max 500 Models And Textures\500_Modeles_HQ+Textures_FR_ZIP_by_SRC.powaa\DATA\PUBWORKS\KNMARK\KNMARK01.jpg,,,,,,
LIMIT,.jpg,1,3,3,0,452452,441.8 KB,S:\_POST_PRODUCTION\_VFX_ELEMENTS\3dWorld\3D World and stuff\3D Models\3Ds Max 500 Models And Textures\500_Modeles_HQ+Textures_FR_ZIP_by_SRC.powaa\DATA\PUBWORKS\LIMIT70,S:\_POST_PRODUCTION\_VFX_ELEMENTS\3dWorld\3D World and stuff\3D Models\3Ds Max 500 Models And Textures\500_Modeles_HQ+Textures_FR_ZIP_by_SRC.powaa\DATA\PUBWORKS\LIMIT70\LIMIT_01.jpg,,,,,,
LUMINO,.jpg,1,3,3,0,425661,415.7 KB,S:\_POST_PRODUCTION\_VFX_ELEMENTS\3dWorld\3D World and stuff\3D Models\3Ds Max 500 Models And Textures\500_Modeles_HQ+Textures_FR_ZIP_by_SRC.powaa\DATA\PUBWORKS\LUMINOSO,S:\_POST_PRODUCTION\_VFX_ELEMENTS\3dWorld\3D World and stuff\3D Models\3Ds Max 500 Models And Textures\500_Modeles_HQ+Textures_FR_ZIP_by_SRC.powaa\DATA\PUBWORKS\LUMINOSO\LUMINO01.jpg,,,,,,
MEDSIG,.jpg,1,3,3,0,607837,593.6 KB,S:\_POST_PRODUCTION\_VFX_ELEMENTS\3dWorld\3D World and stuff\3D Models\3Ds Max 500 Models And Textures\500_Modeles_HQ+Textures_FR_ZIP_by_SRC.powaa\DATA\PUBWORKS\MEDSIGN,S:\_POST_PRODUCTION\_VFX_ELEMENTS\3dWorld\3D World and stuff\3D Models\3Ds Max 500 Models And Textures\500_Modeles_HQ+Textures_FR_ZIP_by_SRC.powaa\DATA\PUBWORKS\MEDSIGN\MEDSIG01.jpg,,,,,,
MEDSI,.jpg,201,203,3,0,655411,640.0 KB,S:\_POST_PRODUCTION\_VFX_ELEMENTS\3dWorld\3D World and stuff\3D Models\3Ds Max 500 Models And Textures\500_Modeles_HQ+Textures_FR_ZIP_by_SRC.powaa\DATA\PUBWORKS\MEDSIGN2,S:\_POST_PRODUCTION\_VFX_ELEMENTS\3dWorld\3D World and stuff\3D Models\3Ds Max 500 Models And Textures\500_Modeles_HQ+Textures_FR_ZIP_by_SRC.powaa\DATA\PUBWORKS\MEDSIGN2\MEDSI201.jpg,,,,,,
PANELW,.jpg,1,3,3,0,469642,458.6 KB,S:\_POST_PRODUCTION\_VFX_ELEMENTS\3dWorld\3D World and stuff\3D Models\3Ds Max 500 Models And Textures\500_Modeles_HQ+Textures_FR_ZIP_by_SRC.powaa\DATA\PUBWORKS\PANELWC,S:\_POST_PRODUCTION\_VFX_ELEMENTS\3dWorld\3D World and stuff\3D Models\3Ds Max 500 Models And Textures\500_Modeles_HQ+Textures_FR_ZIP_by_SRC.powaa\DATA\PUBWORKS\PANELWC\PANELW01.jpg,,,,,,
PAN_AS,.jpg,1,3,3,0,498540,486.9 KB,S:\_POST_PRODUCTION\_VFX_ELEMENTS\3dWorld\3D World and stuff\3D Models\3Ds Max 500 Models And Textures\500_Modeles_HQ+Textures_FR_ZIP_by_SRC.powaa\DATA\PUBWORKS\PAN_ASPI,S:\_POST_PRODUCTION\_VFX_ELEMENTS\3dWorld\3D World and stuff\3D Models\3Ds Max 500 Models And Textures\500_Modeles_HQ+Textures_FR_ZIP_by_SRC.powaa\DATA\PUBWORKS\PAN_ASPI\PAN_AS01.jpg,,,,,,
PAN_PT,.jpg,1,3,3,0,550870,538.0 KB,S:\_POST_PRODUCTION\_VFX_ELEMENTS\3dWorld\3D World and stuff\3D Models\3Ds Max 500 Models And Textures\500_Modeles_HQ+Textures_FR_ZIP_by_SRC.powaa\DATA\PUBWORKS\PAN_PTS,S:\_POST_PRODUCTION\_VFX_ELEMENTS\3dWorld\3D World and stuff\3D Models\3Ds Max 500 Models And Textures\500_Modeles_HQ+Textures_FR_ZIP_by_SRC.powaa\DATA\PUBWORKS\PAN_PTS\PAN_PT01.jpg,,,,,,
PARK,.jpg,1,3,3,0,490998,479.5 KB,S:\_POST_PRODUCTION\_VFX_ELEMENTS\3dWorld\3D World and stuff\3D Models\3Ds Max 500 Models And Textures\500_Modeles_HQ+Textures_FR_ZIP_by_SRC.powaa\DATA\PUBWORKS\PARK,S:\_POST_PRODUCTION\_VFX_ELEMENTS\3dWorld\3D World and stuff\3D Models\3Ds Max 500 Models And Textures\500_Modeles_HQ+Textures_FR_ZIP_by_SRC.powaa\DATA\PUBWORKS\PARK\PARK_01.jpg,,,,,,
PA_A,.jpg,1,3,3,0,553102,540.1 KB,S:\_POST_PRODUCTION\_VFX_ELEMENTS\3dWorld\3D World and stuff\3D Models\3Ds Max 500 Models And Textures\500_Modeles_HQ+Textures_FR_ZIP_by_SRC.powaa\DATA\PUBWORKS\PA_A_LAV,S:\_POST_PRODUCTION\_VFX_ELEMENTS\3dWorld\3D World and stuff\3D Models\3Ds Max 500 Models And Textures\500_Modeles_HQ+Textures_FR_ZIP_by_SRC.powaa\DATA\PUBWORKS\PA_A_LAV\PA_A_01.jpg,,,,,,
PA_BIE,.jpg,1,3,3,0,513977,501.9 KB,S:\_POST_PRODUCTION\_VFX_ELEMENTS\3dWorld\3D World and stuff\3D Models\3Ds Max 500 Models And Textures\500_Modeles_HQ+Textures_FR_ZIP_by_SRC.powaa\DATA\PUBWORKS\PA_BIENV,S:\_POST_PRODUCTION\_VFX_ELEMENTS\3dWorld\3D World and stuff\3D Models\3Ds Max 500 Models And Textures\500_Modeles_HQ+Textures_FR_ZIP_by_SRC.powaa\DATA\PUBWORKS\PA_BIENV\PA_BIE01.jpg,,,,,,
POST,.jpg,1,3,3,0,435796,425.6 KB,S:\_POST_PRODUCTION\_VFX_ELEMENTS\3dWorld\3D World and stuff\3D Models\3Ds Max 500 Models And Textures\500_Modeles_HQ+Textures_FR_ZIP_by_SRC.powaa\DATA\PUBWORKS\POST,S:\_POST_PRODUCTION\_VFX_ELEMENTS\3dWorld\3D World and stuff\3D Models\3Ds Max 500 Models And Textures\500_Modeles_HQ+Textures_FR_ZIP_by_SRC.powaa\DATA\PUBWORKS\POST\POST_01.jpg,,,,,,
PROHIB,.jpg,1,3,3,0,449506,439.0 KB,S:\_POST_PRODUCTION\_VFX_ELEMENTS\3dWorld\3D World and stuff\3D Models\3Ds Max 500 Models And Textures\500_Modeles_HQ+Textures_FR_ZIP_by_SRC.powaa\DATA\PUBWORKS\PROHIBDO,S:\_POST_PRODUCTION\_VFX_ELEMENTS\3dWorld\3D World and stuff\3D Models\3Ds Max 500 Models And Textures\500_Modeles_HQ+Textures_FR_ZIP_by_SRC.powaa\DATA\PUBWORKS\PROHIBDO\PROHIB01.jpg,,,,,,
QUITAM,.jpg,1,3,3,0,634047,619.2 KB,S:\_POST_PRODUCTION\_VFX_ELEMENTS\3dWorld\3D World and stuff\3D Models\3Ds Max 500 Models And Textures\500_Modeles_HQ+Textures_FR_ZIP_by_SRC.powaa\DATA\PUBWORKS\QUITAM,S:\_POST_PRODUCTION\_VFX_ELEMENTS\3dWorld\3D World and stuff\3D Models\3Ds Max 500 Models And Textures\500_Modeles_HQ+Textures_FR_ZIP_by_SRC.powaa\DATA\PUBWORKS\QUITAM\QUITAM01.jpg,,,,,,
RWCAUT,.jpg,1,3,3,0,478572,467.4 KB,S:\_POST_PRODUCTION\_VFX_ELEMENTS\3dWorld\3D World and stuff\3D Models\3Ds Max 500 Models And Textures\500_Modeles_HQ+Textures_FR_ZIP_by_SRC.powaa\DATA\PUBWORKS\RWCAUTIO,S:\_POST_PRODUCTION\_VFX_ELEMENTS\3dWorld\3D World and stuff\3D Models\3Ds Max 500 Models And Textures\500_Modeles_HQ+Textures_FR_ZIP_by_SRC.powaa\DATA\PUBWORKS\RWCAUTIO\RWCAUT01.jpg,,,,,,
RWD11,.jpg,1,3,3,0,586454,572.7 KB,S:\_POST_PRODUCTION\_VFX_ELEMENTS\3dWorld\3D World and stuff\3D Models\3Ds Max 500 Models And Textures\500_Modeles_HQ+Textures_FR_ZIP_by_SRC.powaa\DATA\PUBWORKS\RWDISK11,S:\_POST_PRODUCTION\_VFX_ELEMENTS\3dWorld\3D World and stuff\3D Models\3Ds Max 500 Models And Textures\500_Modeles_HQ+Textures_FR_ZIP_by_SRC.powaa\DATA\PUBWORKS\RWDISK11\RWD11_01.jpg,,,,,,
RWD19,.jpg,1,3,3,0,532212,519.7 KB,S:\_POST_PRODUCTION\_VFX_ELEMENTS\3dWorld\3D World and stuff\3D Models\3Ds Max 500 Models And Textures\500_Modeles_HQ+Textures_FR_ZIP_by_SRC.powaa\DATA\PUBWORKS\RWDISK19,S:\_POST_PRODUCTION\_VFX_ELEMENTS\3dWorld\3D World and stuff\3D Models\3Ds Max 500 Models And Textures\500_Modeles_HQ+Textures_FR_ZIP_by_SRC.powaa\DATA\PUBWORKS\RWDISK19\RWD19_01.jpg,,,,,,
RWSHOR,.jpg,1,3,3,0,555868,542.8 KB,S:\_POST_PRODUCTION\_VFX_ELEMENTS\3dWorld\3D World and stuff\3D Models\3Ds Max 500 Models And Textures\500_Modeles_HQ+Textures_FR_ZIP_by_SRC.powaa\DATA\PUBWORKS\RWSHORT,S:\_POST_PRODUCTION\_VFX_ELEMENTS\3dWorld\3D World and stuff\3D Models\3Ds Max 500 Models And Textures\500_Modeles_HQ+Textures_FR_ZIP_by_SRC.powaa\DATA\PUBWORKS\RWSHORT\RWSHOR01.jpg,,,,,,
RWSQUA,.jpg,1,3,3,0,494904,483.3 KB,S:\_POST_PRODUCTION\_VFX_ELEMENTS\3dWorld\3D World and stuff\3D Models\3Ds Max 500 Models And Textures\500_Modeles_HQ+Textures_FR_ZIP_by_SRC.powaa\DATA\PUBWORKS\RWSQUAR1,S:\_POST_PRODUCTION\_VFX_ELEMENTS\3dWorld\3D World and stuff\3D Models\3Ds Max 500 Models And Textures\500_Modeles_HQ+Textures_FR_ZIP_by_SRC.powaa\DATA\PUBWORKS\RWSQUAR1\RWSQUA01.jpg,,,,,,
RWSQ2,.jpg,1,3,3,0,475806,464.7 KB,S:\_POST_PRODUCTION\_VFX_ELEMENTS\3dWorld\3D World and stuff\3D Models\3Ds Max 500 Models And Textures\500_Modeles_HQ+Textures_FR_ZIP_by_SRC.powaa\DATA\PUBWORKS\RWSQUAR2,S:\_POST_PRODUCTION\_VFX_ELEMENTS\3dWorld\3D World and stuff\3D Models\3Ds Max 500 Models And Textures\500_Modeles_HQ+Textures_FR_ZIP_by_SRC.powaa\DATA\PUBWORKS\RWSQUAR2\RWSQ2_01.jpg,,,,,,
RWSTOP,.jpg,1,3,3,0,532132,519.7 KB,S:\_POST_PRODUCTION\_VFX_ELEMENTS\3dWorld\3D World and stuff\3D Models\3Ds Max 500 Models And Textures\500_Modeles_HQ+Textures_FR_ZIP_by_SRC.powaa\DATA\PUBWORKS\RWSTOP,S:\_POST_PRODUCTION\_VFX_ELEMENTS\3dWorld\3D World and stuff\3D Models\3Ds Max 500 Models And Textures\500_Modeles_HQ+Textures_FR_ZIP_by_SRC.powaa\DATA\PUBWORKS\RWSTOP\RWSTOP01.jpg,,,,,,
SERVC,.jpg,1,3,3,0,536765,524.2 KB,S:\_POST_PRODUCTION\_VFX_ELEMENTS\3dWorld\3D World and stuff\3D Models\3Ds Max 500 Models And Textures\500_Modeles_HQ+Textures_FR_ZIP_by_SRC.powaa\DATA\PUBWORKS\SERVC,S:\_POST_PRODUCTION\_VFX_ELEMENTS\3dWorld\3D World and stuff\3D Models\3Ds Max 500 Models And Textures\500_Modeles_HQ+Textures_FR_ZIP_by_SRC.powaa\DATA\PUBWORKS\SERVC\SERVC_01.jpg,,,,,,
SHELTE,.jpg,1,3,3,0,586433,572.7 KB,S:\_POST_PRODUCTION\_VFX_ELEMENTS\3dWorld\3D World and stuff\3D Models\3Ds Max 500 Models And Textures\500_Modeles_HQ+Textures_FR_ZIP_by_SRC.powaa\DATA\PUBWORKS\SHELTER,S:\_POST_PRODUCTION\_VFX_ELEMENTS\3dWorld\3D World and stuff\3D Models\3Ds Max 500 Models And Textures\500_Modeles_HQ+Textures_FR_ZIP_by_SRC.powaa\DATA\PUBWORKS\SHELTER\SHELTE01.jpg,,,,,,
STOP,.jpg,1,3,3,0,463780,452.9 KB,S:\_POST_PRODUCTION\_VFX_ELEMENTS\3dWorld\3D World and stuff\3D Models\3Ds Max 500 Models And Textures\500_Modeles_HQ+Textures_FR_ZIP_by_SRC.powaa\DATA\PUBWORKS\STOP,S:\_POST_PRODUCTION\_VFX_ELEMENTS\3dWorld\3D World and stuff\3D Models\3Ds Max 500 Models And Textures\500_Modeles_HQ+Textures_FR_ZIP_by_SRC.powaa\DATA\PUBWORKS\STOP\STOP_01.jpg,,,,,,
SWITCH,.jpg,1,3,3,0,671483,655.7 KB,S:\_POST_PRODUCTION\_VFX_ELEMENTS\3dWorld\3D World and stuff\3D Models\3Ds Max 500 Models And Textures\500_Modeles_HQ+Textures_FR_ZIP_by_SRC.powaa\DATA\PUBWORKS\SWITCHES,S:\_POST_PRODUCTION\_VFX_ELEMENTS\3dWorld\3D World and stuff\3D Models\3Ds Max 500 Models And Textures\500_Modeles_HQ+Textures_FR_ZIP_by_SRC.powaa\DATA\PUBWORKS\SWITCHES\SWITCH01.jpg,,,,,,
SWITSI,.jpg,1,3,3,0,672978,657.2 KB,S:\_POST_PRODUCTION\_VFX_ELEMENTS\3dWorld\3D World and stuff\3D Models\3Ds Max 500 Models And Textures\500_Modeles_HQ+Textures_FR_ZIP_by_SRC.powaa\DATA\PUBWORKS\SWITCHSI,S:\_POST_PRODUCTION\_VFX_ELEMENTS\3dWorld\3D World and stuff\3D Models\3Ds Max 500 Models And Textures\500_Modeles_HQ+Textures_FR_ZIP_by_SRC.powaa\DATA\PUBWORKS\SWITCHSI\SWITSI01.jpg,,,,,,
VALLA,.jpg,1,3,3,0,494420,482.8 KB,S:\_POST_PRODUCTION\_VFX_ELEMENTS\3dWorld\3D World and stuff\3D Models\3Ds Max 500 Models And Textures\500_Modeles_HQ+Textures_FR_ZIP_by_SRC.powaa\DATA\PUBWORKS\VALLA,S:\_POST_PRODUCTION\_VFX_ELEMENTS\3dWorld\3D World and stuff\3D Models\3Ds Max 500 Models And Textures\500_Modeles_HQ+Textures_FR_ZIP_by_SRC.powaa\DATA\PUBWORKS\VALLA\VALLA_01.jpg,,,,,,
VALLA,.jpg,201,203,3,0,819331,800.1 KB,S:\_POST_PRODUCTION\_VFX_ELEMENTS\3dWorld\3D World and stuff\3D Models\3Ds Max 500 Models And Textures\500_Modeles_HQ+Textures_FR_ZIP_by_SRC.powaa\DATA\PUBWORKS\VALLA2,S:\_POST_PRODUCTION\_VFX_ELEMENTS\3dWorld\3D World and stuff\3D Models\3Ds Max 500 Models And Textures\500_Modeles_HQ+Textures_FR_ZIP_by_SRC.powaa\DATA\PUBWORKS\VALLA2\VALLA201.jpg,,,,,,
VALLAP,.jpg,1,3,3,0,721530,704.6 KB,S:\_POST_PRODUCTION\_VFX_ELEMENTS\3dWorld\3D World and stuff\3D Models\3Ds Max 500 Models And Textures\500_Modeles_HQ+Textures_FR_ZIP_by_SRC.powaa\DATA\PUBWORKS\VALLAP,S:\_POST_PRODUCTION\_VFX_ELEMENTS\3dWorld\3D World and stuff\3D Models\3Ds Max 500 Models And Textures\500_Modeles_HQ+Textures_FR_ZIP_by_SRC.powaa\DATA\PUBWORKS\VALLAP\VALLAP01.jpg,,,,,,
ADVKNI,.jpg,1,3,3,0,542897,530.2 KB,S:\_POST_PRODUCTION\_VFX_ELEMENTS\3dWorld\3D World and stuff\3D Models\3Ds Max 500 Models And Textures\500_Modeles_HQ+Textures_FR_ZIP_by_SRC.powaa\DATA\TOOLS\ADVKNIFE,S:\_POST_PRODUCTION\_VFX_ELEMENTS\3dWorld\3D World and stuff\3D Models\3Ds Max 500 Models And Textures\500_Modeles_HQ+Textures_FR_ZIP_by_SRC.powaa\DATA\TOOLS\ADVKNIFE\ADVKNI01.jpg,,,,,,
AIRE,.jpg,1,3,3,0,503031,491.2 KB,S:\_POST_PRODUCTION\_VFX_ELEMENTS\3dWorld\3D World and stuff\3D Models\3Ds Max 500 Models And Textures\500_Modeles_HQ+Textures_FR_ZIP_by_SRC.powaa\DATA\TOOLS\AIRE,S:\_POST_PRODUCTION\_VFX_ELEMENTS\3dWorld\3D World and stuff\3D Models\3Ds Max 500 Models And Textures\500_Modeles_HQ+Textures_FR_ZIP_by_SRC.powaa\DATA\TOOLS\AIRE\AIRE_01.jpg,,,,,,
ANEMOM,.jpg,1,3,3,0,749017,731.5 KB,S:\_POST_PRODUCTION\_VFX_ELEMENTS\3dWorld\3D World and stuff\3D Models\3Ds Max 500 Models And Textures\500_Modeles_HQ+Textures_FR_ZIP_by_SRC.powaa\DATA\TOOLS\ANEMOM,S:\_POST_PRODUCTION\_VFX_ELEMENTS\3dWorld\3D World and stuff\3D Models\3Ds Max 500 Models And Textures\500_Modeles_HQ+Textures_FR_ZIP_by_SRC.powaa\DATA\TOOLS\ANEMOM\ANEMOM01.jpg,,,,,,
APER1,.jpg,1,3,3,0,829915,810.5 KB,S:\_POST_PRODUCTION\_VFX_ELEMENTS\3dWorld\3D World and stuff\3D Models\3Ds Max 500 Models And Textures\500_Modeles_HQ+Textures_FR_ZIP_by_SRC.powaa\DATA\TOOLS\APER1,S:\_POST_PRODUCTION\_VFX_ELEMENTS\3dWorld\3D World and stuff\3D Models\3Ds Max 500 Models And Textures\500_Modeles_HQ+Textures_FR_ZIP_by_SRC.powaa\DATA\TOOLS\APER1\APER1_01.jpg,,,,,,
APER3,.jpg,1,3,3,0,498164,486.5 KB,S:\_POST_PRODUCTION\_VFX_ELEMENTS\3dWorld\3D World and stuff\3D Models\3Ds Max 500 Models And Textures\500_Modeles_HQ+Textures_FR_ZIP_by_SRC.powaa\DATA\TOOLS\APER3,S:\_POST_PRODUCTION\_VFX_ELEMENTS\3dWorld\3D World and stuff\3D Models\3Ds Max 500 Models And Textures\500_Modeles_HQ+Textures_FR_ZIP_by_SRC.powaa\DATA\TOOLS\APER3\APER3_01.jpg,,,,,,
BALANC,.jpg,1,2,2,0,777424,759.2 KB,S:\_POST_PRODUCTION\_VFX_ELEMENTS\3dWorld\3D World and stuff\3D Models\3Ds Max 500 Models And Textures\500_Modeles_HQ+Textures_FR_ZIP_by_SRC.powaa\DATA\TOOLS\BALANCE,S:\_POST_PRODUCTION\_VFX_ELEMENTS\3dWorld\3D World and stuff\3D Models\3Ds Max 500 Models And Textures\500_Modeles_HQ+Textures_FR_ZIP_by_SRC.powaa\DATA\TOOLS\BALANCE\BALANC01.jpg,,,,,,
BALISO,.jpg,1,3,3,0,559744,546.6 KB,S:\_POST_PRODUCTION\_VFX_ELEMENTS\3dWorld\3D World and stuff\3D Models\3Ds Max 500 Models And Textures\500_Modeles_HQ+Textures_FR_ZIP_by_SRC.powaa\DATA\TOOLS\BALISONG,S:\_POST_PRODUCTION\_VFX_ELEMENTS\3dWorld\3D World and stuff\3D Models\3Ds Max 500 Models And Textures\500_Modeles_HQ+Textures_FR_ZIP_by_SRC.powaa\DATA\TOOLS\BALISONG\BALISO01.jpg,,,,,,
CALIPE,.jpg,1,3,3,0,838620,819.0 KB,S:\_POST_PRODUCTION\_VFX_ELEMENTS\3dWorld\3D World and stuff\3D Models\3Ds Max 500 Models And Textures\500_Modeles_HQ+Textures_FR_ZIP_by_SRC.powaa\DATA\TOOLS\CALIPER,S:\_POST_PRODUCTION\_VFX_ELEMENTS\3dWorld\3D World and stuff\3D Models\3Ds Max 500 Models And Textures\500_Modeles_HQ+Textures_FR_ZIP_by_SRC.powaa\DATA\TOOLS\CALIPER\CALIPE01.jpg,,,,,,
D9007C,.jpg,1,2,2,0,15241,14.9 KB,S:\_POST_PRODUCTION\_VFX_ELEMENTS\3dWorld\3D World and stuff\3D Models\3Ds Max 500 Models And Textures\500_Modeles_HQ+Textures_FR_ZIP_by_SRC.powaa\DATA\TOOLS\CALIPER\CALIPER,S:\_POST_PRODUCTION\_VFX_ELEMENTS\3dWorld\3D World and stuff\3D Models\3Ds Max 500 Models And Textures\500_Modeles_HQ+Textures_FR_ZIP_by_SRC.powaa\DATA\TOOLS\CALIPER\CALIPER\D9007C01.JPG,,,,,,
CHAPER,.jpg,1,3,3,0,547004,534.2 KB,S:\_POST_PRODUCTION\_VFX_ELEMENTS\3dWorld\3D World and stuff\3D Models\3Ds Max 500 Models And Textures\500_Modeles_HQ+Textures_FR_ZIP_by_SRC.powaa\DATA\TOOLS\CHAPERON,S:\_POST_PRODUCTION\_VFX_ELEMENTS\3dWorld\3D World and stuff\3D Models\3Ds Max 500 Models And Textures\500_Modeles_HQ+Textures_FR_ZIP_by_SRC.powaa\DATA\TOOLS\CHAPERON\CHAPER01.jpg,,,,,,
CORKSC,.jpg,1,3,3,0,664844,649.3 KB,S:\_POST_PRODUCTION\_VFX_ELEMENTS\3dWorld\3D World and stuff\3D Models\3Ds Max 500 Models And Textures\500_Modeles_HQ+Textures_FR_ZIP_by_SRC.powaa\DATA\TOOLS\CORKSCRE,S:\_POST_PRODUCTION\_VFX_ELEMENTS\3dWorld\3D World and stuff\3D Models\3Ds Max 500 Models And Textures\500_Modeles_HQ+Textures_FR_ZIP_by_SRC.powaa\DATA\TOOLS\CORKSCRE\CORKSC01.jpg,,,,,,
CUTEDI,.jpg,1,3,3,0,504272,492.5 KB,S:\_POST_PRODUCTION\_VFX_ELEMENTS\3dWorld\3D World and stuff\3D Models\3Ds Max 500 Models And Textures\500_Modeles_HQ+Textures_FR_ZIP_by_SRC.powaa\DATA\TOOLS\CUTEDIT,S:\_POST_PRODUCTION\_VFX_ELEMENTS\3dWorld\3D World and stuff\3D Models\3Ds Max 500 Models And Textures\500_Modeles_HQ+Textures_FR_ZIP_by_SRC.powaa\DATA\TOOLS\CUTEDIT\CUTEDI01.jpg,,,,,,
CUTTER,.jpg,1,3,3,0,619709,605.2 KB,S:\_POST_PRODUCTION\_VFX_ELEMENTS\3dWorld\3D World and stuff\3D Models\3Ds Max 500 Models And Textures\500_Modeles_HQ+Textures_FR_ZIP_by_SRC.powaa\DATA\TOOLS\CUTTER,S:\_POST_PRODUCTION\_VFX_ELEMENTS\3dWorld\3D World and stuff\3D Models\3Ds Max 500 Models And Textures\500_Modeles_HQ+Textures_FR_ZIP_by_SRC.powaa\DATA\TOOLS\CUTTER\CUTTER01.jpg,,,,,,
HAMMER,.jpg,1,3,3,0,544842,532.1 KB,S:\_POST_PRODUCTION\_VFX_ELEMENTS\3dWorld\3D World and stuff\3D Models\3Ds Max 500 Models And Textures\500_Modeles_HQ+Textures_FR_ZIP_by_SRC.powaa\DATA\TOOLS\HAMMER,S:\_POST_PRODUCTION\_VFX_ELEMENTS\3dWorld\3D World and stuff\3D Models\3Ds Max 500 Models And Textures\500_Modeles_HQ+Textures_FR_ZIP_by_SRC.powaa\DATA\TOOLS\HAMMER\HAMMER01.jpg,,,,,,
LIGHTE,.jpg,1,3,3,0,1488651,1.4 MB,S:\_POST_PRODUCTION\_VFX_ELEMENTS\3dWorld\3D World and stuff\3D Models\3Ds Max 500 Models And Textures\500_Modeles_HQ+Textures_FR_ZIP_by_SRC.powaa\DATA\TOOLS\LIGHTER,S:\_POST_PRODUCTION\_VFX_ELEMENTS\3dWorld\3D World and stuff\3D Models\3Ds Max 500 Models And Textures\500_Modeles_HQ+Textures_FR_ZIP_by_SRC.powaa\DATA\TOOLS\LIGHTER\LIGHTE01.jpg,,,,,,
PHILLI,.jpg,1,3,3,0,530520,518.1 KB,S:\_POST_PRODUCTION\_VFX_ELEMENTS\3dWorld\3D World and stuff\3D Models\3Ds Max 500 Models And Textures\500_Modeles_HQ+Textures_FR_ZIP_by_SRC.powaa\DATA\TOOLS\PHILLIPS,S:\_POST_PRODUCTION\_VFX_ELEMENTS\3dWorld\3D World and stuff\3D Models\3Ds Max 500 Models And Textures\500_Modeles_HQ+Textures_FR_ZIP_by_SRC.powaa\DATA\TOOLS\PHILLIPS\PHILLI01.jpg,,,,,,
PRESS,.jpg,1,3,3,0,688592,672.5 KB,S:\_POST_PRODUCTION\_VFX_ELEMENTS\3dWorld\3D World and stuff\3D Models\3Ds Max 500 Models And Textures\500_Modeles_HQ+Textures_FR_ZIP_by_SRC.powaa\DATA\TOOLS\PRESS,S:\_POST_PRODUCTION\_VFX_ELEMENTS\3dWorld\3D World and stuff\3D Models\3Ds Max 500 Models And Textures\500_Modeles_HQ+Textures_FR_ZIP_by_SRC.powaa\DATA\TOOLS\PRESS\PRESS_01.jpg,,,,,,
RANGER,.jpg,1,3,3,0,577162,563.6 KB,S:\_POST_PRODUCTION\_VFX_ELEMENTS\3dWorld\3D World and stuff\3D Models\3Ds Max 500 Models And Textures\500_Modeles_HQ+Textures_FR_ZIP_by_SRC.powaa\DATA\TOOLS\RANGER,S:\_POST_PRODUCTION\_VFX_ELEMENTS\3dWorld\3D World and stuff\3D Models\3Ds Max 500 Models And Textures\500_Modeles_HQ+Textures_FR_ZIP_by_SRC.powaa\DATA\TOOLS\RANGER\RANGER01.jpg,,,,,,
ROBSCR,.jpg,1,3,3,0,514578,502.5 KB,S:\_POST_PRODUCTION\_VFX_ELEMENTS\3dWorld\3D World and stuff\3D Models\3Ds Max 500 Models And Textures\500_Modeles_HQ+Textures_FR_ZIP_by_SRC.powaa\DATA\TOOLS\ROBSCREW,S:\_POST_PRODUCTION\_VFX_ELEMENTS\3dWorld\3D World and stuff\3D Models\3Ds Max 500 Models And Textures\500_Modeles_HQ+Textures_FR_ZIP_by_SRC.powaa\DATA\TOOLS\ROBSCREW\ROBSCR01.jpg,,,,,,
SCREWD,.jpg,1,3,3,0,521134,508.9 KB,S:\_POST_PRODUCTION\_VFX_ELEMENTS\3dWorld\3D World and stuff\3D Models\3Ds Max 500 Models And Textures\500_Modeles_HQ+Textures_FR_ZIP_by_SRC.powaa\DATA\TOOLS\SCREWDRI,S:\_POST_PRODUCTION\_VFX_ELEMENTS\3dWorld\3D World and stuff\3D Models\3Ds Max 500 Models And Textures\500_Modeles_HQ+Textures_FR_ZIP_by_SRC.powaa\DATA\TOOLS\SCREWDRI\SCREWD01.jpg,,,,,,
SILVER,.jpg,1,3,3,0,694976,678.7 KB,S:\_POST_PRODUCTION\_VFX_ELEMENTS\3dWorld\3D World and stuff\3D Models\3Ds Max 500 Models And Textures\500_Modeles_HQ+Textures_FR_ZIP_by_SRC.powaa\DATA\TOOLS\SILVERWA,S:\_POST_PRODUCTION\_VFX_ELEMENTS\3dWorld\3D World and stuff\3D Models\3Ds Max 500 Models And Textures\500_Modeles_HQ+Textures_FR_ZIP_by_SRC.powaa\DATA\TOOLS\SILVERWA\SILVER01.jpg,,,,,,
SYRING,.jpg,1,3,3,0,604767,590.6 KB,S:\_POST_PRODUCTION\_VFX_ELEMENTS\3dWorld\3D World and stuff\3D Models\3Ds Max 500 Models And Textures\500_Modeles_HQ+Textures_FR_ZIP_by_SRC.powaa\DATA\TOOLS\SYRINGE,S:\_POST_PRODUCTION\_VFX_ELEMENTS\3dWorld\3D World and stuff\3D Models\3Ds Max 500 Models And Textures\500_Modeles_HQ+Textures_FR_ZIP_by_SRC.powaa\DATA\TOOLS\SYRINGE\SYRING01.jpg,,,,,,
THACHU,.jpg,1,3,3,0,525710,513.4 KB,S:\_POST_PRODUCTION\_VFX_ELEMENTS\3dWorld\3D World and stuff\3D Models\3Ds Max 500 Models And Textures\500_Modeles_HQ+Textures_FR_ZIP_by_SRC.powaa\DATA\TOOLS\THACHUEL,S:\_POST_PRODUCTION\_VFX_ELEMENTS\3dWorld\3D World and stuff\3D Models\3Ds Max 500 Models And Textures\500_Modeles_HQ+Textures_FR_ZIP_by_SRC.powaa\DATA\TOOLS\THACHUEL\THACHU01.jpg,,,,,,
TMARCA,.jpg,1,3,3,0,606214,592.0 KB,S:\_POST_PRODUCTION\_VFX_ELEMENTS\3dWorld\3D World and stuff\3D Models\3Ds Max 500 Models And Textures\500_Modeles_HQ+Textures_FR_ZIP_by_SRC.powaa\DATA\TOOLS\TMARCAB,S:\_POST_PRODUCTION\_VFX_ELEMENTS\3dWorld\3D World and stuff\3D Models\3Ds Max 500 Models And Textures\500_Modeles_HQ+Textures_FR_ZIP_by_SRC.powaa\DATA\TOOLS\TMARCAB\TMARCA01.jpg,,,,,,
2_6_4,.jpg,1,3,3,0,826129,806.8 KB,S:\_POST_PRODUCTION\_VFX_ELEMENTS\3dWorld\3D World and stuff\3D Models\3Ds Max 500 Models And Textures\500_Modeles_HQ+Textures_FR_ZIP_by_SRC.powaa\DATA\TRAINS\2_6_4,S:\_POST_PRODUCTION\_VFX_ELEMENTS\3dWorld\3D World and stuff\3D Models\3Ds Max 500 Models And Textures\500_Modeles_HQ+Textures_FR_ZIP_by_SRC.powaa\DATA\TRAINS\2_6_4\2_6_4_01.jpg,,,,,,
AVEENG,.jpg,1,3,3,0,690564,674.4 KB,S:\_POST_PRODUCTION\_VFX_ELEMENTS\3dWorld\3D World and stuff\3D Models\3Ds Max 500 Models And Textures\500_Modeles_HQ+Textures_FR_ZIP_by_SRC.powaa\DATA\TRAINS\AVEENG,S:\_POST_PRODUCTION\_VFX_ELEMENTS\3dWorld\3D World and stuff\3D Models\3Ds Max 500 Models And Textures\500_Modeles_HQ+Textures_FR_ZIP_by_SRC.powaa\DATA\TRAINS\AVEENG\AVEENG01.jpg,,,,,,
BOXCAR,.jpg,1,3,3,0,731326,714.2 KB,S:\_POST_PRODUCTION\_VFX_ELEMENTS\3dWorld\3D World and stuff\3D Models\3Ds Max 500 Models And Textures\500_Modeles_HQ+Textures_FR_ZIP_by_SRC.powaa\DATA\TRAINS\BOXCAR,S:\_POST_PRODUCTION\_VFX_ELEMENTS\3dWorld\3D World and stuff\3D Models\3Ds Max 500 Models And Textures\500_Modeles_HQ+Textures_FR_ZIP_by_SRC.powaa\DATA\TRAINS\BOXCAR\BOXCAR01.jpg,,,,,,
EMDSD,.jpg,401,403,3,0,782178,763.8 KB,S:\_POST_PRODUCTION\_VFX_ELEMENTS\3dWorld\3D World and stuff\3D Models\3Ds Max 500 Models And Textures\500_Modeles_HQ+Textures_FR_ZIP_by_SRC.powaa\DATA\TRAINS\EMDSD40,S:\_POST_PRODUCTION\_VFX_ELEMENTS\3dWorld\3D World and stuff\3D Models\3Ds Max 500 Models And Textures\500_Modeles_HQ+Textures_FR_ZIP_by_SRC.powaa\DATA\TRAINS\EMDSD40\EMDSD401.jpg,,,,,,
GALPT,.jpg,1,3,3,0,742062,724.7 KB,S:\_POST_PRODUCTION\_VFX_ELEMENTS\3dWorld\3D World and stuff\3D Models\3Ds Max 500 Models And Textures\500_Modeles_HQ+Textures_FR_ZIP_by_SRC.powaa\DATA\TRAINS\GALPT,S:\_POST_PRODUCTION\_VFX_ELEMENTS\3dWorld\3D World and stuff\3D Models\3Ds Max 500 Models And Textures\500_Modeles_HQ+Textures_FR_ZIP_by_SRC.powaa\DATA\TRAINS\GALPT\GALPT_01.jpg,,,,,,
GOODSV,.jpg,1,3,3,0,624170,609.5 KB,S:\_POST_PRODUCTION\_VFX_ELEMENTS\3dWorld\3D World and stuff\3D Models\3Ds Max 500 Models And Textures\500_Modeles_HQ+Textures_FR_ZIP_by_SRC.powaa\DATA\TRAINS\GOODSVAN,S:\_POST_PRODUCTION\_VFX_ELEMENTS\3dWorld\3D World and stuff\3D Models\3Ds Max 500 Models And Textures\500_Modeles_HQ+Textures_FR_ZIP_by_SRC.powaa\DATA\TRAINS\GOODSVAN\GOODSV01.jpg,,,,,,
PSTWG,.jpg,1,3,3,0,766592,748.6 KB,S:\_POST_PRODUCTION\_VFX_ELEMENTS\3dWorld\3D World and stuff\3D Models\3Ds Max 500 Models And Textures\500_Modeles_HQ+Textures_FR_ZIP_by_SRC.powaa\DATA\TRAINS\PSTWG,S:\_POST_PRODUCTION\_VFX_ELEMENTS\3dWorld\3D World and stuff\3D Models\3Ds Max 500 Models And Textures\500_Modeles_HQ+Textures_FR_ZIP_by_SRC.powaa\DATA\TRAINS\PSTWG\PSTWG_01.jpg,,,,,,
THEGE,.jpg,1,3,3,0,831024,811.5 KB,S:\_POST_PRODUCTION\_VFX_ELEMENTS\3dWorld\3D World and stuff\3D Models\3Ds Max 500 Models And Textures\500_Modeles_HQ+Textures_FR_ZIP_by_SRC.powaa\DATA\TRAINS\THEGE,S:\_POST_PRODUCTION\_VFX_ELEMENTS\3dWorld\3D World and stuff\3D Models\3Ds Max 500 Models And Textures\500_Modeles_HQ+Textures_FR_ZIP_by_SRC.powaa\DATA\TRAINS\THEGE\THEGE_01.jpg,,,,,,
VLC75,.jpg,1,3,3,0,656086,640.7 KB,S:\_POST_PRODUCTION\_VFX_ELEMENTS\3dWorld\3D World and stuff\3D Models\3Ds Max 500 Models And Textures\500_Modeles_HQ+Textures_FR_ZIP_by_SRC.powaa\DATA\TRAINS\VLC75,S:\_POST_PRODUCTION\_VFX_ELEMENTS\3dWorld\3D World and stuff\3D Models\3Ds Max 500 Models And Textures\500_Modeles_HQ+Textures_FR_ZIP_by_SRC.powaa\DATA\TRAINS\VLC75\VLC75_01.jpg,,,,,,
WAGC,.jpg,1,3,3,0,711423,694.7 KB,S:\_POST_PRODUCTION\_VFX_ELEMENTS\3dWorld\3D World and stuff\3D Models\3Ds Max 500 Models And Textures\500_Modeles_HQ+Textures_FR_ZIP_by_SRC.powaa\DATA\TRAINS\WAGC,S:\_POST_PRODUCTION\_VFX_ELEMENTS\3dWorld\3D World and stuff\3D Models\3Ds Max 500 Models And Textures\500_Modeles_HQ+Textures_FR_ZIP_by_SRC.powaa\DATA\TRAINS\WAGC\WAGC_01.jpg,,,,,,
ARM_EL,.jpg,1,3,3,0,768970,750.9 KB,S:\_POST_PRODUCTION\_VFX_ELEMENTS\3dWorld\3D World and stuff\3D Models\3Ds Max 500 Models And Textures\500_Modeles_HQ+Textures_FR_ZIP_by_SRC.powaa\DATA\TRUCKS\ARM_ELE,S:\_POST_PRODUCTION\_VFX_ELEMENTS\3dWorld\3D World and stuff\3D Models\3Ds Max 500 Models And Textures\500_Modeles_HQ+Textures_FR_ZIP_by_SRC.powaa\DATA\TRUCKS\ARM_ELE\ARM_EL01.jpg,,,,,,
BLITZ,.jpg,1,3,3,0,659181,643.7 KB,S:\_POST_PRODUCTION\_VFX_ELEMENTS\3dWorld\3D World and stuff\3D Models\3Ds Max 500 Models And Textures\500_Modeles_HQ+Textures_FR_ZIP_by_SRC.powaa\DATA\TRUCKS\BLITZ,S:\_POST_PRODUCTION\_VFX_ELEMENTS\3dWorld\3D World and stuff\3D Models\3Ds Max 500 Models And Textures\500_Modeles_HQ+Textures_FR_ZIP_by_SRC.powaa\DATA\TRUCKS\BLITZ\BLITZ_01.jpg,,,,,,
BUSAEC,.jpg,1,3,3,0,833900,814.4 KB,S:\_POST_PRODUCTION\_VFX_ELEMENTS\3dWorld\3D World and stuff\3D Models\3Ds Max 500 Models And Textures\500_Modeles_HQ+Textures_FR_ZIP_by_SRC.powaa\DATA\TRUCKS\BUSAEC,S:\_POST_PRODUCTION\_VFX_ELEMENTS\3dWorld\3D World and stuff\3D Models\3Ds Max 500 Models And Textures\500_Modeles_HQ+Textures_FR_ZIP_by_SRC.powaa\DATA\TRUCKS\BUSAEC\BUSAEC01.jpg,,,,,,
CHRIST,.jpg,1,3,3,0,951699,929.4 KB,S:\_POST_PRODUCTION\_VFX_ELEMENTS\3dWorld\3D World and stuff\3D Models\3Ds Max 500 Models And Textures\500_Modeles_HQ+Textures_FR_ZIP_by_SRC.powaa\DATA\TRUCKS\CHRISTIE,S:\_POST_PRODUCTION\_VFX_ELEMENTS\3dWorld\3D World and stuff\3D Models\3Ds Max 500 Models And Textures\500_Modeles_HQ+Textures_FR_ZIP_by_SRC.powaa\DATA\TRUCKS\CHRISTIE\CHRIST01.jpg,,,,,,
DENNIS,.jpg,1,3,3,0,859814,839.7 KB,S:\_POST_PRODUCTION\_VFX_ELEMENTS\3dWorld\3D World and stuff\3D Models\3Ds Max 500 Models And Textures\500_Modeles_HQ+Textures_FR_ZIP_by_SRC.powaa\DATA\TRUCKS\DENNIS,S:\_POST_PRODUCTION\_VFX_ELEMENTS\3dWorld\3D World and stuff\3D Models\3Ds Max 500 Models And Textures\500_Modeles_HQ+Textures_FR_ZIP_by_SRC.powaa\DATA\TRUCKS\DENNIS\DENNIS01.jpg,,,,,,
DUMP,.jpg,1,3,3,0,616422,602.0 KB,S:\_POST_PRODUCTION\_VFX_ELEMENTS\3dWorld\3D World and stuff\3D Models\3Ds Max 500 Models And Textures\500_Modeles_HQ+Textures_FR_ZIP_by_SRC.powaa\DATA\TRUCKS\DUMP,S:\_POST_PRODUCTION\_VFX_ELEMENTS\3dWorld\3D World and stuff\3D Models\3Ds Max 500 Models And Textures\500_Modeles_HQ+Textures_FR_ZIP_by_SRC.powaa\DATA\TRUCKS\DUMP\DUMP_01.jpg,,,,,,
EMT,.jpg,1,3,3,0,658385,643.0 KB,S:\_POST_PRODUCTION\_VFX_ELEMENTS\3dWorld\3D World and stuff\3D Models\3Ds Max 500 Models And Textures\500_Modeles_HQ+Textures_FR_ZIP_by_SRC.powaa\DATA\TRUCKS\EMT,S:\_POST_PRODUCTION\_VFX_ELEMENTS\3dWorld\3D World and stuff\3D Models\3Ds Max 500 Models And Textures\500_Modeles_HQ+Textures_FR_ZIP_by_SRC.powaa\DATA\TRUCKS\EMT\EMT_01.jpg,,,,,,
JTTRAI,.jpg,1,3,3,0,719876,703.0 KB,S:\_POST_PRODUCTION\_VFX_ELEMENTS\3dWorld\3D World and stuff\3D Models\3Ds Max 500 Models And Textures\500_Modeles_HQ+Textures_FR_ZIP_by_SRC.powaa\DATA\TRUCKS\JTTRAIL,S:\_POST_PRODUCTION\_VFX_ELEMENTS\3dWorld\3D World and stuff\3D Models\3Ds Max 500 Models And Textures\500_Modeles_HQ+Textures_FR_ZIP_by_SRC.powaa\DATA\TRUCKS\JTTRAIL\JTTRAI01.jpg,,,,,,
LEYLAN,.jpg,1,3,3,0,677306,661.4 KB,S:\_POST_PRODUCTION\_VFX_ELEMENTS\3dWorld\3D World and stuff\3D Models\3Ds Max 500 Models And Textures\500_Modeles_HQ+Textures_FR_ZIP_by_SRC.powaa\DATA\TRUCKS\LEYLAND,S:\_POST_PRODUCTION\_VFX_ELEMENTS\3dWorld\3D World and stuff\3D Models\3Ds Max 500 Models And Textures\500_Modeles_HQ+Textures_FR_ZIP_by_SRC.powaa\DATA\TRUCKS\LEYLAND\LEYLAN01.jpg,,,,,,
MACKR,.jpg,1,3,3,0,768777,750.8 KB,S:\_POST_PRODUCTION\_VFX_ELEMENTS\3dWorld\3D World and stuff\3D Models\3Ds Max 500 Models And Textures\500_Modeles_HQ+Textures_FR_ZIP_by_SRC.powaa\DATA\TRUCKS\MACKR,S:\_POST_PRODUCTION\_VFX_ELEMENTS\3dWorld\3D World and stuff\3D Models\3Ds Max 500 Models And Textures\500_Modeles_HQ+Textures_FR_ZIP_by_SRC.powaa\DATA\TRUCKS\MACKR\MACKR_01.jpg,,,,,,
MAGNUM,.jpg,1,3,3,0,633748,618.9 KB,S:\_POST_PRODUCTION\_VFX_ELEMENTS\3dWorld\3D World and stuff\3D Models\3Ds Max 500 Models And Textures\500_Modeles_HQ+Textures_FR_ZIP_by_SRC.powaa\DATA\TRUCKS\MAGNUM,S:\_POST_PRODUCTION\_VFX_ELEMENTS\3dWorld\3D World and stuff\3D Models\3Ds Max 500 Models And Textures\500_Modeles_HQ+Textures_FR_ZIP_by_SRC.powaa\DATA\TRUCKS\MAGNUM\MAGNUM01.jpg,,,,,,
MTRAIL,.jpg,1,3,3,0,716859,700.1 KB,S:\_POST_PRODUCTION\_VFX_ELEMENTS\3dWorld\3D World and stuff\3D Models\3Ds Max 500 Models And Textures\500_Modeles_HQ+Textures_FR_ZIP_by_SRC.powaa\DATA\TRUCKS\MTRAILER,S:\_POST_PRODUCTION\_VFX_ELEMENTS\3dWorld\3D World and stuff\3D Models\3Ds Max 500 Models And Textures\500_Modeles_HQ+Textures_FR_ZIP_by_SRC.powaa\DATA\TRUCKS\MTRAILER\MTRAIL01.jpg,,,,,,
OMNI,.jpg,1,3,3,0,886817,866.0 KB,S:\_POST_PRODUCTION\_VFX_ELEMENTS\3dWorld\3D World and stuff\3D Models\3Ds Max 500 Models And Textures\500_Modeles_HQ+Textures_FR_ZIP_by_SRC.powaa\DATA\TRUCKS\OMNI,S:\_POST_PRODUCTION\_VFX_ELEMENTS\3dWorld\3D World and stuff\3D Models\3Ds Max 500 Models And Textures\500_Modeles_HQ+Textures_FR_ZIP_by_SRC.powaa\DATA\TRUCKS\OMNI\OMNI_01.jpg,,,,,,
OMNTEX,.tif,10,13,4,0,172628,168.6 KB,S:\_POST_PRODUCTION\_VFX_ELEMENTS\3dWorld\3D World and stuff\3D Models\3Ds Max 500 Models And Textures\500_Modeles_HQ+Textures_FR_ZIP_by_SRC.powaa\DATA\TRUCKS\OMNI\OMNI,S:\_POST_PRODUCTION\_VFX_ELEMENTS\3dWorld\3D World and stuff\3D Models\3Ds Max 500 Models And Textures\500_Modeles_HQ+Textures_FR_ZIP_by_SRC.powaa\DATA\TRUCKS\OMNI\OMNI\OMNTEX10.TIF,,,,,,
PETERB,.jpg,1,3,3,0,842576,822.8 KB,S:\_POST_PRODUCTION\_VFX_ELEMENTS\3dWorld\3D World and stuff\3D Models\3Ds Max 500 Models And Textures\500_Modeles_HQ+Textures_FR_ZIP_by_SRC.powaa\DATA\TRUCKS\PETERBIL,S:\_POST_PRODUCTION\_VFX_ELEMENTS\3dWorld\3D World and stuff\3D Models\3Ds Max 500 Models And Textures\500_Modeles_HQ+Textures_FR_ZIP_by_SRC.powaa\DATA\TRUCKS\PETERBIL\PETERB01.jpg,,,,,,
POMPIE,.jpg,1,3,3,0,865097,844.8 KB,S:\_POST_PRODUCTION\_VFX_ELEMENTS\3dWorld\3D World and stuff\3D Models\3Ds Max 500 Models And Textures\500_Modeles_HQ+Textures_FR_ZIP_by_SRC.powaa\DATA\TRUCKS\POMPIER,S:\_POST_PRODUCTION\_VFX_ELEMENTS\3dWorld\3D World and stuff\3D Models\3Ds Max 500 Models And Textures\500_Modeles_HQ+Textures_FR_ZIP_by_SRC.powaa\DATA\TRUCKS\POMPIER\POMPIE01.jpg,,,,,,
PUMPER,.jpg,1,3,3,0,923844,902.2 KB,S:\_POST_PRODUCTION\_VFX_ELEMENTS\3dWorld\3D World and stuff\3D Models\3Ds Max 500 Models And Textures\500_Modeles_HQ+Textures_FR_ZIP_by_SRC.powaa\DATA\TRUCKS\PUMPER,S:\_POST_PRODUCTION\_VFX_ELEMENTS\3dWorld\3D World and stuff\3D Models\3Ds Max 500 Models And Textures\500_Modeles_HQ+Textures_FR_ZIP_by_SRC.powaa\DATA\TRUCKS\PUMPER\PUMPER01.jpg,,,,,,
RTN6C,.jpg,1,3,3,0,681815,665.8 KB,S:\_POST_PRODUCTION\_VFX_ELEMENTS\3dWorld\3D World and stuff\3D Models\3Ds Max 500 Models And Textures\500_Modeles_HQ+Textures_FR_ZIP_by_SRC.powaa\DATA\TRUCKS\RTN6C,S:\_POST_PRODUCTION\_VFX_ELEMENTS\3dWorld\3D World and stuff\3D Models\3Ds Max 500 Models And Textures\500_Modeles_HQ+Textures_FR_ZIP_by_SRC.powaa\DATA\TRUCKS\RTN6C\RTN6C_01.jpg,,,,,,
SEMI_T,.jpg,1,3,3,0,665962,650.4 KB,S:\_POST_PRODUCTION\_VFX_ELEMENTS\3dWorld\3D World and stuff\3D Models\3Ds Max 500 Models And Textures\500_Modeles_HQ+Textures_FR_ZIP_by_SRC.powaa\DATA\TRUCKS\SEMI_T,S:\_POST_PRODUCTION\_VFX_ELEMENTS\3dWorld\3D World and stuff\3D Models\3Ds Max 500 Models And Textures\500_Modeles_HQ+Textures_FR_ZIP_by_SRC.powaa\DATA\TRUCKS\SEMI_T\SEMI_T01.jpg,,,,,,
TRAILE,.jpg,1,3,3,0,799591,780.9 KB,S:\_POST_PRODUCTION\_VFX_ELEMENTS\3dWorld\3D World and stuff\3D Models\3Ds Max 500 Models And Textures\500_Modeles_HQ+Textures_FR_ZIP_by_SRC.powaa\DATA\TRUCKS\TRAILER2,S:\_POST_PRODUCTION\_VFX_ELEMENTS\3dWorld\3D World and stuff\3D Models\3Ds Max 500 Models And Textures\500_Modeles_HQ+Textures_FR_ZIP_by_SRC.powaa\DATA\TRUCKS\TRAILER2\TRAILE01.jpg,,,,,,
MAPA,.jpg,1,4,4,0,84349,82.4 KB,S:\_POST_PRODUCTION\_VFX_ELEMENTS\3dWorld\3D World and stuff\3D Models\3Ds Max 500 Models And Textures\500_Modeles_HQ+Textures_FR_ZIP_by_SRC.powaa\DATA\TRUCKS\TRAILER2\TRAILER2,S:\_POST_PRODUCTION\_VFX_ELEMENTS\3dWorld\3D World and stuff\3D Models\3Ds Max 500 Models And Textures\500_Modeles_HQ+Textures_FR_ZIP_by_SRC.powaa\DATA\TRUCKS\TRAILER2\TRAILER2\MAPA01.JPG,,,,,,
TRUK,.jpg,1,3,3,0,694705,678.4 KB,S:\_POST_PRODUCTION\_VFX_ELEMENTS\3dWorld\3D World and stuff\3D Models\3Ds Max 500 Models And Textures\500_Modeles_HQ+Textures_FR_ZIP_by_SRC.powaa\DATA\TRUCKS\TRUK,S:\_POST_PRODUCTION\_VFX_ELEMENTS\3dWorld\3D World and stuff\3D Models\3Ds Max 500 Models And Textures\500_Modeles_HQ+Textures_FR_ZIP_by_SRC.powaa\DATA\TRUCKS\TRUK\TRUK_01.jpg,,,,,,
TRUKK,.jpg,1,3,3,0,848284,828.4 KB,S:\_POST_PRODUCTION\_VFX_ELEMENTS\3dWorld\3D World and stuff\3D Models\3Ds Max 500 Models And Textures\500_Modeles_HQ+Textures_FR_ZIP_by_SRC.powaa\DATA\TRUCKS\TRUKK,S:\_POST_PRODUCTION\_VFX_ELEMENTS\3dWorld\3D World and stuff\3D Models\3Ds Max 500 Models And Textures\500_Modeles_HQ+Textures_FR_ZIP_by_SRC.powaa\DATA\TRUCKS\TRUKK\TRUKK_01.jpg,,,,,,
VOLVOF,.jpg,1,3,3,0,710810,694.2 KB,S:\_POST_PRODUCTION\_VFX_ELEMENTS\3dWorld\3D World and stuff\3D Models\3Ds Max 500 Models And Textures\500_Modeles_HQ+Textures_FR_ZIP_by_SRC.powaa\DATA\TRUCKS\VOLVOF,S:\_POST_PRODUCTION\_VFX_ELEMENTS\3dWorld\3D World and stuff\3D Models\3Ds Max 500 Models And Textures\500_Modeles_HQ+Textures_FR_ZIP_by_SRC.powaa\DATA\TRUCKS\VOLVOF\VOLVOF01.jpg,,,,,,
ZIS5,.jpg,1,3,3,0,711322,694.7 KB,S:\_POST_PRODUCTION\_VFX_ELEMENTS\3dWorld\3D World and stuff\3D Models\3Ds Max 500 Models And Textures\500_Modeles_HQ+Textures_FR_ZIP_by_SRC.powaa\DATA\TRUCKS\ZIS5,S:\_POST_PRODUCTION\_VFX_ELEMENTS\3dWorld\3D World and stuff\3D Models\3Ds Max 500 Models And Textures\500_Modeles_HQ+Textures_FR_ZIP_by_SRC.powaa\DATA\TRUCKS\ZIS5\ZIS5_01.jpg,,,,,,
ARCH,.jpg,1,3,3,0,813585,794.5 KB,S:\_POST_PRODUCTION\_VFX_ELEMENTS\3dWorld\3D World and stuff\3D Models\3Ds Max 500 Models And Textures\500_Modeles_HQ+Textures_FR_ZIP_by_SRC.powaa\DATA\URBAN_FU\ARCH,S:\_POST_PRODUCTION\_VFX_ELEMENTS\3dWorld\3D World and stuff\3D Models\3Ds Max 500 Models And Textures\500_Modeles_HQ+Textures_FR_ZIP_by_SRC.powaa\DATA\URBAN_FU\ARCH\ARCH_01.jpg,,,,,,
ARCO,.jpg,101,103,3,0,948139,925.9 KB,S:\_POST_PRODUCTION\_VFX_ELEMENTS\3dWorld\3D World and stuff\3D Models\3Ds Max 500 Models And Textures\500_Modeles_HQ+Textures_FR_ZIP_by_SRC.powaa\DATA\URBAN_FU\ARCO_1,S:\_POST_PRODUCTION\_VFX_ELEMENTS\3dWorld\3D World and stuff\3D Models\3Ds Max 500 Models And Textures\500_Modeles_HQ+Textures_FR_ZIP_by_SRC.powaa\DATA\URBAN_FU\ARCO_1\ARCO_101.jpg,,,,,,
BENCH,.jpg,101,103,3,0,793081,774.5 KB,S:\_POST_PRODUCTION\_VFX_ELEMENTS\3dWorld\3D World and stuff\3D Models\3Ds Max 500 Models And Textures\500_Modeles_HQ+Textures_FR_ZIP_by_SRC.powaa\DATA\URBAN_FU\BENCH1,S:\_POST_PRODUCTION\_VFX_ELEMENTS\3dWorld\3D World and stuff\3D Models\3Ds Max 500 Models And Textures\500_Modeles_HQ+Textures_FR_ZIP_by_SRC.powaa\DATA\URBAN_FU\BENCH1\BENCH101.jpg,,,,,,
BENCH,.jpg,201,203,3,0,852216,832.2 KB,S:\_POST_PRODUCTION\_VFX_ELEMENTS\3dWorld\3D World and stuff\3D Models\3Ds Max 500 Models And Textures\500_Modeles_HQ+Textures_FR_ZIP_by_SRC.powaa\DATA\URBAN_FU\BENCH2,S:\_POST_PRODUCTION\_VFX_ELEMENTS\3dWorld\3D World and stuff\3D Models\3Ds Max 500 Models And Textures\500_Modeles_HQ+Textures_FR_ZIP_by_SRC.powaa\DATA\URBAN_FU\BENCH2\BENCH201.jpg,,,,,,
BENCH,.jpg,301,303,3,0,675690,659.9 KB,S:\_POST_PRODUCTION\_VFX_ELEMENTS\3dWorld\3D World and stuff\3D Models\3Ds Max 500 Models And Textures\500_Modeles_HQ+Textures_FR_ZIP_by_SRC.powaa\DATA\URBAN_FU\BENCH3,S:\_POST_PRODUCTION\_VFX_ELEMENTS\3dWorld\3D World and stuff\3D Models\3Ds Max 500 Models And Textures\500_Modeles_HQ+Textures_FR_ZIP_by_SRC.powaa\DATA\URBAN_FU\BENCH3\BENCH301.jpg,,,,,,
BENCH,.jpg,401,403,3,0,780335,762.0 KB,S:\_POST_PRODUCTION\_VFX_ELEMENTS\3dWorld\3D World and stuff\3D Models\3Ds Max 500 Models And Textures\500_Modeles_HQ+Textures_FR_ZIP_by_SRC.powaa\DATA\URBAN_FU\BENCH4,S:\_POST_PRODUCTION\_VFX_ELEMENTS\3dWorld\3D World and stuff\3D Models\3Ds Max 500 Models And Textures\500_Modeles_HQ+Textures_FR_ZIP_by_SRC.powaa\DATA\URBAN_FU\BENCH4\BENCH401.jpg,,,,,,
ICECRE,.jpg,1,3,3,0,667065,651.4 KB,S:\_POST_PRODUCTION\_VFX_ELEMENTS\3dWorld\3D World and stuff\3D Models\3Ds Max 500 Models And Textures\500_Modeles_HQ+Textures_FR_ZIP_by_SRC.powaa\DATA\URBAN_FU\ICECREAM,S:\_POST_PRODUCTION\_VFX_ELEMENTS\3dWorld\3D World and stuff\3D Models\3Ds Max 500 Models And Textures\500_Modeles_HQ+Textures_FR_ZIP_by_SRC.powaa\DATA\URBAN_FU\ICECREAM\ICECRE01.jpg,,,,,,
PAPELE,.jpg,1,3,3,0,456956,446.2 KB,S:\_POST_PRODUCTION\_VFX_ELEMENTS\3dWorld\3D World and stuff\3D Models\3Ds Max 500 Models And Textures\500_Modeles_HQ+Textures_FR_ZIP_by_SRC.powaa\DATA\URBAN_FU\PAPELERA,S:\_POST_PRODUCTION\_VFX_ELEMENTS\3dWorld\3D World and stuff\3D Models\3Ds Max 500 Models And Textures\500_Modeles_HQ+Textures_FR_ZIP_by_SRC.powaa\DATA\URBAN_FU\PAPELERA\PAPELE01.jpg,,,,,,
PARALE,.jpg,1,3,3,0,582393,568.7 KB,S:\_POST_PRODUCTION\_VFX_ELEMENTS\3dWorld\3D World and stuff\3D Models\3Ds Max 500 Models And Textures\500_Modeles_HQ+Textures_FR_ZIP_by_SRC.powaa\DATA\URBAN_FU\PARALEL,S:\_POST_PRODUCTION\_VFX_ELEMENTS\3dWorld\3D World and stuff\3D Models\3Ds Max 500 Models And Textures\500_Modeles_HQ+Textures_FR_ZIP_by_SRC.powaa\DATA\URBAN_FU\PARALEL\PARALE01.jpg,,,,,,
SEASAW,.jpg,1,3,3,0,627821,613.1 KB,S:\_POST_PRODUCTION\_VFX_ELEMENTS\3dWorld\3D World and stuff\3D Models\3Ds Max 500 Models And Textures\500_Modeles_HQ+Textures_FR_ZIP_by_SRC.powaa\DATA\URBAN_FU\SEASAW,S:\_POST_PRODUCTION\_VFX_ELEMENTS\3dWorld\3D World and stuff\3D Models\3Ds Max 500 Models And Textures\500_Modeles_HQ+Textures_FR_ZIP_by_SRC.powaa\DATA\URBAN_FU\SEASAW\SEASAW01.jpg,,,,,,
SLIDE,.jpg,1,3,3,0,781575,763.3 KB,S:\_POST_PRODUCTION\_VFX_ELEMENTS\3dWorld\3D World and stuff\3D Models\3Ds Max 500 Models And Textures\500_Modeles_HQ+Textures_FR_ZIP_by_SRC.powaa\DATA\URBAN_FU\SLIDE,S:\_POST_PRODUCTION\_VFX_ELEMENTS\3dWorld\3D World and stuff\3D Models\3Ds Max 500 Models And Textures\500_Modeles_HQ+Textures_FR_ZIP_by_SRC.powaa\DATA\URBAN_FU\SLIDE\SLIDE_01.jpg,,,,,,
STAIR,.jpg,1,3,3,0,706840,690.3 KB,S:\_POST_PRODUCTION\_VFX_ELEMENTS\3dWorld\3D World and stuff\3D Models\3Ds Max 500 Models And Textures\500_Modeles_HQ+Textures_FR_ZIP_by_SRC.powaa\DATA\URBAN_FU\STAIR,S:\_POST_PRODUCTION\_VFX_ELEMENTS\3dWorld\3D World and stuff\3D Models\3Ds Max 500 Models And Textures\500_Modeles_HQ+Textures_FR_ZIP_by_SRC.powaa\DATA\URBAN_FU\STAIR\STAIR_01.jpg,,,,,,
VELATE,.jpg,1,3,3,0,970875,948.1 KB,S:\_POST_PRODUCTION\_VFX_ELEMENTS\3dWorld\3D World and stuff\3D Models\3Ds Max 500 Models And Textures\500_Modeles_HQ+Textures_FR_ZIP_by_SRC.powaa\DATA\URBAN_FU\VELATE,S:\_POST_PRODUCTION\_VFX_ELEMENTS\3dWorld\3D World and stuff\3D Models\3Ds Max 500 Models And Textures\500_Modeles_HQ+Textures_FR_ZIP_by_SRC.powaa\DATA\URBAN_FU\VELATE\VELATE01.jpg,,,,,,
VICTOR,.jpg,1,3,3,0,1521478,1.5 MB,S:\_POST_PRODUCTION\_VFX_ELEMENTS\3dWorld\3D World and stuff\3D Models\3Ds Max 500 Models And Textures\500_Modeles_HQ+Textures_FR_ZIP_by_SRC.powaa\DATA\URBAN_FU\VICTOR2,S:\_POST_PRODUCTION\_VFX_ELEMENTS\3dWorld\3D World and stuff\3D Models\3Ds Max 500 Models And Textures\500_Modeles_HQ+Textures_FR_ZIP_by_SRC.powaa\DATA\URBAN_FU\VICTOR2\VICTOR01.jpg,,,,,,
TOWNH,.jpg,101,201,2,99,1157715,1.1 MB,S:\_POST_PRODUCTION\_VFX_ELEMENTS\3dWorld\3D World and stuff\3D Models\3Ds Max 500 Models And Textures\500_Modeles_HQ+Textures_FR_ZIP_by_SRC.powaa\Gallerie\Architecture,S:\_POST_PRODUCTION\_VFX_ELEMENTS\3dWorld\3D World and stuff\3D Models\3Ds Max 500 Models And Textures\500_Modeles_HQ+Textures_FR_ZIP_by_SRC.powaa\Gallerie\Architecture\TOWNH101.jpg,,,,,,
LAMPA,.jpg,301,401,2,99,608336,594.1 KB,S:\_POST_PRODUCTION\_VFX_ELEMENTS\3dWorld\3D World and stuff\3D Models\3Ds Max 500 Models And Textures\500_Modeles_HQ+Textures_FR_ZIP_by_SRC.powaa\Gallerie\Autres,S:\_POST_PRODUCTION\_VFX_ELEMENTS\3dWorld\3D World and stuff\3D Models\3Ds Max 500 Models And Textures\500_Modeles_HQ+Textures_FR_ZIP_by_SRC.powaa\Gallerie\Autres\LAMPA301.jpg,,,,,,
FOKED,.jpg,101,701,2,599,733523,716.3 KB,S:\_POST_PRODUCTION\_VFX_ELEMENTS\3dWorld\3D World and stuff\3D Models\3Ds Max 500 Models And Textures\500_Modeles_HQ+Textures_FR_ZIP_by_SRC.powaa\Gallerie\Avions,S:\_POST_PRODUCTION\_VFX_ELEMENTS\3dWorld\3D World and stuff\3D Models\3Ds Max 500 Models And Textures\500_Modeles_HQ+Textures_FR_ZIP_by_SRC.powaa\Gallerie\Avions\FOKED101.jpg,,,,,,
camera tracking,.jpg,1,4,4,0,13906515,13.3 MB,S:\_POST_PRODUCTION\_VFX_ELEMENTS\3dWorld\3D World and stuff\3dWrldCmraTrckArticle,S:\_POST_PRODUCTION\_VFX_ELEMENTS\3dWorld\3D World and stuff\3dWrldCmraTrckArticle\camera tracking01.jpg,,,,,,
._DSC,.jpg,544,1403,4,856,16384,16.0 KB,S:\_POST_PRODUCTION\_VFX_ELEMENTS\3dWorld\3D World and stuff\3dw_124\DiscContents\resources\texturespace\Data\TextureSpace Textures\Moss,S:\_POST_PRODUCTION\_VFX_ELEMENTS\3dWorld\3D World and stuff\3dw_124\DiscContents\resources\texturespace\Data\TextureSpace Textures\Moss\._DSC_0544.jpg,,,,,,
DSC,.jpg,544,1403,4,856,17571557,16.8 MB,S:\_POST_PRODUCTION\_VFX_ELEMENTS\3dWorld\3D World and stuff\3dw_124\DiscContents\resources\texturespace\Data\TextureSpace Textures\Moss,S:\_POST_PRODUCTION\_VFX_ELEMENTS\3dWorld\3D World and stuff\3dw_124\DiscContents\resources\texturespace\Data\TextureSpace Textures\Moss\DSC_0544.jpg,,,,,,
._IMG,.jpg,745,1212,4,464,16384,16.0 KB,S:\_POST_PRODUCTION\_VFX_ELEMENTS\3dWorld\3D World and stuff\3dw_124\DiscContents\resources\texturespace\Data\TextureSpace Textures\Stones,S:\_POST_PRODUCTION\_VFX_ELEMENTS\3dWorld\3D World and stuff\3dw_124\DiscContents\resources\texturespace\Data\TextureSpace Textures\Stones\._IMG_0745.jpg,,,,,,
IMG,.jpg,745,1212,4,464,13088158,12.5 MB,S:\_POST_PRODUCTION\_VFX_ELEMENTS\3dWorld\3D World and stuff\3dw_124\DiscContents\resources\texturespace\Data\TextureSpace Textures\Stones,S:\_POST_PRODUCTION\_VFX_ELEMENTS\3dWorld\3D World and stuff\3dw_124\DiscContents\resources\texturespace\Data\TextureSpace Textures\Stones\IMG_0745.jpg,,,,,,
._DSC,.jpg,1630,1690,3,58,12288,12.0 KB,S:\_POST_PRODUCTION\_VFX_ELEMENTS\3dWorld\3D World and stuff\3dw_124\DiscContents\resources\texturespace\Data\TextureSpace Textures\Trees,S:\_POST_PRODUCTION\_VFX_ELEMENTS\3dWorld\3D World and stuff\3dw_124\DiscContents\resources\texturespace\Data\TextureSpace Textures\Trees\._DSC_1630.jpg,,,,,,
DSC,.jpg,1630,1690,3,58,5553548,5.3 MB,S:\_POST_PRODUCTION\_VFX_ELEMENTS\3dWorld\3D World and stuff\3dw_124\DiscContents\resources\texturespace\Data\TextureSpace Textures\Trees,S:\_POST_PRODUCTION\_VFX_ELEMENTS\3dWorld\3D World and stuff\3dw_124\DiscContents\resources\texturespace\Data\TextureSpace Textures\Trees\DSC_1630.jpg,,,,,,
._DSC,.jpg,368,743,2,374,8192,8.0 KB,S:\_POST_PRODUCTION\_VFX_ELEMENTS\3dWorld\3D World and stuff\3dw_124\DiscContents\resources\texturespace\Data\TextureSpace Textures\Windows & Doors,S:\_POST_PRODUCTION\_VFX_ELEMENTS\3dWorld\3D World and stuff\3dw_124\DiscContents\resources\texturespace\Data\TextureSpace Textures\Windows & Doors\._DSC_0368.jpg,,,,,,
._IMG,.jpg,107,131,3,22,12288,12.0 KB,S:\_POST_PRODUCTION\_VFX_ELEMENTS\3dWorld\3D World and stuff\3dw_124\DiscContents\resources\texturespace\Data\TextureSpace Textures\Windows & Doors,S:\_POST_PRODUCTION\_VFX_ELEMENTS\3dWorld\3D World and stuff\3dw_124\DiscContents\resources\texturespace\Data\TextureSpace Textures\Windows & Doors\._IMG_0107.jpg,,,,,,
DSC,.jpg,368,743,2,374,3462935,3.3 MB,S:\_POST_PRODUCTION\_VFX_ELEMENTS\3dWorld\3D World and stuff\3dw_124\DiscContents\resources\texturespace\Data\TextureSpace Textures\Windows & Doors,S:\_POST_PRODUCTION\_VFX_ELEMENTS\3dWorld\3D World and stuff\3dw_124\DiscContents\resources\texturespace\Data\TextureSpace Textures\Windows & Doors\DSC_0368.jpg,,,,,,
IMG,.jpg,107,131,3,22,9415103,9.0 MB,S:\_POST_PRODUCTION\_VFX_ELEMENTS\3dWorld\3D World and stuff\3dw_124\DiscContents\resources\texturespace\Data\TextureSpace Textures\Windows & Doors,S:\_POST_PRODUCTION\_VFX_ELEMENTS\3dWorld\3D World and stuff\3dw_124\DiscContents\resources\texturespace\Data\TextureSpace Textures\Windows & Doors\IMG_0107.jpg,,,,,,
AdobeStock_1,.jpeg,7617331,81205685,12,73588343,140379651,133.9 MB,S:\_POST_PRODUCTION\_VFX_ELEMENTS\AdobeStock,S:\_POST_PRODUCTION\_VFX_ELEMENTS\AdobeStock\AdobeStock_107617331.jpeg,,,,,,
AdobeStock_2,.jpeg,4354923,99990978,31,95636025,369682800,352.6 MB,S:\_POST_PRODUCTION\_VFX_ELEMENTS\AdobeStock,S:\_POST_PRODUCTION\_VFX_ELEMENTS\AdobeStock\AdobeStock_204354923.jpeg,,,,,,
AdobeStock,.jpeg,3256956,91736536,13,88479568,136923033,130.6 MB,S:\_POST_PRODUCTION\_VFX_ELEMENTS\AdobeStock,S:\_POST_PRODUCTION\_VFX_ELEMENTS\AdobeStock\AdobeStock_3256956.jpeg,,,,,,
AdobeStock_3,.jpeg,96493,91553925,23,91457410,303060185,289.0 MB,S:\_POST_PRODUCTION\_VFX_ELEMENTS\AdobeStock,S:\_POST_PRODUCTION\_VFX_ELEMENTS\AdobeStock\AdobeStock_300096493.jpeg,,,,,,
AdobeStock_4,.jpeg,6688253,61012671,6,54324413,86779556,82.8 MB,S:\_POST_PRODUCTION\_VFX_ELEMENTS\AdobeStock,S:\_POST_PRODUCTION\_VFX_ELEMENTS\AdobeStock\AdobeStock_406688253.jpeg,,,,,,
AdobeStock_5,.jpeg,1202742,94962638,17,93759880,171494737,163.6 MB,S:\_POST_PRODUCTION\_VFX_ELEMENTS\AdobeStock,S:\_POST_PRODUCTION\_VFX_ELEMENTS\AdobeStock\AdobeStock_501202742.jpeg,,,,,,
._SPFA,.tga,0,218,219,0,897024,876.0 KB,S:\_POST_PRODUCTION\_VFX_ELEMENTS\Dust_Hits\SMKPUF-A,S:\_POST_PRODUCTION\_VFX_ELEMENTS\Dust_Hits\SMKPUF-A\._SPFA0000.TGA,,,,,,
SPFA,.tga,0,218,219,0,19372202,18.5 MB,S:\_POST_PRODUCTION\_VFX_ELEMENTS\Dust_Hits\SMKPUF-A,S:\_POST_PRODUCTION\_VFX_ELEMENTS\Dust_Hits\SMKPUF-A\SPFA0000.TGA,,,,,,
._Sky,.hdr,1,25,25,0,102400,100.0 KB,S:\_POST_PRODUCTION\_VFX_ELEMENTS\Element elements\FlightKit360SkyMaps\360_Sky_Maps\Sky_Maps_HDR_4K,S:\_POST_PRODUCTION\_VFX_ELEMENTS\Element elements\FlightKit360SkyMaps\360_Sky_Maps\Sky_Maps_HDR_4K\._Sky_01.hdr,,,,,,
Sky,.hdr,1,25,25,0,273446947,260.8 MB,S:\_POST_PRODUCTION\_VFX_ELEMENTS\Element elements\FlightKit360SkyMaps\360_Sky_Maps\Sky_Maps_HDR_4K,S:\_POST_PRODUCTION\_VFX_ELEMENTS\Element elements\FlightKit360SkyMaps\360_Sky_Maps\Sky_Maps_HDR_4K\Sky_01.hdr,,,,,,
._Sky_Mirrored,.jpg,1,25,25,0,102400,100.0 KB,S:\_POST_PRODUCTION\_VFX_ELEMENTS\Element elements\FlightKit360SkyMaps\360_Sky_Maps\Sky_Maps_JPG_2K,S:\_POST_PRODUCTION\_VFX_ELEMENTS\Element elements\FlightKit360SkyMaps\360_Sky_Maps\Sky_Maps_JPG_2K\._Sky_Mirrored_01.jpg,,,,,,
Sky_Mirrored,.jpg,1,25,25,0,18762745,17.9 MB,S:\_POST_PRODUCTION\_VFX_ELEMENTS\Element elements\FlightKit360SkyMaps\360_Sky_Maps\Sky_Maps_JPG_2K,S:\_POST_PRODUCTION\_VFX_ELEMENTS\Element elements\FlightKit360SkyMaps\360_Sky_Maps\Sky_Maps_JPG_2K\Sky_Mirrored_01.jpg,,,,,,
._Sky_Mirrored,.jpg,1,25,25,0,102400,100.0 KB,S:\_POST_PRODUCTION\_VFX_ELEMENTS\Element elements\FlightKit360SkyMaps\360_Sky_Maps\Sky_Maps_JPG_4K,S:\_POST_PRODUCTION\_VFX_ELEMENTS\Element elements\FlightKit360SkyMaps\360_Sky_Maps\Sky_Maps_JPG_4K\._Sky_Mirrored_01.jpg,,,,,,
Sky_Mirrored,.jpg,1,25,25,0,63960049,61.0 MB,S:\_POST_PRODUCTION\_VFX_ELEMENTS\Element elements\FlightKit360SkyMaps\360_Sky_Maps\Sky_Maps_JPG_4K,S:\_POST_PRODUCTION\_VFX_ELEMENTS\Element elements\FlightKit360SkyMaps\360_Sky_Maps\Sky_Maps_JPG_4K\Sky_Mirrored_01.jpg,,,,,,
._airforce1_ao,.png,1,2,2,0,8192,8.0 KB,S:\_POST_PRODUCTION\_VFX_ELEMENTS\Element elements\JetStrike3DFiles\Jet_Strike_3D_Files\jet_strike_alternate_files\tex,S:\_POST_PRODUCTION\_VFX_ELEMENTS\Element elements\JetStrike3DFiles\Jet_Strike_3D_Files\jet_strike_alternate_files\tex\._airforce1_ao_01.png,,,,,,
._airforce1_diffuse,.png,1,2,2,0,8192,8.0 KB,S:\_POST_PRODUCTION\_VFX_ELEMENTS\Element elements\JetStrike3DFiles\Jet_Strike_3D_Files\jet_strike_alternate_files\tex,S:\_POST_PRODUCTION\_VFX_ELEMENTS\Element elements\JetStrike3DFiles\Jet_Strike_3D_Files\jet_strike_alternate_files\tex\._airforce1_diffuse_01.png,,,,,,
._airforce1_illumination,.png,1,2,2,0,8192,8.0 KB,S:\_POST_PRODUCTION\_VFX_ELEMENTS\Element elements\JetStrike3DFiles\Jet_Strike_3D_Files\jet_strike_alternate_files\tex,S:\_POST_PRODUCTION\_VFX_ELEMENTS\Element elements\JetStrike3DFiles\Jet_Strike_3D_Files\jet_strike_alternate_files\tex\._airforce1_illumination_01.png,,,,,,
._airforce1_normal,.png,1,2,2,0,8192,8.0 KB,S:\_POST_PRODUCTION\_VFX_ELEMENTS\Element elements\JetStrike3DFiles\Jet_Strike_3D_Files\jet_strike_alternate_files\tex,S:\_POST_PRODUCTION\_VFX_ELEMENTS\Element elements\JetStrike3DFiles\Jet_Strike_3D_Files\jet_strike_alternate_files\tex\._airforce1_normal_01.png,,,,,,
._airforce1_reflection,.png,1,2,2,0,8192,8.0 KB,S:\_POST_PRODUCTION\_VFX_ELEMENTS\Element elements\JetStrike3DFiles\Jet_Strike_3D_Files\jet_strike_alternate_files\tex,S:\_POST_PRODUCTION\_VFX_ELEMENTS\Element elements\JetStrike3DFiles\Jet_Strike_3D_Files\jet_strike_alternate_files\tex\._airforce1_reflection_01.png,,,,,,
._airforce1_specular,.png,1,2,2,0,8192,8.0 KB,S:\_POST_PRODUCTION\_VFX_ELEMENTS\Element elements\JetStrike3DFiles\Jet_Strike_3D_Files\jet_strike_alternate_files\tex,S:\_POST_PRODUCTION\_VFX_ELEMENTS\Element elements\JetStrike3DFiles\Jet_Strike_3D_Files\jet_strike_alternate_files\tex\._airforce1_specular_01.png,,,,,,
._drone_ao,.png,1,2,2,0,8192,8.0 KB,S:\_POST_PRODUCTION\_VFX_ELEMENTS\Element elements\JetStrike3DFiles\Jet_Strike_3D_Files\jet_strike_alternate_files\tex,S:\_POST_PRODUCTION\_VFX_ELEMENTS\Element elements\JetStrike3DFiles\Jet_Strike_3D_Files\jet_strike_alternate_files\tex\._drone_ao_01.png,,,,,,
._drone_diffuse,.png,1,2,2,0,8192,8.0 KB,S:\_POST_PRODUCTION\_VFX_ELEMENTS\Element elements\JetStrike3DFiles\Jet_Strike_3D_Files\jet_strike_alternate_files\tex,S:\_POST_PRODUCTION\_VFX_ELEMENTS\Element elements\JetStrike3DFiles\Jet_Strike_3D_Files\jet_strike_alternate_files\tex\._drone_diffuse_01.png,,,,,,
._drone_normal,.png,1,2,2,0,8192,8.0 KB,S:\_POST_PRODUCTION\_VFX_ELEMENTS\Element elements\JetStrike3DFiles\Jet_Strike_3D_Files\jet_strike_alternate_files\tex,S:\_POST_PRODUCTION\_VFX_ELEMENTS\Element elements\JetStrike3DFiles\Jet_Strike_3D_Files\jet_strike_alternate_files\tex\._drone_normal_01.png,,,,,,
._drone_reflection,.png,1,2,2,0,8192,8.0 KB,S:\_POST_PRODUCTION\_VFX_ELEMENTS\Element elements\JetStrike3DFiles\Jet_Strike_3D_Files\jet_strike_alternate_files\tex,S:\_POST_PRODUCTION\_VFX_ELEMENTS\Element elements\JetStrike3DFiles\Jet_Strike_3D_Files\jet_strike_alternate_files\tex\._drone_reflection_01.png,,,,,,
._drone_specular,.png,1,2,2,0,8192,8.0 KB,S:\_POST_PRODUCTION\_VFX_ELEMENTS\Element elements\JetStrike3DFiles\Jet_Strike_3D_Files\jet_strike_alternate_files\tex,S:\_POST_PRODUCTION\_VFX_ELEMENTS\Element elements\JetStrike3DFiles\Jet_Strike_3D_Files\jet_strike_alternate_files\tex\._drone_specular_01.png,,,,,,
._Ground_Assault_diffuse,.png,1,2,2,0,8192,8.0 KB,S:\_POST_PRODUCTION\_VFX_ELEMENTS\Element elements\JetStrike3DFiles\Jet_Strike_3D_Files\jet_strike_alternate_files\tex,S:\_POST_PRODUCTION\_VFX_ELEMENTS\Element elements\JetStrike3DFiles\Jet_Strike_3D_Files\jet_strike_alternate_files\tex\._Ground_Assault_diffuse_01.png,,,,,,
._Ground_Assault_illumination,.png,1,2,2,0,8192,8.0 KB,S:\_POST_PRODUCTION\_VFX_ELEMENTS\Element elements\JetStrike3DFiles\Jet_Strike_3D_Files\jet_strike_alternate_files\tex,S:\_POST_PRODUCTION\_VFX_ELEMENTS\Element elements\JetStrike3DFiles\Jet_Strike_3D_Files\jet_strike_alternate_files\tex\._Ground_Assault_illumination_01.png,,,,,,
._Ground_Assault_normal,.png,1,2,2,0,8192,8.0 KB,S:\_POST_PRODUCTION\_VFX_ELEMENTS\Element elements\JetStrike3DFiles\Jet_Strike_3D_Files\jet_strike_alternate_files\tex,S:\_POST_PRODUCTION\_VFX_ELEMENTS\Element elements\JetStrike3DFiles\Jet_Strike_3D_Files\jet_strike_alternate_files\tex\._Ground_Assault_normal_01.png,,,,,,
._Ground_Assault_reflection,.png,1,2,2,0,8192,8.0 KB,S:\_POST_PRODUCTION\_VFX_ELEMENTS\Element elements\JetStrike3DFiles\Jet_Strike_3D_Files\jet_strike_alternate_files\tex,S:\_POST_PRODUCTION\_VFX_ELEMENTS\Element elements\JetStrike3DFiles\Jet_Strike_3D_Files\jet_strike_alternate_files\tex\._Ground_Assault_reflection_01.png,,,,,,
._Ground_Assault_specular,.png,1,2,2,0,8192,8.0 KB,S:\_POST_PRODUCTION\_VFX_ELEMENTS\Element elements\JetStrike3DFiles\Jet_Strike_3D_Files\jet_strike_alternate_files\tex,S:\_POST_PRODUCTION\_VFX_ELEMENTS\Element elements\JetStrike3DFiles\Jet_Strike_3D_Files\jet_strike_alternate_files\tex\._Ground_Assault_specular_01.png,,,,,,
._supersonic_jet_ao,.png,1,2,2,0,8192,8.0 KB,S:\_POST_PRODUCTION\_VFX_ELEMENTS\Element elements\JetStrike3DFiles\Jet_Strike_3D_Files\jet_strike_alternate_files\tex,S:\_POST_PRODUCTION\_VFX_ELEMENTS\Element elements\JetStrike3DFiles\Jet_Strike_3D_Files\jet_strike_alternate_files\tex\._supersonic_jet_ao_01.png,,,,,,
._supersonic_jet_diffuse,.png,1,3,3,0,12288,12.0 KB,S:\_POST_PRODUCTION\_VFX_ELEMENTS\Element elements\JetStrike3DFiles\Jet_Strike_3D_Files\jet_strike_alternate_files\tex,S:\_POST_PRODUCTION\_VFX_ELEMENTS\Element elements\JetStrike3DFiles\Jet_Strike_3D_Files\jet_strike_alternate_files\tex\._supersonic_jet_diffuse_01.png,,,,,,
._supersonic_jet_illumination,.png,1,2,2,0,8192,8.0 KB,S:\_POST_PRODUCTION\_VFX_ELEMENTS\Element elements\JetStrike3DFiles\Jet_Strike_3D_Files\jet_strike_alternate_files\tex,S:\_POST_PRODUCTION\_VFX_ELEMENTS\Element elements\JetStrike3DFiles\Jet_Strike_3D_Files\jet_strike_alternate_files\tex\._supersonic_jet_illumination_01.png,,,,,,
._supersonic_jet_normal,.png,1,2,2,0,8192,8.0 KB,S:\_POST_PRODUCTION\_VFX_ELEMENTS\Element elements\JetStrike3DFiles\Jet_Strike_3D_Files\jet_strike_alternate_files\tex,S:\_POST_PRODUCTION\_VFX_ELEMENTS\Element elements\JetStrike3DFiles\Jet_Strike_3D_Files\jet_strike_alternate_files\tex\._supersonic_jet_normal_01.png,,,,,,
._supersonic_jet_reflect,.png,1,2,2,0,8192,8.0 KB,S:\_POST_PRODUCTION\_VFX_ELEMENTS\Element elements\JetStrike3DFiles\Jet_Strike_3D_Files\jet_strike_alternate_files\tex,S:\_POST_PRODUCTION\_VFX_ELEMENTS\Element elements\JetStrike3DFiles\Jet_Strike_3D_Files\jet_strike_alternate_files\tex\._supersonic_jet_reflect_01.png,,,,,,
._supersonic_jet_specular,.png,1,2,2,0,8192,8.0 KB,S:\_POST_PRODUCTION\_VFX_ELEMENTS\Element elements\JetStrike3DFiles\Jet_Strike_3D_Files\jet_strike_alternate_files\tex,S:\_POST_PRODUCTION\_VFX_ELEMENTS\Element elements\JetStrike3DFiles\Jet_Strike_3D_Files\jet_strike_alternate_files\tex\._supersonic_jet_specular_01.png,,,,,,
._transporter_ao,.png,1,2,2,0,8192,8.0 KB,S:\_POST_PRODUCTION\_VFX_ELEMENTS\Element elements\JetStrike3DFiles\Jet_Strike_3D_Files\jet_strike_alternate_files\tex,S:\_POST_PRODUCTION\_VFX_ELEMENTS\Element elements\JetStrike3DFiles\Jet_Strike_3D_Files\jet_strike_alternate_files\tex\._transporter_ao_01.png,,,,,,
._transporter_diffuse,.png,1,2,2,0,8192,8.0 KB,S:\_POST_PRODUCTION\_VFX_ELEMENTS\Element elements\JetStrike3DFiles\Jet_Strike_3D_Files\jet_strike_alternate_files\tex,S:\_POST_PRODUCTION\_VFX_ELEMENTS\Element elements\JetStrike3DFiles\Jet_Strike_3D_Files\jet_strike_alternate_files\tex\._transporter_diffuse_01.png,,,,,,
._transporter_illumination,.png,1,2,2,0,8192,8.0 KB,S:\_POST_PRODUCTION\_VFX_ELEMENTS\Element elements\JetStrike3DFiles\Jet_Strike_3D_Files\jet_strike_alternate_files\tex,S:\_POST_PRODUCTION\_VFX_ELEMENTS\Element elements\JetStrike3DFiles\Jet_Strike_3D_Files\jet_strike_alternate_files\tex\._transporter_illumination_01.png,,,,,,
._transporter_normal,.png,1,2,2,0,8192,8.0 KB,S:\_POST_PRODUCTION\_VFX_ELEMENTS\Element elements\JetStrike3DFiles\Jet_Strike_3D_Files\jet_strike_alternate_files\tex,S:\_POST_PRODUCTION\_VFX_ELEMENTS\Element elements\JetStrike3DFiles\Jet_Strike_3D_Files\jet_strike_alternate_files\tex\._transporter_normal_01.png,,,,,,
._transporter_reflection,.png,1,2,2,0,8192,8.0 KB,S:\_POST_PRODUCTION\_VFX_ELEMENTS\Element elements\JetStrike3DFiles\Jet_Strike_3D_Files\jet_strike_alternate_files\tex,S:\_POST_PRODUCTION\_VFX_ELEMENTS\Element elements\JetStrike3DFiles\Jet_Strike_3D_Files\jet_strike_alternate_files\tex\._transporter_reflection_01.png,,,,,,
._transporter_specular,.png,1,2,2,0,8192,8.0 KB,S:\_POST_PRODUCTION\_VFX_ELEMENTS\Element elements\JetStrike3DFiles\Jet_Strike_3D_Files\jet_strike_alternate_files\tex,S:\_POST_PRODUCTION\_VFX_ELEMENTS\Element elements\JetStrike3DFiles\Jet_Strike_3D_Files\jet_strike_alternate_files\tex\._transporter_specular_01.png,,,,,,
airforce1_ao,.png,1,2,2,0,5111247,4.9 MB,S:\_POST_PRODUCTION\_VFX_ELEMENTS\Element elements\JetStrike3DFiles\Jet_Strike_3D_Files\jet_strike_alternate_files\tex,S:\_POST_PRODUCTION\_VFX_ELEMENTS\Element elements\JetStrike3DFiles\Jet_Strike_3D_Files\jet_strike_alternate_files\tex\airforce1_ao_01.png,,,,,,
airforce1_diffuse,.png,1,2,2,0,61681951,58.8 MB,S:\_POST_PRODUCTION\_VFX_ELEMENTS\Element elements\JetStrike3DFiles\Jet_Strike_3D_Files\jet_strike_alternate_files\tex,S:\_POST_PRODUCTION\_VFX_ELEMENTS\Element elements\JetStrike3DFiles\Jet_Strike_3D_Files\jet_strike_alternate_files\tex\airforce1_diffuse_01.png,,,,,,
airforce1_illumination,.png,1,2,2,0,576767,563.2 KB,S:\_POST_PRODUCTION\_VFX_ELEMENTS\Element elements\JetStrike3DFiles\Jet_Strike_3D_Files\jet_strike_alternate_files\tex,S:\_POST_PRODUCTION\_VFX_ELEMENTS\Element elements\JetStrike3DFiles\Jet_Strike_3D_Files\jet_strike_alternate_files\tex\airforce1_illumination_01.png,,,,,,
airforce1_normal,.png,1,2,2,0,1854961,1.8 MB,S:\_POST_PRODUCTION\_VFX_ELEMENTS\Element elements\JetStrike3DFiles\Jet_Strike_3D_Files\jet_strike_alternate_files\tex,S:\_POST_PRODUCTION\_VFX_ELEMENTS\Element elements\JetStrike3DFiles\Jet_Strike_3D_Files\jet_strike_alternate_files\tex\airforce1_normal_01.png,,,,,,
airforce1_reflection,.png,1,2,2,0,7739203,7.4 MB,S:\_POST_PRODUCTION\_VFX_ELEMENTS\Element elements\JetStrike3DFiles\Jet_Strike_3D_Files\jet_strike_alternate_files\tex,S:\_POST_PRODUCTION\_VFX_ELEMENTS\Element elements\JetStrike3DFiles\Jet_Strike_3D_Files\jet_strike_alternate_files\tex\airforce1_reflection_01.png,,,,,,
airforce1_specular,.png,1,2,2,0,62341197,59.5 MB,S:\_POST_PRODUCTION\_VFX_ELEMENTS\Element elements\JetStrike3DFiles\Jet_Strike_3D_Files\jet_strike_alternate_files\tex,S:\_POST_PRODUCTION\_VFX_ELEMENTS\Element elements\JetStrike3DFiles\Jet_Strike_3D_Files\jet_strike_alternate_files\tex\airforce1_specular_01.png,,,,,,
drone_ao,.png,1,2,2,0,5503590,5.2 MB,S:\_POST_PRODUCTION\_VFX_ELEMENTS\Element elements\JetStrike3DFiles\Jet_Strike_3D_Files\jet_strike_alternate_files\tex,S:\_POST_PRODUCTION\_VFX_ELEMENTS\Element elements\JetStrike3DFiles\Jet_Strike_3D_Files\jet_strike_alternate_files\tex\drone_ao_01.png,,,,,,
drone_diffuse,.png,1,2,2,0,20511133,19.6 MB,S:\_POST_PRODUCTION\_VFX_ELEMENTS\Element elements\JetStrike3DFiles\Jet_Strike_3D_Files\jet_strike_alternate_files\tex,S:\_POST_PRODUCTION\_VFX_ELEMENTS\Element elements\JetStrike3DFiles\Jet_Strike_3D_Files\jet_strike_alternate_files\tex\drone_diffuse_01.png,,,,,,
drone_normal,.png,1,2,2,0,10065587,9.6 MB,S:\_POST_PRODUCTION\_VFX_ELEMENTS\Element elements\JetStrike3DFiles\Jet_Strike_3D_Files\jet_strike_alternate_files\tex,S:\_POST_PRODUCTION\_VFX_ELEMENTS\Element elements\JetStrike3DFiles\Jet_Strike_3D_Files\jet_strike_alternate_files\tex\drone_normal_01.png,,,,,,
drone_reflection,.png,1,2,2,0,325057,317.4 KB,S:\_POST_PRODUCTION\_VFX_ELEMENTS\Element elements\JetStrike3DFiles\Jet_Strike_3D_Files\jet_strike_alternate_files\tex,S:\_POST_PRODUCTION\_VFX_ELEMENTS\Element elements\JetStrike3DFiles\Jet_Strike_3D_Files\jet_strike_alternate_files\tex\drone_reflection_01.png,,,,,,
drone_specular,.png,1,2,2,0,51770764,49.4 MB,S:\_POST_PRODUCTION\_VFX_ELEMENTS\Element elements\JetStrike3DFiles\Jet_Strike_3D_Files\jet_strike_alternate_files\tex,S:\_POST_PRODUCTION\_VFX_ELEMENTS\Element elements\JetStrike3DFiles\Jet_Strike_3D_Files\jet_strike_alternate_files\tex\drone_specular_01.png,,,,,,
Ground_Assault_diffuse,.png,1,2,2,0,62218042,59.3 MB,S:\_POST_PRODUCTION\_VFX_ELEMENTS\Element elements\JetStrike3DFiles\Jet_Strike_3D_Files\jet_strike_alternate_files\tex,S:\_POST_PRODUCTION\_VFX_ELEMENTS\Element elements\JetStrike3DFiles\Jet_Strike_3D_Files\jet_strike_alternate_files\tex\Ground_Assault_diffuse_01.png,,,,,,
Ground_Assault_illumination,.png,1,2,2,0,100692416,96.0 MB,S:\_POST_PRODUCTION\_VFX_ELEMENTS\Element elements\JetStrike3DFiles\Jet_Strike_3D_Files\jet_strike_alternate_files\tex,S:\_POST_PRODUCTION\_VFX_ELEMENTS\Element elements\JetStrike3DFiles\Jet_Strike_3D_Files\jet_strike_alternate_files\tex\Ground_Assault_illumination_01.png,,,,,,
Ground_Assault_normal,.png,1,2,2,0,100692416,96.0 MB,S:\_POST_PRODUCTION\_VFX_ELEMENTS\Element elements\JetStrike3DFiles\Jet_Strike_3D_Files\jet_strike_alternate_files\tex,S:\_POST_PRODUCTION\_VFX_ELEMENTS\Element elements\JetStrike3DFiles\Jet_Strike_3D_Files\jet_strike_alternate_files\tex\Ground_Assault_normal_01.png,,,,,,
Ground_Assault_reflection,.png,1,2,2,0,100692416,96.0 MB,S:\_POST_PRODUCTION\_VFX_ELEMENTS\Element elements\JetStrike3DFiles\Jet_Strike_3D_Files\jet_strike_alternate_files\tex,S:\_POST_PRODUCTION\_VFX_ELEMENTS\Element elements\JetStrike3DFiles\Jet_Strike_3D_Files\jet_strike_alternate_files\tex\Ground_Assault_reflection_01.png,,,,,,
Ground_Assault_specular,.png,1,2,2,0,100692416,96.0 MB,S:\_POST_PRODUCTION\_VFX_ELEMENTS\Element elements\JetStrike3DFiles\Jet_Strike_3D_Files\jet_strike_alternate_files\tex,S:\_POST_PRODUCTION\_VFX_ELEMENTS\Element elements\JetStrike3DFiles\Jet_Strike_3D_Files\jet_strike_alternate_files\tex\Ground_Assault_specular_01.png,,,,,,
supersonic_jet_ao,.png,1,2,2,0,10139604,9.7 MB,S:\_POST_PRODUCTION\_VFX_ELEMENTS\Element elements\JetStrike3DFiles\Jet_Strike_3D_Files\jet_strike_alternate_files\tex,S:\_POST_PRODUCTION\_VFX_ELEMENTS\Element elements\JetStrike3DFiles\Jet_Strike_3D_Files\jet_strike_alternate_files\tex\supersonic_jet_ao_01.png,,,,,,
supersonic_jet_diffuse,.png,1,3,3,0,29714204,28.3 MB,S:\_POST_PRODUCTION\_VFX_ELEMENTS\Element elements\JetStrike3DFiles\Jet_Strike_3D_Files\jet_strike_alternate_files\tex,S:\_POST_PRODUCTION\_VFX_ELEMENTS\Element elements\JetStrike3DFiles\Jet_Strike_3D_Files\jet_strike_alternate_files\tex\supersonic_jet_diffuse_01.png,,,,,,
supersonic_jet_illumination,.png,1,2,2,0,50695287,48.3 MB,S:\_POST_PRODUCTION\_VFX_ELEMENTS\Element elements\JetStrike3DFiles\Jet_Strike_3D_Files\jet_strike_alternate_files\tex,S:\_POST_PRODUCTION\_VFX_ELEMENTS\Element elements\JetStrike3DFiles\Jet_Strike_3D_Files\jet_strike_alternate_files\tex\supersonic_jet_illumination_01.png,,,,,,
supersonic_jet_normal,.png,1,2,2,0,8247422,7.9 MB,S:\_POST_PRODUCTION\_VFX_ELEMENTS\Element elements\JetStrike3DFiles\Jet_Strike_3D_Files\jet_strike_alternate_files\tex,S:\_POST_PRODUCTION\_VFX_ELEMENTS\Element elements\JetStrike3DFiles\Jet_Strike_3D_Files\jet_strike_alternate_files\tex\supersonic_jet_normal_01.png,,,,,,
supersonic_jet_reflect,.png,1,2,2,0,126645,123.7 KB,S:\_POST_PRODUCTION\_VFX_ELEMENTS\Element elements\JetStrike3DFiles\Jet_Strike_3D_Files\jet_strike_alternate_files\tex,S:\_POST_PRODUCTION\_VFX_ELEMENTS\Element elements\JetStrike3DFiles\Jet_Strike_3D_Files\jet_strike_alternate_files\tex\supersonic_jet_reflect_01.png,,,,,,
supersonic_jet_specular,.png,1,2,2,0,9463297,9.0 MB,S:\_POST_PRODUCTION\_VFX_ELEMENTS\Element elements\JetStrike3DFiles\Jet_Strike_3D_Files\jet_strike_alternate_files\tex,S:\_POST_PRODUCTION\_VFX_ELEMENTS\Element elements\JetStrike3DFiles\Jet_Strike_3D_Files\jet_strike_alternate_files\tex\supersonic_jet_specular_01.png,,,,,,
transporter_ao,.png,1,2,2,0,8158121,7.8 MB,S:\_POST_PRODUCTION\_VFX_ELEMENTS\Element elements\JetStrike3DFiles\Jet_Strike_3D_Files\jet_strike_alternate_files\tex,S:\_POST_PRODUCTION\_VFX_ELEMENTS\Element elements\JetStrike3DFiles\Jet_Strike_3D_Files\jet_strike_alternate_files\tex\transporter_ao_01.png,,,,,,
transporter_diffuse,.png,1,2,2,0,23866880,22.8 MB,S:\_POST_PRODUCTION\_VFX_ELEMENTS\Element elements\JetStrike3DFiles\Jet_Strike_3D_Files\jet_strike_alternate_files\tex,S:\_POST_PRODUCTION\_VFX_ELEMENTS\Element elements\JetStrike3DFiles\Jet_Strike_3D_Files\jet_strike_alternate_files\tex\transporter_diffuse_01.png,,,,,,
transporter_illumination,.png,1,2,2,0,850265,830.3 KB,S:\_POST_PRODUCTION\_VFX_ELEMENTS\Element elements\JetStrike3DFiles\Jet_Strike_3D_Files\jet_strike_alternate_files\tex,S:\_POST_PRODUCTION\_VFX_ELEMENTS\Element elements\JetStrike3DFiles\Jet_Strike_3D_Files\jet_strike_alternate_files\tex\transporter_illumination_01.png,,,,,,
transporter_normal,.png,1,2,2,0,3610515,3.4 MB,S:\_POST_PRODUCTION\_VFX_ELEMENTS\Element elements\JetStrike3DFiles\Jet_Strike_3D_Files\jet_strike_alternate_files\tex,S:\_POST_PRODUCTION\_VFX_ELEMENTS\Element elements\JetStrike3DFiles\Jet_Strike_3D_Files\jet_strike_alternate_files\tex\transporter_normal_01.png,,,,,,
transporter_reflection,.png,1,2,2,0,50451735,48.1 MB,S:\_POST_PRODUCTION\_VFX_ELEMENTS\Element elements\JetStrike3DFiles\Jet_Strike_3D_Files\jet_strike_alternate_files\tex,S:\_POST_PRODUCTION\_VFX_ELEMENTS\Element elements\JetStrike3DFiles\Jet_Strike_3D_Files\jet_strike_alternate_files\tex\transporter_reflection_01.png,,,,,,
transporter_specular,.png,1,2,2,0,75754004,72.2 MB,S:\_POST_PRODUCTION\_VFX_ELEMENTS\Element elements\JetStrike3DFiles\Jet_Strike_3D_Files\jet_strike_alternate_files\tex,S:\_POST_PRODUCTION\_VFX_ELEMENTS\Element elements\JetStrike3DFiles\Jet_Strike_3D_Files\jet_strike_alternate_files\tex\transporter_specular_01.png,,,,,,
._Aerial,.jpg,1,11,11,0,45056,44.0 KB,S:\_POST_PRODUCTION\_VFX_ELEMENTS\Element elements\JetStrike_Resources\Jet_Strike_Resources,S:\_POST_PRODUCTION\_VFX_ELEMENTS\Element elements\JetStrike_Resources\Jet_Strike_Resources\._Aerial_01.jpg,,,,,,
Aerial,.jpg,1,11,11,0,34224127,32.6 MB,S:\_POST_PRODUCTION\_VFX_ELEMENTS\Element elements\JetStrike_Resources\Jet_Strike_Resources,S:\_POST_PRODUCTION\_VFX_ELEMENTS\Element elements\JetStrike_Resources\Jet_Strike_Resources\Aerial_01.jpg,,,,,,
Sky,.hdr,1,25,25,0,273446947,260.8 MB,S:\_POST_PRODUCTION\_VFX_ELEMENTS\Elements 3D PC purchased\360_Sky_Maps\Sky_Maps_HDR_4K,S:\_POST_PRODUCTION\_VFX_ELEMENTS\Elements 3D PC purchased\360_Sky_Maps\Sky_Maps_HDR_4K\Sky_01.hdr,,,,,,
Sky_Mirrored,.jpg,1,25,25,0,18762745,17.9 MB,S:\_POST_PRODUCTION\_VFX_ELEMENTS\Elements 3D PC purchased\360_Sky_Maps\Sky_Maps_JPG_2K,S:\_POST_PRODUCTION\_VFX_ELEMENTS\Elements 3D PC purchased\360_Sky_Maps\Sky_Maps_JPG_2K\Sky_Mirrored_01.jpg,,,,,,
Sky_Mirrored,.jpg,1,25,25,0,63960049,61.0 MB,S:\_POST_PRODUCTION\_VFX_ELEMENTS\Elements 3D PC purchased\360_Sky_Maps\Sky_Maps_JPG_4K,S:\_POST_PRODUCTION\_VFX_ELEMENTS\Elements 3D PC purchased\360_Sky_Maps\Sky_Maps_JPG_4K\Sky_Mirrored_01.jpg,,,,,,
Sky,.hdr,1,25,25,0,273446947,260.8 MB,S:\_POST_PRODUCTION\_VFX_ELEMENTS\HDRI ASSETS\Sky_Maps_HDR_4K,S:\_POST_PRODUCTION\_VFX_ELEMENTS\HDRI ASSETS\Sky_Maps_HDR_4K\Sky_01.hdr,,,,,,
Sky_Mirrored,.jpg,1,25,25,0,63960049,61.0 MB,S:\_POST_PRODUCTION\_VFX_ELEMENTS\HDRI ASSETS\Sky_Maps_JPG_4K,S:\_POST_PRODUCTION\_VFX_ELEMENTS\HDRI ASSETS\Sky_Maps_JPG_4K\Sky_Mirrored_01.jpg,,,,,,
grunge-,.jpg,1,25,25,0,152411589,145.4 MB,S:\_POST_PRODUCTION\_VFX_ELEMENTS\Joel Grimes\Textures - Grunge Vol 1,S:\_POST_PRODUCTION\_VFX_ELEMENTS\Joel Grimes\Textures - Grunge Vol 1\grunge-01.jpg,,,,,,
expr,.png,1,6,6,0,8231,8.0 KB,S:\_POST_PRODUCTION\_VFX_ELEMENTS\Nuke Scripts and toolsets\NukeSurvivalToolkit\NukeSurvivalToolkit\icons,S:\_POST_PRODUCTION\_VFX_ELEMENTS\Nuke Scripts and toolsets\NukeSurvivalToolkit\NukeSurvivalToolkit\icons\expr_01.png,,,,,,
iMatrix,.png,33,44,2,10,549,549.0 B,S:\_POST_PRODUCTION\_VFX_ELEMENTS\Nuke Scripts and toolsets\NukeSurvivalToolkit\NukeSurvivalToolkit\icons,S:\_POST_PRODUCTION\_VFX_ELEMENTS\Nuke Scripts and toolsets\NukeSurvivalToolkit\NukeSurvivalToolkit\icons\iMatrix33.png,,,,,,
smartVectorShirt1_vectors,.exr,75,151,77,0,842344115,803.3 MB,S:\_POST_PRODUCTION\_VFX_ELEMENTS\Nuke Scripts and toolsets\toolset_examples\2D\SmartVector\images\vectors,S:\_POST_PRODUCTION\_VFX_ELEMENTS\Nuke Scripts and toolsets\toolset_examples\2D\SmartVector\images\vectors\smartVectorShirt1_vectors_0075.exr,,,,,,
stmap,.tif,75,125,51,0,332174196,316.8 MB,S:\_POST_PRODUCTION\_VFX_ELEMENTS\Nuke Scripts and toolsets\toolset_examples\2D\SmartVector\images\vectors,S:\_POST_PRODUCTION\_VFX_ELEMENTS\Nuke Scripts and toolsets\toolset_examples\2D\SmartVector\images\vectors\stmap_0075.tif,,,,,,
Help,.jpg,1,12,11,1,658190,642.8 KB,S:\_POST_PRODUCTION\_VFX_ELEMENTS\WORLD ATLAS\WORLD ATLAS\Install Files\HTML\Help graphics,S:\_POST_PRODUCTION\_VFX_ELEMENTS\WORLD ATLAS\WORLD ATLAS\Install Files\HTML\Help graphics\Help01.jpg,,,,,,
,.jpg,600,765,22,144,1554660,1.5 MB,S:\_POST_PRODUCTION\_VFX_ELEMENTS\WORLD ATLAS\WORLD ATLAS\Install Files\HTML\themes\images,S:\_POST_PRODUCTION\_VFX_ELEMENTS\WORLD ATLAS\WORLD ATLAS\Install Files\HTML\themes\images\00600.jpg,,,,,,
WA_cape,.jpg,1,2,2,0,302458,295.4 KB,S:\_POST_PRODUCTION\_VFX_ELEMENTS\WORLD ATLAS\WORLD ATLAS\Install Files\HTML\themes\images,S:\_POST_PRODUCTION\_VFX_ELEMENTS\WORLD ATLAS\WORLD ATLAS\Install Files\HTML\themes\images\WA_cape_01.jpg,,,,,,
WA_deep,.jpg,1,2,2,0,134039,130.9 KB,S:\_POST_PRODUCTION\_VFX_ELEMENTS\WORLD ATLAS\WORLD ATLAS\Install Files\HTML\themes\images,S:\_POST_PRODUCTION\_VFX_ELEMENTS\WORLD ATLAS\WORLD ATLAS\Install Files\HTML\themes\images\WA_deep_01.jpg,,,,,,
WA_physical,.jpg,1,2,2,0,161567,157.8 KB,S:\_POST_PRODUCTION\_VFX_ELEMENTS\WORLD ATLAS\WORLD ATLAS\Install Files\HTML\themes\images,S:\_POST_PRODUCTION\_VFX_ELEMENTS\WORLD ATLAS\WORLD ATLAS\Install Files\HTML\themes\images\WA_physical_01.jpg,,,,,,
WA_scarp,.jpg,1,2,2,0,431653,421.5 KB,S:\_POST_PRODUCTION\_VFX_ELEMENTS\WORLD ATLAS\WORLD ATLAS\Install Files\HTML\themes\images,S:\_POST_PRODUCTION\_VFX_ELEMENTS\WORLD ATLAS\WORLD ATLAS\Install Files\HTML\themes\images\WA_scarp_01.jpg,,,,,,
WA_strait,.jpg,1,2,2,0,181066,176.8 KB,S:\_POST_PRODUCTION\_VFX_ELEMENTS\WORLD ATLAS\WORLD ATLAS\Install Files\HTML\themes\images,S:\_POST_PRODUCTION\_VFX_ELEMENTS\WORLD ATLAS\WORLD ATLAS\Install Files\HTML\themes\images\WA_strait_01.jpg,,,,,,
._Glass Entry ,.png,10,12,3,0,12288,12.0 KB,S:\_POST_PRODUCTION\_VFX_ELEMENTS\_Action VFX\ActionVFX Bullet Hole Textures\Glass Hits,S:\_POST_PRODUCTION\_VFX_ELEMENTS\_Action VFX\ActionVFX Bullet Hole Textures\Glass Hits\._Glass Entry 10.png,,,,,,
Glass Entry ,.png,10,12,3,0,9934545,9.5 MB,S:\_POST_PRODUCTION\_VFX_ELEMENTS\_Action VFX\ActionVFX Bullet Hole Textures\Glass Hits,S:\_POST_PRODUCTION\_VFX_ELEMENTS\_Action VFX\ActionVFX Bullet Hole Textures\Glass Hits\Glass Entry 10.png,,,,,,
._Pistol Aluminum Entry ,.png,10,14,5,0,20480,20.0 KB,S:\_POST_PRODUCTION\_VFX_ELEMENTS\_Action VFX\ActionVFX Bullet Hole Textures\Metal Hits\Pistol Hits,S:\_POST_PRODUCTION\_VFX_ELEMENTS\_Action VFX\ActionVFX Bullet Hole Textures\Metal Hits\Pistol Hits\._Pistol Aluminum Entry 10.png,,,,,,
._Pistol Steel Entry ,.png,10,11,2,0,8192,8.0 KB,S:\_POST_PRODUCTION\_VFX_ELEMENTS\_Action VFX\ActionVFX Bullet Hole Textures\Metal Hits\Pistol Hits,S:\_POST_PRODUCTION\_VFX_ELEMENTS\_Action VFX\ActionVFX Bullet Hole Textures\Metal Hits\Pistol Hits\._Pistol Steel Entry 10.png,,,,,,
Pistol Aluminum Entry ,.png,10,14,5,0,699421,683.0 KB,S:\_POST_PRODUCTION\_VFX_ELEMENTS\_Action VFX\ActionVFX Bullet Hole Textures\Metal Hits\Pistol Hits,S:\_POST_PRODUCTION\_VFX_ELEMENTS\_Action VFX\ActionVFX Bullet Hole Textures\Metal Hits\Pistol Hits\Pistol Aluminum Entry 10.png,,,,,,
Pistol Steel Entry ,.png,10,11,2,0,38622,37.7 KB,S:\_POST_PRODUCTION\_VFX_ELEMENTS\_Action VFX\ActionVFX Bullet Hole Textures\Metal Hits\Pistol Hits,S:\_POST_PRODUCTION\_VFX_ELEMENTS\_Action VFX\ActionVFX Bullet Hole Textures\Metal Hits\Pistol Hits\Pistol Steel Entry 10.png,,,,,,
._Pistol Wood Entry ,.png,10,25,16,0,65536,64.0 KB,S:\_POST_PRODUCTION\_VFX_ELEMENTS\_Action VFX\ActionVFX Bullet Hole Textures\Wood Hits\Pistol Hits,S:\_POST_PRODUCTION\_VFX_ELEMENTS\_Action VFX\ActionVFX Bullet Hole Textures\Wood Hits\Pistol Hits\._Pistol Wood Entry 10.png,,,,,,
Pistol Wood Entry ,.png,10,25,16,0,3486916,3.3 MB,S:\_POST_PRODUCTION\_VFX_ELEMENTS\_Action VFX\ActionVFX Bullet Hole Textures\Wood Hits\Pistol Hits,S:\_POST_PRODUCTION\_VFX_ELEMENTS\_Action VFX\ActionVFX Bullet Hole Textures\Wood Hits\Pistol Hits\Pistol Wood Entry 10.png,,,,,,
Burn Mark ,.png,10,15,6,0,25129142,24.0 MB,S:\_POST_PRODUCTION\_VFX_ELEMENTS\_Action VFX\ActionVFX Burn Mark Textures - Vol. 1,S:\_POST_PRODUCTION\_VFX_ELEMENTS\_Action VFX\ActionVFX Burn Mark Textures - Vol. 1\Burn Mark 10.png,,,,,,
LensDirt-,.png,10,36,27,0,639156716,609.5 MB,S:\_POST_PRODUCTION\_VFX_ELEMENTS\_Action VFX\ActionVFX Lens Dirt,S:\_POST_PRODUCTION\_VFX_ELEMENTS\_Action VFX\ActionVFX Lens Dirt\LensDirt-10.png,,,,,,
Fractured_Glass,.png,10,15,6,0,4147957,4.0 MB,S:\_POST_PRODUCTION\_VFX_ELEMENTS\_Action VFX\ActionVFX_Free_Fractured_Glass_Textures_Vol_1_1010\(Free) Fractured Glass Textures Vol. 1,S:\_POST_PRODUCTION\_VFX_ELEMENTS\_Action VFX\ActionVFX_Free_Fractured_Glass_Textures_Vol_1_1010\(Free) Fractured Glass Textures Vol. 1\Fractured_Glass_10.png,,,,,,
._LensDirt-,.png,13,31,3,16,12288,12.0 KB,S:\_POST_PRODUCTION\_VFX_ELEMENTS\_Action VFX\F-LD1-PNG\ActionVFX Lens Dirt,S:\_POST_PRODUCTION\_VFX_ELEMENTS\_Action VFX\F-LD1-PNG\ActionVFX Lens Dirt\._LensDirt-13.png,,,,,,
LensDirt-,.png,10,36,27,0,639156716,609.5 MB,S:\_POST_PRODUCTION\_VFX_ELEMENTS\_Action VFX\F-LD1-PNG\ActionVFX Lens Dirt,S:\_POST_PRODUCTION\_VFX_ELEMENTS\_Action VFX\F-LD1-PNG\ActionVFX Lens Dirt\LensDirt-10.png,,,,,,
Blood Pool ,.png,10,27,18,0,13449703,12.8 MB,S:\_POST_PRODUCTION\_VFX_ELEMENTS\_Action VFX\Free_Blood_Textures_2418_2K\2.5K,S:\_POST_PRODUCTION\_VFX_ELEMENTS\_Action VFX\Free_Blood_Textures_2418_2K\2.5K\Blood Pool 10.png,,,,,,
._Single_Angled,.exr,10,14,5,0,20480,20.0 KB,S:\_POST_PRODUCTION\_VFX_ELEMENTS\_Action VFX\Single_Muzzle_Flashes_OpenEXR_0296\Angled,S:\_POST_PRODUCTION\_VFX_ELEMENTS\_Action VFX\Single_Muzzle_Flashes_OpenEXR_0296\Angled\._Single_Angled_10.exr,,,,,,
Single_Angled,.exr,10,14,5,0,12656950,12.1 MB,S:\_POST_PRODUCTION\_VFX_ELEMENTS\_Action VFX\Single_Muzzle_Flashes_OpenEXR_0296\Angled,S:\_POST_PRODUCTION\_VFX_ELEMENTS\_Action VFX\Single_Muzzle_Flashes_OpenEXR_0296\Angled\Single_Angled_10.exr,,,,,,
._Single_Side,.exr,10,18,9,0,36864,36.0 KB,S:\_POST_PRODUCTION\_VFX_ELEMENTS\_Action VFX\Single_Muzzle_Flashes_OpenEXR_0296\Side,S:\_POST_PRODUCTION\_VFX_ELEMENTS\_Action VFX\Single_Muzzle_Flashes_OpenEXR_0296\Side\._Single_Side_10.exr,,,,,,
Single_Side,.exr,10,18,9,0,8143759,7.8 MB,S:\_POST_PRODUCTION\_VFX_ELEMENTS\_Action VFX\Single_Muzzle_Flashes_OpenEXR_0296\Side,S:\_POST_PRODUCTION\_VFX_ELEMENTS\_Action VFX\Single_Muzzle_Flashes_OpenEXR_0296\Side\Single_Side_10.exr,,,,,,
._Concrete_Hole,.png,1,2,2,0,8192,8.0 KB,S:\_POST_PRODUCTION\_VFX_ELEMENTS\_VideoCoPilot\Action_Essentials_2k\20. Textures\Bullet_Holes,S:\_POST_PRODUCTION\_VFX_ELEMENTS\_VideoCoPilot\Action_Essentials_2k\20. Textures\Bullet_Holes\._Concrete_Hole_01.png,,,,,,
._Flesh_Wound,.png,1,2,2,0,8192,8.0 KB,S:\_POST_PRODUCTION\_VFX_ELEMENTS\_VideoCoPilot\Action_Essentials_2k\20. Textures\Bullet_Holes,S:\_POST_PRODUCTION\_VFX_ELEMENTS\_VideoCoPilot\Action_Essentials_2k\20. Textures\Bullet_Holes\._Flesh_Wound_01.png,,,,,,
._Metal_Hole,.png,1,8,8,0,32768,32.0 KB,S:\_POST_PRODUCTION\_VFX_ELEMENTS\_VideoCoPilot\Action_Essentials_2k\20. Textures\Bullet_Holes,S:\_POST_PRODUCTION\_VFX_ELEMENTS\_VideoCoPilot\Action_Essentials_2k\20. Textures\Bullet_Holes\._Metal_Hole_01.png,,,,,,
._Metal_Hole_Side,.png,1,7,6,1,24576,24.0 KB,S:\_POST_PRODUCTION\_VFX_ELEMENTS\_VideoCoPilot\Action_Essentials_2k\20. Textures\Bullet_Holes,S:\_POST_PRODUCTION\_VFX_ELEMENTS\_VideoCoPilot\Action_Essentials_2k\20. Textures\Bullet_Holes\._Metal_Hole_Side_01.png,,,,,,
._Rough_Hole,.png,1,3,3,0,12288,12.0 KB,S:\_POST_PRODUCTION\_VFX_ELEMENTS\_VideoCoPilot\Action_Essentials_2k\20. Textures\Bullet_Holes,S:\_POST_PRODUCTION\_VFX_ELEMENTS\_VideoCoPilot\Action_Essentials_2k\20. Textures\Bullet_Holes\._Rough_Hole_01.png,,,,,,
Concrete_Hole,.png,1,2,2,0,231831,226.4 KB,S:\_POST_PRODUCTION\_VFX_ELEMENTS\_VideoCoPilot\Action_Essentials_2k\20. Textures\Bullet_Holes,S:\_POST_PRODUCTION\_VFX_ELEMENTS\_VideoCoPilot\Action_Essentials_2k\20. Textures\Bullet_Holes\Concrete_Hole_01.png,,,,,,
Flesh_Wound,.png,1,2,2,0,144612,141.2 KB,S:\_POST_PRODUCTION\_VFX_ELEMENTS\_VideoCoPilot\Action_Essentials_2k\20. Textures\Bullet_Holes,S:\_POST_PRODUCTION\_VFX_ELEMENTS\_VideoCoPilot\Action_Essentials_2k\20. Textures\Bullet_Holes\Flesh_Wound_01.png,,,,,,
Metal_Hole,.png,1,8,8,0,4070653,3.9 MB,S:\_POST_PRODUCTION\_VFX_ELEMENTS\_VideoCoPilot\Action_Essentials_2k\20. Textures\Bullet_Holes,S:\_POST_PRODUCTION\_VFX_ELEMENTS\_VideoCoPilot\Action_Essentials_2k\20. Textures\Bullet_Holes\Metal_Hole_01.png,,,,,,
Metal_Hole_Side,.png,1,7,6,1,2872410,2.7 MB,S:\_POST_PRODUCTION\_VFX_ELEMENTS\_VideoCoPilot\Action_Essentials_2k\20. Textures\Bullet_Holes,S:\_POST_PRODUCTION\_VFX_ELEMENTS\_VideoCoPilot\Action_Essentials_2k\20. Textures\Bullet_Holes\Metal_Hole_Side_01.png,,,,,,
Rough_Hole,.png,1,3,3,0,449556,439.0 KB,S:\_POST_PRODUCTION\_VFX_ELEMENTS\_VideoCoPilot\Action_Essentials_2k\20. Textures\Bullet_Holes,S:\_POST_PRODUCTION\_VFX_ELEMENTS\_VideoCoPilot\Action_Essentials_2k\20. Textures\Bullet_Holes\Rough_Hole_01.png,,,,,,
._Damage,.jpg,1,5,5,0,20480,20.0 KB,S:\_POST_PRODUCTION\_VFX_ELEMENTS\_VideoCoPilot\Action_Essentials_2k\20. Textures\Burn_Marks,S:\_POST_PRODUCTION\_VFX_ELEMENTS\_VideoCoPilot\Action_Essentials_2k\20. Textures\Burn_Marks\._Damage_01.jpg,,,,,,
Damage,.jpg,1,5,5,0,2788075,2.7 MB,S:\_POST_PRODUCTION\_VFX_ELEMENTS\_VideoCoPilot\Action_Essentials_2k\20. Textures\Burn_Marks,S:\_POST_PRODUCTION\_VFX_ELEMENTS\_VideoCoPilot\Action_Essentials_2k\20. Textures\Burn_Marks\Damage_01.jpg,,,,,,
._Ground_Crack,.jpg,1,14,14,0,57344,56.0 KB,S:\_POST_PRODUCTION\_VFX_ELEMENTS\_VideoCoPilot\Action_Essentials_2k\20. Textures\Cracks,S:\_POST_PRODUCTION\_VFX_ELEMENTS\_VideoCoPilot\Action_Essentials_2k\20. Textures\Cracks\._Ground_Crack_01.jpg,,,,,,
Ground_Crack,.jpg,1,14,14,0,1581856,1.5 MB,S:\_POST_PRODUCTION\_VFX_ELEMENTS\_VideoCoPilot\Action_Essentials_2k\20. Textures\Cracks,S:\_POST_PRODUCTION\_VFX_ELEMENTS\_VideoCoPilot\Action_Essentials_2k\20. Textures\Cracks\Ground_Crack_01.jpg,,,,,,
._Big_Hole,.jpg,1,2,2,0,8192,8.0 KB,S:\_POST_PRODUCTION\_VFX_ELEMENTS\_VideoCoPilot\Action_Essentials_2k\20. Textures\Ground_Holes,S:\_POST_PRODUCTION\_VFX_ELEMENTS\_VideoCoPilot\Action_Essentials_2k\20. Textures\Ground_Holes\._Big_Hole_01.jpg,,,,,,
Big_Hole,.jpg,1,2,2,0,151964,148.4 KB,S:\_POST_PRODUCTION\_VFX_ELEMENTS\_VideoCoPilot\Action_Essentials_2k\20. Textures\Ground_Holes,S:\_POST_PRODUCTION\_VFX_ELEMENTS\_VideoCoPilot\Action_Essentials_2k\20. Textures\Ground_Holes\Big_Hole_01.jpg,,,,,,
._Texture,.jpg,1,10,9,1,36864,36.0 KB,S:\_POST_PRODUCTION\_VFX_ELEMENTS\_VideoCoPilot\Action_Essentials_2k\20. Textures\Grunge_Textures,S:\_POST_PRODUCTION\_VFX_ELEMENTS\_VideoCoPilot\Action_Essentials_2k\20. Textures\Grunge_Textures\._Texture_01.jpg,,,,,,
Texture,.jpg,1,10,9,1,13901967,13.3 MB,S:\_POST_PRODUCTION\_VFX_ELEMENTS\_VideoCoPilot\Action_Essentials_2k\20. Textures\Grunge_Textures,S:\_POST_PRODUCTION\_VFX_ELEMENTS\_VideoCoPilot\Action_Essentials_2k\20. Textures\Grunge_Textures\Texture_01.jpg,,,,,,
._Glass_Cracks,.jpg,1,3,3,0,12288,12.0 KB,S:\_POST_PRODUCTION\_VFX_ELEMENTS\_VideoCoPilot\Action_Essentials_2k\20. Textures\Windshields,S:\_POST_PRODUCTION\_VFX_ELEMENTS\_VideoCoPilot\Action_Essentials_2k\20. Textures\Windshields\._Glass_Cracks_01.jpg,,,,,,
._Shatter,.jpg,1,2,2,0,8192,8.0 KB,S:\_POST_PRODUCTION\_VFX_ELEMENTS\_VideoCoPilot\Action_Essentials_2k\20. Textures\Windshields,S:\_POST_PRODUCTION\_VFX_ELEMENTS\_VideoCoPilot\Action_Essentials_2k\20. Textures\Windshields\._Shatter_01.jpg,,,,,,
._Windshield_Holes,.jpg,1,5,5,0,20480,20.0 KB,S:\_POST_PRODUCTION\_VFX_ELEMENTS\_VideoCoPilot\Action_Essentials_2k\20. Textures\Windshields,S:\_POST_PRODUCTION\_VFX_ELEMENTS\_VideoCoPilot\Action_Essentials_2k\20. Textures\Windshields\._Windshield_Holes_01.jpg,,,,,,
._Windshield_Hole,.jpg,1,10,10,0,40960,40.0 KB,S:\_POST_PRODUCTION\_VFX_ELEMENTS\_VideoCoPilot\Action_Essentials_2k\20. Textures\Windshields,S:\_POST_PRODUCTION\_VFX_ELEMENTS\_VideoCoPilot\Action_Essentials_2k\20. Textures\Windshields\._Windshield_Hole_01.jpg,,,,,,
Glass_Cracks,.jpg,1,3,3,0,3195567,3.0 MB,S:\_POST_PRODUCTION\_VFX_ELEMENTS\_VideoCoPilot\Action_Essentials_2k\20. Textures\Windshields,S:\_POST_PRODUCTION\_VFX_ELEMENTS\_VideoCoPilot\Action_Essentials_2k\20. Textures\Windshields\Glass_Cracks_01.jpg,,,,,,
Shatter,.jpg,1,2,2,0,2570435,2.5 MB,S:\_POST_PRODUCTION\_VFX_ELEMENTS\_VideoCoPilot\Action_Essentials_2k\20. Textures\Windshields,S:\_POST_PRODUCTION\_VFX_ELEMENTS\_VideoCoPilot\Action_Essentials_2k\20. Textures\Windshields\Shatter_01.jpg,,,,,,
Windshield_Holes,.jpg,1,5,5,0,2778682,2.6 MB,S:\_POST_PRODUCTION\_VFX_ELEMENTS\_VideoCoPilot\Action_Essentials_2k\20. Textures\Windshields,S:\_POST_PRODUCTION\_VFX_ELEMENTS\_VideoCoPilot\Action_Essentials_2k\20. Textures\Windshields\Windshield_Holes_01.jpg,,,,,,
Windshield_Hole,.jpg,1,10,10,0,4656805,4.4 MB,S:\_POST_PRODUCTION\_VFX_ELEMENTS\_VideoCoPilot\Action_Essentials_2k\20. Textures\Windshields,S:\_POST_PRODUCTION\_VFX_ELEMENTS\_VideoCoPilot\Action_Essentials_2k\20. Textures\Windshields\Windshield_Hole_01.jpg,,,,,,
Slime_Dripping,.png,1,11,11,0,1855875,1.8 MB,S:\_POST_PRODUCTION\_VFX_ELEMENTS\_VideoCoPilot\Video Copilot Slime FX\Slime_Dripping,S:\_POST_PRODUCTION\_VFX_ELEMENTS\_VideoCoPilot\Video Copilot Slime FX\Slime_Dripping\Slime_Dripping_01.png,,,,,,
Slime_Pulls,.png,1,10,10,0,13548104,12.9 MB,S:\_POST_PRODUCTION\_VFX_ELEMENTS\_VideoCoPilot\Video Copilot Slime FX\Slime_Pulls,S:\_POST_PRODUCTION\_VFX_ELEMENTS\_VideoCoPilot\Video Copilot Slime FX\Slime_Pulls\Slime_Pulls_01.png,,,,,,
Sludge_Dripping,.png,1,4,4,0,1799927,1.7 MB,S:\_POST_PRODUCTION\_VFX_ELEMENTS\_VideoCoPilot\Video Copilot Slime FX\Sludge_Dripping,S:\_POST_PRODUCTION\_VFX_ELEMENTS\_VideoCoPilot\Video Copilot Slime FX\Sludge_Dripping\Sludge_Dripping_01.png,,,,,,
Goo_Stills,.png,1,10,10,0,182569830,174.1 MB,S:\_POST_PRODUCTION\_VFX_ELEMENTS\_VideoCoPilot\Video Copilot Slime FX\Still_Slime_FX,S:\_POST_PRODUCTION\_VFX_ELEMENTS\_VideoCoPilot\Video Copilot Slime FX\Still_Slime_FX\Goo_Stills_01.png,,,,,,
._AirRaidSiren,.png,1,2,2,0,161036,157.3 KB,S:\_POST_PRODUCTION\_VFX_ELEMENTS\detonation films\AirRaidSiren,S:\_POST_PRODUCTION\_VFX_ELEMENTS\detonation films\AirRaidSiren\._AirRaidSiren01.png,,,,,,
AirRaidSiren,.png,1,2,2,0,2339375,2.2 MB,S:\_POST_PRODUCTION\_VFX_ELEMENTS\detonation films\AirRaidSiren,S:\_POST_PRODUCTION\_VFX_ELEMENTS\detonation films\AirRaidSiren\AirRaidSiren01.png,,,,,,
._Chapparal_Elements,.png,10,12,3,0,12288,12.0 KB,S:\_POST_PRODUCTION\_VFX_ELEMENTS\detonation films\PKLandscape_Chaparral,S:\_POST_PRODUCTION\_VFX_ELEMENTS\detonation films\PKLandscape_Chaparral\._Chapparal_Elements10.png,,,,,,
Chapparal_Elements,.png,10,12,3,0,3850441,3.7 MB,S:\_POST_PRODUCTION\_VFX_ELEMENTS\detonation films\PKLandscape_Chaparral,S:\_POST_PRODUCTION\_VFX_ELEMENTS\detonation films\PKLandscape_Chaparral\Chapparal_Elements10.png,,,,,,
._Barbwire,.png,1,22,22,0,90112,88.0 KB,S:\_POST_PRODUCTION\_VFX_ELEMENTS\detonation films\PKSecurityFence,S:\_POST_PRODUCTION\_VFX_ELEMENTS\detonation films\PKSecurityFence\._Barbwire01.png,,,,,,
Barbwire,.png,1,22,22,0,40730507,38.8 MB,S:\_POST_PRODUCTION\_VFX_ELEMENTS\detonation films\PKSecurityFence,S:\_POST_PRODUCTION\_VFX_ELEMENTS\detonation films\PKSecurityFence\Barbwire01.png,,,,,,
._Keyed_Scorch,.png,1,12,12,0,49152,48.0 KB,S:\_POST_PRODUCTION\_VFX_ELEMENTS\detonation films\PK_SkorchMarx,S:\_POST_PRODUCTION\_VFX_ELEMENTS\detonation films\PK_SkorchMarx\._Keyed_Scorch01.png,,,,,,
Keyed_Scorch,.png,1,12,12,0,16968177,16.2 MB,S:\_POST_PRODUCTION\_VFX_ELEMENTS\detonation films\PK_SkorchMarx,S:\_POST_PRODUCTION\_VFX_ELEMENTS\detonation films\PK_SkorchMarx\Keyed_Scorch01.png,,,,,,
Brush,.jpg,1,30,30,0,5112697,4.9 MB,S:\_POST_PRODUCTION\_VFX_ELEMENTS\misc VFX Elements\(-RIOT_GEAR-)\Brush_Paint_ Images\High,S:\_POST_PRODUCTION\_VFX_ELEMENTS\misc VFX Elements\(-RIOT_GEAR-)\Brush_Paint_ Images\High\Brush_01.jpg,,,,,,
Brush,.jpg,1,30,30,0,2021936,1.9 MB,S:\_POST_PRODUCTION\_VFX_ELEMENTS\misc VFX Elements\(-RIOT_GEAR-)\Brush_Paint_ Images\Low,S:\_POST_PRODUCTION\_VFX_ELEMENTS\misc VFX Elements\(-RIOT_GEAR-)\Brush_Paint_ Images\Low\Brush_01.jpg,,,,,,
Grunge,.jpg,1,20,20,0,38455613,36.7 MB,S:\_POST_PRODUCTION\_VFX_ELEMENTS\misc VFX Elements\(-RIOT_GEAR-)\Grungy_Textures\High\Color,S:\_POST_PRODUCTION\_VFX_ELEMENTS\misc VFX Elements\(-RIOT_GEAR-)\Grungy_Textures\High\Color\Grunge_01.jpg,,,,,,
Grunge_gray,.jpg,1,20,20,0,33843730,32.3 MB,S:\_POST_PRODUCTION\_VFX_ELEMENTS\misc VFX Elements\(-RIOT_GEAR-)\Grungy_Textures\High\Grayscale,S:\_POST_PRODUCTION\_VFX_ELEMENTS\misc VFX Elements\(-RIOT_GEAR-)\Grungy_Textures\High\Grayscale\Grunge_gray_01.jpg,,,,,,
Grunge,.jpg,1,20,20,0,6237997,5.9 MB,S:\_POST_PRODUCTION\_VFX_ELEMENTS\misc VFX Elements\(-RIOT_GEAR-)\Grungy_Textures\Low\Color,S:\_POST_PRODUCTION\_VFX_ELEMENTS\misc VFX Elements\(-RIOT_GEAR-)\Grungy_Textures\Low\Color\Grunge_01.jpg,,,,,,
Grunge_gray,.jpg,1,20,20,0,5565725,5.3 MB,S:\_POST_PRODUCTION\_VFX_ELEMENTS\misc VFX Elements\(-RIOT_GEAR-)\Grungy_Textures\Low\Grayscale,S:\_POST_PRODUCTION\_VFX_ELEMENTS\misc VFX Elements\(-RIOT_GEAR-)\Grungy_Textures\Low\Grayscale\Grunge_gray_01.jpg,,,,,,
Paper,.jpg,1,10,10,0,10740748,10.2 MB,S:\_POST_PRODUCTION\_VFX_ELEMENTS\misc VFX Elements\(-RIOT_GEAR-)\Paper_Textures\High,S:\_POST_PRODUCTION\_VFX_ELEMENTS\misc VFX Elements\(-RIOT_GEAR-)\Paper_Textures\High\Paper_01.jpg,,,,,,
Paper,.jpg,1,10,10,0,2938511,2.8 MB,S:\_POST_PRODUCTION\_VFX_ELEMENTS\misc VFX Elements\(-RIOT_GEAR-)\Paper_Textures\Low,S:\_POST_PRODUCTION\_VFX_ELEMENTS\misc VFX Elements\(-RIOT_GEAR-)\Paper_Textures\Low\Paper_01.jpg,,,,,,
Drip,.jpg,1,8,8,0,1318152,1.3 MB,S:\_POST_PRODUCTION\_VFX_ELEMENTS\misc VFX Elements\(-RIOT_GEAR-)\Splatter_Images\High\Dripping_Ink,S:\_POST_PRODUCTION\_VFX_ELEMENTS\misc VFX Elements\(-RIOT_GEAR-)\Splatter_Images\High\Dripping_Ink\Drip_01.jpg,,,,,,
Splatter,.jpg,1,22,22,0,2437907,2.3 MB,S:\_POST_PRODUCTION\_VFX_ELEMENTS\misc VFX Elements\(-RIOT_GEAR-)\Splatter_Images\High\Splatter_Ink,S:\_POST_PRODUCTION\_VFX_ELEMENTS\misc VFX Elements\(-RIOT_GEAR-)\Splatter_Images\High\Splatter_Ink\Splatter_01.jpg,,,,,,
Drip,.jpg,1,8,8,0,719632,702.8 KB,S:\_POST_PRODUCTION\_VFX_ELEMENTS\misc VFX Elements\(-RIOT_GEAR-)\Splatter_Images\Low\Dripping_Ink,S:\_POST_PRODUCTION\_VFX_ELEMENTS\misc VFX Elements\(-RIOT_GEAR-)\Splatter_Images\Low\Dripping_Ink\Drip_01.jpg,,,,,,
Splatter,.jpg,1,22,22,0,1466689,1.4 MB,S:\_POST_PRODUCTION\_VFX_ELEMENTS\misc VFX Elements\(-RIOT_GEAR-)\Splatter_Images\Low\Splatter_Ink,S:\_POST_PRODUCTION\_VFX_ELEMENTS\misc VFX Elements\(-RIOT_GEAR-)\Splatter_Images\Low\Splatter_Ink\Splatter_01.jpg,,,,,,
._SPFA,.tga,0,218,219,0,897024,876.0 KB,S:\_POST_PRODUCTION\_VFX_ELEMENTS\misc VFX Elements\Dust_Hits\SMKPUF-A,S:\_POST_PRODUCTION\_VFX_ELEMENTS\misc VFX Elements\Dust_Hits\SMKPUF-A\._SPFA0000.TGA,,,,,,
SPFA,.tga,0,218,219,0,19372202,18.5 MB,S:\_POST_PRODUCTION\_VFX_ELEMENTS\misc VFX Elements\Dust_Hits\SMKPUF-A,S:\_POST_PRODUCTION\_VFX_ELEMENTS\misc VFX Elements\Dust_Hits\SMKPUF-A\SPFA0000.TGA,,,,,,
white_smoke_slow_2x,.cin,1,302,302,0,3850137600,3.6 GB,S:\_POST_PRODUCTION\_VFX_ELEMENTS\misc VFX Elements\white_smoke_by_2x\2048x1556,S:\_POST_PRODUCTION\_VFX_ELEMENTS\misc VFX Elements\white_smoke_by_2x\2048x1556\white_smoke_slow_2x.0001.cin,,,,,,
